Data;Bond_Corporate_Eur_R;Bond_Aggregate_RMB_R;Bond_Aggregate_RMB_RD;Bond_Aggregate_EUR_R;Global_Bond_R;Bond_Flexible_R;Bond_Flexible_RD;Absolute_High_Yield_R;Global_Multi_Credit_R;SLJ_Local_Emerging_Markets_Debt_R;Bond_High_Yield_R;Bond_Emerging_Markets_R;Bond_Inflation_Linked;Bond_Emerging_Markets_RH;Bond_Corporate_EUR_Short_Term;II_Euro_Bond_R;II_Emerging_Bond_Total_Return_R;II_Emerging_Bond_Total_Return_RD;II_Emerging_Bond_Total_Return_Enhanced_R;Euro_Emerging_Markets_Bonds_R;Green_Euro_Credit_R;Active_Allocation_R;Flexible_Multistrategy_R;Conservative_Allocation_R;Conservative_Allocation_RD;II_Q-Flexible_R;Sustainable_Multiasset_R;Italian_Equity_Opportunities_R;Equity_Italy_Smart_Volatility_R;Equity_World_Smart_Volatility_R;Equity_World_Smart_Volatility_RH;Equity_Emerging_Markets_Smart_Volatility_R;Equity_China_Smart_Volatility_R;Equity_Emerging_Markets_New_Frontiers_R;Equity_Small_Mid_Cap_Europe;Top_European_Research_R;Equity_USA_R;Equity_USA_RH;Equity_China_A;Equity_Japan_R;II_Euro_Q-Equity_R;Sustainable_Global_Equity_R
09/09/2021;106.94;117.97;110.93;111.14;109.41;103.74;97.05;97.05;102.83;104.51;245.51;387.67;149.56;369.82;67.54;183.41;133.09;98.72;100.57;100.87;100.2;120.51;99.78;114.23;108.74;163.09;100.62;135.71;114.89;125.71;110;227.95;141.97;139.9;897.03;128.23;204.8;183.19;140.41;120.65;152.33;142.19
10/09/2021;106.89;117.91;110.87;110.97;109.24;103.72;97.03;97.03;102.87;104.6;245.62;386.8;149.61;369.46;67.55;183.06;133.22;98.82;100.62;100.9;100.12;120.34;99.74;114.14;108.66;162.52;100.46;134.66;113.97;125.16;109.63;226.72;140.19;139.39;892.72;128.07;202.79;181.67;140.29;120.82;152.02;141.57
13/09/2021;106.92;117.95;110.91;111.02;109.45;103.78;97.09;97.09;102.92;104.71;245.75;387.82;150.01;369.68;67.57;183.1;133.32;98.89;100.69;100.92;100.14;120.55;99.87;114.32;108.83;162.6;100.67;135.15;114.74;125.46;109.74;226.16;138.6;139.85;893.64;128.49;203.74;182.11;138.5;122.63;152.59;141.79
14/09/2021;106.99;118.1;111.05;111.11;109.44;103.79;97.1;97.1;102.95;104.44;245.97;387.67;149.6;369.87;67.58;183.36;133.28;98.86;100.66;100.87;100.19;120.35;99.79;114.17;108.69;162.33;100.47;135.3;115.27;125.08;109.47;224.88;136.32;139.57;894.37;128.51;202.38;181.07;137.35;121.77;152.78;141.41
15/09/2021;106.92;118.49;111.42;110.89;109.43;103.78;97.09;97.09;102.94;104.36;246.19;387.79;149.37;369.87;67.58;182.82;133.37;98.92;100.69;100.9;100.07;120.49;99.75;114.16;108.68;162.32;100.48;134.04;114.48;125.44;109.73;224.38;134.74;140.18;885.3;127.82;204.12;182.58;135.26;121.65;151.37;142.06
16/09/2021;106.93;118.68;111.6;110.89;109.64;103.8;97.11;97.11;102.99;104.45;246.3;388.82;149.28;369.11;67.58;182.82;133.41;98.96;100.66;100.87;100.07;120.52;99.76;114.22;108.73;162.29;100.59;134.73;115.35;125.72;109.64;224.97;136.58;140.65;891.79;128.51;204.81;182.35;136.52;122;152.04;141.87
17/09/2021;106.87;118.68;111.6;110.79;109.54;103.79;97.1;97.1;102.98;104.1;246.25;389.04;149.26;368.51;67.58;182.58;133.42;98.96;100.68;100.83;99.99;120.44;99.67;114.06;108.58;161.56;100.36;133.81;114.35;124.85;108.76;222.75;134.04;140.93;885.18;127.07;203.57;180.84;136.52;122;150.43;140.67
20/09/2021;106.88;118.68;111.6;110.88;109.56;103.65;96.97;96.97;102.77;103.68;245.8;387.9;149;367.11;67.56;182.84;133.26;98.84;100.48;100.59;100.11;119.6;99.25;113.58;108.12;160.09;99.81;130.86;111.92;123.26;107.23;222.75;133.14;139.74;868.77;124.85;200.41;177.82;136.52;120.96;147.22;138.67
21/09/2021;106.87;118.48;111.41;110.91;109.64;103.68;96.99;96.99;102.75;103.76;245.85;387.85;149.17;367.07;67.56;183.08;133.24;98.83;100.52;100.56;100.1;119.63;99.24;113.58;108.11;160.42;99.81;131.99;113.22;123.54;107.4;221.21;133.14;139.46;877.33;126.45;200.62;178;134.97;119.35;149.07;138.62
22/09/2021;106.89;118.55;111.47;110.99;109.67;103.82;97.13;97.13;102.8;103.94;245.93;387.71;149.42;367.17;67.56;183.21;133.19;98.79;100.38;100.52;100.11;120.05;99.41;113.77;108.3;161.05;100.03;134.03;114.79;124.06;107.94;222.62;134.61;140.17;884.25;127.71;202.58;179.89;135.16;119.35;150.83;139.65
23/09/2021;106.68;118.77;111.68;110.65;109.37;103.82;97.13;97.13;102.81;103.75;245.79;385.42;149.23;365.47;67.54;182.47;133.02;98.66;100.21;100.45;99.86;120.51;99.57;114.06;108.57;161.89;100.31;135.77;116.15;125.09;108.96;223.01;133.66;140.4;892.83;128.9;204.87;182.18;135.02;121.11;152.43;141.07
24/09/2021;106.56;118.99;111.88;110.38;109.19;103.76;97.07;97.07;102.73;103.37;245.51;384.78;148.6;363.74;67.52;181.9;132.94;98.61;100.03;100.17;99.75;120.63;99.59;114.02;108.53;161.59;100.27;134.95;115.51;125.19;108.87;222.91;133.26;140.51;884.07;127.8;206;182.63;135.06;120.72;151.09;140.83
27/09/2021;106.5;119.3;112.17;110.36;109.18;103.73;97.05;97.05;102.6;103.32;245.31;383.84;149.09;362.42;67.5;181.95;132.86;98.55;99.91;99.95;99.72;120.93;99.75;114.02;108.53;161.3;100.35;135.33;115.67;124.7;108.35;223.07;135.71;140.05;879.98;127.45;205.6;182.07;135.97;120.25;150.91;140.19
28/09/2021;106.33;119.8;112.65;110.22;108.87;103.59;96.91;96.91;102.44;102.75;244.69;382.56;149.28;360.36;67.47;181.65;132.77;98.48;99.69;99.63;99.64;120.32;99.48;113.44;107.98;159.83;99.72;132.16;113.15;122.64;106.44;222.24;135.52;140.63;859.04;124.6;201.91;178.33;135.01;118.74;147.7;137.69
29/09/2021;106.38;120.34;113.15;110.27;109.21;103.65;96.97;96.97;102.49;103.17;244.74;385.43;149.18;361.29;67.48;181.83;132.91;98.58;99.9;99.69;99.66;120.45;99.53;113.49;108.02;160.09;99.84;132.85;113.78;123.26;106.63;222.09;135.54;141.26;862.21;125.54;202.98;178.33;136.87;119.18;148.22;137.87
30/09/2021;106.35;120.34;113.15;110.14;109.37;103.62;96.94;96.94;102.48;103.41;244.58;385.71;148.89;360.71;67.48;181.55;132.89;98.57;99.95;99.64;99.65;120.23;99.47;113.16;107.7;159.49;99.58;132.88;113.77;122.4;105.59;221.45;135.54;142.08;862.53;125.55;201.27;176.38;136.87;117.06;147.63;136.67
01/10/2021;106.37;120.34;113.15;110.28;109.54;103.6;96.92;96.92;102.36;103.68;244.28;385.14;149.46;360.38;67.46;181.88;132.79;98.49;99.8;99.44;99.81;120.38;99.39;113.1;107.65;159.89;99.52;133.02;113.48;122.93;106.04;221.45;135.54;142.07;858.81;125.12;203.86;178.81;136.87;116.48;146.69;137.17
04/10/2021;106.32;120.34;113.15;110.21;109.21;103.5;96.83;96.83;102.24;102.99;244.17;383.33;149.66;359.51;67.45;181.74;132.73;98.45;99.74;99.29;99.76;120.06;99.19;112.94;107.5;159.02;99.35;132.03;112.8;121.73;105.11;221.45;132.87;142.07;854.47;124.6;200.78;176.47;136.87;114.38;145.75;135.68
05/10/2021;106.2;120.34;113.15;110.12;109.2;103.47;96.8;96.8;102.17;102.97;243.83;383.41;150.48;358.6;67.43;181.62;132.67;98.41;99.71;99.15;99.67;120.44;99.38;113.06;107.61;159.8;99.59;134;114.68;122.89;105.95;221.45;132.87;142.43;861.21;126.41;203.13;178.1;136.87;114.9;147.94;136.7
06/10/2021;106.05;120.34;113.15;109.97;109.45;103.4;96.73;96.73;102.09;103.32;243.13;384.5;149.73;358.05;67.4;181.46;132.69;98.42;99.74;99.01;99.46;120.35;99.33;112.71;107.27;159.75;99.52;132.06;113.16;123.34;105.95;221.45;132.87;143.08;850.23;125.06;205.13;179.08;136.87;114.58;145.95;136.86
07/10/2021;106.12;120.76;113.55;110.01;109.41;103.49;96.81;96.81;102.16;103.47;243.34;384.54;149.64;358.62;67.41;181.62;132.68;98.41;99.75;99.12;99.5;120.78;99.49;113.14;107.69;160.47;99.89;134.01;114.77;124.34;106.94;221.45;132.87;143.31;861.34;126.91;206.43;180.52;137.92;115.2;148.44;138.12
08/10/2021;105.99;120.81;113.59;109.87;109.12;103.38;96.71;96.71;102.18;103.05;243.25;383.31;149.54;357.85;67.4;181.36;132.58;98.34;99.64;99.02;99.38;120.9;99.52;113.07;107.62;160.18;99.74;134.14;114.88;124.13;106.88;225.74;139.67;143.67;857.38;126.62;205.66;180.05;136.98;115.82;147.87;137.68
11/10/2021;105.77;120.57;113.37;109.66;108.92;103.26;96.6;96.6;102.08;102.88;242.6;382.39;149.49;356.91;67.37;181.06;132.43;98.23;99.51;98.87;99.21;120.79;99.55;112.9;107.46;159.81;99.56;133.59;114.37;124.13;106.88;224.16;138.18;143.81;854.5;126.66;205.66;180.05;135.49;115.05;147.57;137.68
12/10/2021;105.49;120.54;113.34;109.5;109.08;103.22;96.56;96.56;101.98;103.12;242.09;383.63;149.61;357.31;67.33;180.97;132.55;98.32;99.61;98.73;98.97;120.67;99.53;112.77;107.34;159.73;99.43;134.19;114.91;123.5;106.25;224.33;138.14;144.72;856.03;126.41;204.21;178.33;137.48;114.57;147.24;137.33
13/10/2021;105.58;120.49;113.3;109.72;109.17;103.3;96.64;96.64;102;103.22;242.34;383.78;149.87;358.22;67.33;181.55;132.49;98.28;99.54;98.85;99.06;120.64;99.49;112.89;107.44;160.07;99.47;134.77;115.11;123.85;106.72;225.25;138.14;144.66;865.16;127.22;204.15;178.7;136.86;114.94;148.05;137.92
14/10/2021;105.94;120.33;113.15;110.1;109.39;103.57;96.89;96.89;102.08;103.52;243.13;384.87;150.41;359.69;67.38;182.32;132.44;98.23;99.13;99.04;99.37;121.09;99.69;113.41;107.95;161.03;100.02;136.41;116.54;125.51;108.25;227.45;139.57;145.08;875.87;128.92;207.52;181.94;137.71;116.53;150.12;139.91
15/10/2021;105.91;119.99;112.83;110.03;109.23;103.53;96.86;96.86;102.17;103.74;243.35;384.42;150.69;359.74;67.39;182.07;132.34;98.16;99.05;99;99.29;121.47;99.91;113.65;108.18;161.54;100.23;137.36;117.53;126.19;108.97;227.58;140.18;145.24;882.76;130.01;208.84;183.37;136.83;116.11;150.99;140.65
18/10/2021;105.73;120.19;113.02;109.96;108.88;103.46;96.79;96.79;102.07;103.17;243.16;383.95;150.98;359.17;67.35;182.1;132.28;98.11;98.94;98.96;99.14;121.4;99.8;113.55;108.08;161.53;100.04;137.31;117.36;126.47;109.21;228.54;142.01;145.53;877.52;129.49;209.67;184.02;138.58;115.83;150.02;140.69
19/10/2021;105.61;120.2;113.03;109.66;108.55;103.5;96.83;96.83;102.04;103.16;243.14;381.96;150.45;358.65;67.35;181.57;132.29;98.12;99.33;98.93;99.04;121.56;99.8;113.66;108.19;161.93;100.2;137.7;117.49;126.95;109.93;229.38;143.69;144.98;882.58;129.87;210.32;185.26;137.83;115.86;150.48;141.61
20/10/2021;105.7;120.26;113.08;109.75;108.54;103.47;96.8;96.8;102;103.16;243.03;381.47;150.45;358.28;67.36;181.7;132.27;98.11;99.31;98.84;99.16;121.73;99.88;113.78;108.3;162.17;100.49;139.14;118.5;127.46;110.36;228.55;143.41;144.92;883.42;130.13;210.8;185.73;138.16;114.89;150.68;142.31
21/10/2021;105.55;120.44;113.25;109.71;108.36;103.33;96.67;96.67;101.91;102.55;242.77;380.96;151.11;357.75;67.33;181.66;132.06;97.96;99.12;98.83;99.03;121.61;99.76;113.66;108.18;162.29;100.33;139.19;118.44;127.54;110.37;227.95;144.14;144.38;883.56;129.87;211.21;186.05;139.47;115.04;150.1;142.45
22/10/2021;105.51;120.94;113.72;109.76;108.44;103.27;96.61;96.61;101.79;102.21;242.62;381.61;151.74;358.35;67.32;181.79;132.02;97.92;99.05;98.79;99.01;121.47;99.74;113.69;108.21;162.39;100.44;139.42;118.68;127.75;110.53;228.19;144.24;144.66;886.76;130.55;210.6;185.52;140.75;114.66;151.34;142.53
25/10/2021;105.58;121.22;113.98;109.81;108.75;103.31;96.65;96.65;101.77;102.71;242.46;382.95;152.14;358.55;67.32;181.81;132.09;97.97;99.11;98.74;99.08;121.79;99.87;113.73;108.25;162.73;100.5;140.18;119.6;128.29;110.76;229.85;144.01;144.72;888.29;130.59;211.98;186.18;141.14;115.49;151.56;142.85
26/10/2021;105.62;121.11;113.88;109.82;108.95;103.36;96.7;96.7;101.8;102.93;242.68;384.4;152.54;359.31;67.33;181.83;132.13;98.01;99.19;98.79;99.1;121.94;99.98;113.79;108.31;162.82;100.61;141.2;120.22;128.62;110.93;228;140.96;145.71;894.92;131.64;212.98;186.74;139.16;116.14;152.46;143.29
27/10/2021;105.82;120.13;112.96;110.2;109.16;103.45;96.79;96.79;101.75;102.58;242.91;385.63;152.76;360.52;67.33;182.51;132.13;98.01;99.18;98.93;99.28;121.54;99.82;113.58;108.11;162.66;100.29;139.99;119.37;128.08;110.43;225.11;139.32;146.84;891.89;131.23;212;185.91;137.35;114.94;152.61;142.97
28/10/2021;105.64;121.24;114;109.83;108.33;103.26;96.61;96.61;101.65;101.68;242.89;382.72;151.31;360.26;67.31;181.9;131.99;97.9;99.03;98.94;99.09;121.55;99.6;113.69;108.22;163.18;100.36;140.05;119.68;128.16;111.06;226.21;140.29;147.14;896.73;131.62;213.03;188.11;140.07;115.44;153.1;144.15
29/10/2021;105.39;121.18;113.95;109.34;108.81;103.23;96.57;96.57;101.57;102.33;242.49;385.82;148.89;359.95;67.26;181.27;132.09;97.98;99.08;98.81;98.89;121.35;99.48;113.45;107.99;163.21;100.38;139.83;119.56;129.06;111.07;224.68;138.14;148.07;893.98;131.84;215.39;188.53;139.16;117.45;152.94;144.14
01/11/2021;105.39;121.18;113.95;109.34;108.81;103.23;96.57;96.57;101.57;102.33;242.49;385.82;148.89;359.95;67.26;181.27;132.09;97.98;99.08;98.81;98.89;121.35;99.48;113.45;107.99;163.21;100.38;139.83;119.56;129.06;111.07;224.68;138.14;148.07;893.98;131.84;215.39;188.53;139.16;117.45;152.94;144.14
02/11/2021;105.67;121.58;114.32;109.71;108.89;103.26;96.61;96.61;101.55;101.8;242.46;384.45;149.57;358.9;67.3;181.71;131.96;97.88;98.99;98.73;99.15;121.81;99.69;113.82;108.34;164.05;100.76;141.34;121.01;129.96;111.92;225.07;137.83;147.42;901.93;133.19;216.21;189.36;136.69;117.45;155.09;144.79
03/11/2021;105.67;122.11;114.82;109.76;108.79;103.25;96.59;96.59;101.55;101.61;242.48;383.78;149.28;358.41;67.3;181.91;131.94;97.86;98.92;98.76;99.16;122.14;99.8;113.96;108.48;164.6;100.93;141.97;121.71;130.4;112.32;227.24;139.6;146.98;904.07;133.77;217.63;190.66;138.93;118.51;155.86;145.37
04/11/2021;106.05;122.16;114.87;110.19;109.53;103.45;96.78;96.78;101.68;102.47;243.07;386.82;150.42;360;67.36;182.4;132.04;97.94;99.05;98.88;99.53;122.44;100.1;114.2;108.71;165.06;101.21;143.21;122.5;131.38;112.85;226.75;137.49;147.62;909.97;134.44;219.45;191.6;137.99;117.84;156.25;146.58
05/11/2021;106.31;121.85;114.58;110.63;109.88;103.68;97;97;101.72;102.91;243.68;388.47;151.55;361.8;67.4;183.02;132.14;98.01;99.16;99.15;99.75;122.68;100.24;114.26;108.77;165.29;101.35;144.21;123.27;131.1;112.66;226.79;136.22;147.18;907.07;134.3;220.03;192.25;137.76;117.04;156.6;146.46
08/11/2021;106.23;121.91;114.64;110.49;109.77;103.63;96.95;96.95;101.89;102.99;244.02;387.77;152.06;362.22;67.41;182.68;132.14;98.02;99.25;99.32;99.63;122.72;100.29;114.26;108.76;165.19;101.29;144.38;123.07;131.07;112.89;227.78;136.77;147.54;908.9;134.35;219.56;192.4;137.48;116.43;156.47;146.86
09/11/2021;106.4;122.69;115.37;110.86;110.16;103.69;97.01;97.01;101.82;103.5;244.02;388.38;152.35;362.63;67.42;183.42;132.26;98.1;99.39;99.37;99.81;122.49;100.14;114.17;108.67;164.87;101.3;143.01;122.04;130.94;112.73;228.66;138.27;147.42;908.87;134.15;218.58;191.47;136.83;115.55;156.18;146.45
10/11/2021;106.16;123.06;115.71;110.52;110.15;103.49;96.82;96.82;101.93;103.58;243.82;388.44;151.91;360.56;67.38;182.6;132.15;98.02;99.18;99.29;99.6;122.42;100.1;114.06;108.57;164.44;101.33;143.2;122.54;130.74;112.11;229.96;140.56;147.99;908.9;134.36;217.8;189.69;139.89;116.61;156.31;145.57
11/11/2021;106.02;123.65;116.27;110.39;110.4;103.49;96.82;96.82;101.95;104.18;243.55;389.23;151.84;359.78;67.36;182.46;132.1;97.98;99.21;99.11;99.49;122.61;100.3;114.18;108.68;164.73;101.64;143.06;122.84;130.74;112.11;232.24;142.7;148.19;914.69;135.02;217.8;189.69;140.03;118.09;156.8;145.57
12/11/2021;106.07;124.18;116.77;110.43;110.48;103.42;96.75;96.75;101.88;103.83;243.39;389.8;151.8;359.47;67.36;182.54;132.13;98;99.14;98.99;99.5;122.63;100.35;114.36;108.86;165.33;101.91;143.47;123.25;132.73;113.29;232.61;143.12;148.23;919.49;134.97;220.6;190.89;139.77;118.75;157.32;147.01
15/11/2021;105.81;125.09;117.62;110.22;110.57;103.3;96.64;96.64;101.82;104.04;243.22;389.82;151.78;358.71;67.31;182.27;132.07;97.96;99.1;98.9;99.22;122.71;100.43;114.32;108.82;165.57;101.95;143.79;123.63;132.99;113.29;234.97;145.14;148.39;919.01;135.49;220.68;190.56;139.69;119.06;157.96;147
16/11/2021;105.77;125.56;118.06;110.22;110.94;103.29;96.63;96.63;101.83;104.11;243.15;391.51;152.15;358.01;67.31;182.3;132.07;97.96;99.03;98.76;99.2;122.78;100.57;114.41;108.91;165.79;102.19;143.41;123.34;134.03;113.69;235.61;146.14;148.68;919.62;135.78;222.84;191.25;141.13;118.68;158.26;147.61
17/11/2021;105.63;125.17;117.7;110.12;111.24;103.26;96.6;96.6;101.72;104.69;243.06;392.78;152.14;357.78;67.28;182.22;132.08;97.97;98.96;98.65;99.04;122.63;100.5;114.25;108.75;165.66;102.12;142.99;123.42;134.05;113.35;233.3;142.95;148.93;919.91;135.96;223.12;190.78;138.92;118.44;158.66;147.14
18/11/2021;105.78;125.57;118.07;110.34;110.93;103.21;96.56;96.56;101.69;103.68;243.12;391.25;152.01;357.68;67.3;182.72;131.88;97.82;98.76;98.61;99.16;122.47;100.27;114.27;108.77;165.65;101.86;142.11;122.76;133.62;113.29;232.6;142.16;147.8;916.42;135.37;223.19;191.5;140.56;119.68;158.41;147.47
19/11/2021;106.03;126.61;119.06;110.68;111.24;103.23;96.58;96.58;101.65;103.78;243.11;392.58;151.72;357.89;67.33;183.13;131.85;97.8;98.7;98.61;99.37;122.19;100.22;114.15;108.65;165.37;101.86;140.43;121.48;133.81;113.17;233.28;142.91;146.75;913.1;134.9;223.2;190.96;142.74;119.44;157.35;147.64
22/11/2021;105.85;126.37;118.82;110.41;111.42;103.22;96.56;96.56;101.7;103.85;242.82;393.35;150.97;356.27;67.3;182.61;131.73;97.71;98.54;98.49;99.23;122.47;100.34;114.27;108.77;165.31;101.99;140.81;121.99;134.15;112.96;230.43;141.34;146.95;909.83;134.71;223.49;189.99;142.15;119.44;157.56;146.86
23/11/2021;105.49;127.22;119.62;109.81;110.73;103.04;96.4;96.4;101.52;102.69;242.27;389.48;149.63;353.23;67.26;181.59;131.18;97.3;97.91;97.99;98.88;122.32;100.13;114.04;108.55;164.82;101.83;138.7;119.89;133.68;112.77;231.59;142.16;146.95;894.05;133.02;223.32;190.13;142.82;118.07;155.53;146.39
24/11/2021;105.35;127.16;119.57;109.65;111.35;103.02;96.38;96.38;101.47;103.41;241.87;392.52;149.13;353.79;67.24;181.4;131.29;97.38;98.03;97.88;98.8;122.46;100.2;113.91;108.43;165.02;101.88;139.29;120.35;134.22;112.7;231.74;142.71;148.31;895.44;133.19;225.11;190.51;142.48;118.42;155.31;146.22
25/11/2021;105.32;125.9;118.39;109.78;111.36;102.94;96.3;96.3;101.38;103.36;241.7;391.07;150.01;352.88;67.2;181.7;131.14;97.27;97.83;97.84;98.74;122.35;100.17;113.93;108.44;165.16;101.89;139.47;120.38;134.22;112.7;226;138.86;148.43;898.66;133.79;225.11;190.51;139.92;117.21;155.86;146.22
26/11/2021;105.15;126.56;119;110.03;110.94;102.72;96.09;96.09;100.91;101.39;240.3;385.89;149.81;351.4;67.09;182.25;130.95;97.13;97.62;97.45;98.49;120.83;99.27;112.63;107.2;162.88;100.74;134.04;115.44;130.86;110.62;224.42;138.16;145.83;868.78;128.77;217.44;185.89;140.46;115;149.72;142.93
29/11/2021;105.12;126.99;119.41;109.91;111.28;102.85;96.22;96.22;100.9;102.05;240.5;387.51;150.24;351.38;67.1;182.3;130.78;97;97.44;97.32;98.49;121.11;99.4;112.91;107.47;163.65;100.86;135.19;116.31;132.01;111.27;224.13;137.13;146.34;874.29;129.64;221.17;188.37;140.51;114.09;150.43;144.11
30/11/2021;105.27;126;118.48;110.2;111.74;102.9;96.26;96.26;100.86;102.79;240.42;388.35;150.73;351.68;67.12;182.95;130.69;96.93;97.33;97.34;98.58;120.47;99.12;112.51;107.08;162.62;100.28;134.11;115.36;129.82;109.29;224.84;136.53;144.88;866.94;128.57;217.2;184.69;140.5;114.57;149.17;141.33
01/12/2021;105.45;126.01;118.49;110.16;111.2;103.02;96.38;96.38;100.93;102.41;241.03;388.12;150.46;353.97;67.15;182.68;130.89;97.08;97.44;97.58;98.79;120.43;99.14;112.74;107.31;162.49;100.43;136.94;117.76;128.84;108.99;227.7;136.94;145.38;879.12;131.07;212.96;182.29;140.72;114.08;152.49;140.87
02/12/2021;105.63;126.51;118.96;110.39;111.33;103.01;96.37;96.37;101.01;102.47;241.14;389.65;150.7;354.71;67.18;182.98;130.73;96.97;97.45;97.9;98.96;120.85;99.32;112.82;107.39;162.8;100.72;135.27;116.01;129.81;109.68;227.44;136.29;145.35;868.69;129.67;216.43;185.01;141.7;116.02;150.12;142.02
03/12/2021;105.79;126.84;119.26;110.56;111.75;103.04;96.4;96.4;101.05;102.56;241.48;392.01;151.17;355.7;67.2;183.25;130.79;97.01;97.47;98.06;99.08;120.56;99.25;112.85;107.42;162.49;100.91;134.7;115.74;129.57;109.21;224.78;132.37;144.55;862.68;129.06;215.56;183.61;141.29;115.53;149.4;140.79
06/12/2021;105.84;127.29;119.69;110.61;111.72;103.13;96.48;96.48;101.12;102.82;241.66;391.9;151.25;355.26;67.21;183.44;130.87;97.07;97.46;98.15;99.16;121.07;99.48;113.13;107.68;162.95;101.19;137.14;118.01;130.95;110.37;228.2;136.38;143.35;872.93;130.79;218.14;185.7;142.78;118.03;151.05;142.07
07/12/2021;105.93;126.44;118.89;110.61;111.92;103.32;96.66;96.66;101.28;103.48;242.4;394.14;151.64;356.57;67.23;183.48;131.04;97.2;97.85;98.36;99.31;121.89;99.96;113.54;108.07;164.47;101.85;140.59;120.83;133.77;112.56;228.16;136.12;145.4;893.39;133.98;223.54;190.01;144.35;117.52;155.35;145.16
08/12/2021;105.73;127.07;119.49;110.13;111.09;103.27;96.62;96.62;101.25;103.02;242.49;391.17;150.78;356.56;67.21;182.57;131.13;97.26;97.98;98.3;99.14;121.87;99.81;113.38;107.91;164.28;101.54;138.79;119.12;133.35;112.92;230.23;138.78;144.95;888.6;133.31;222.53;190.56;145.77;117.76;153.79;145.34
09/12/2021;105.88;126.49;118.94;110.38;111.63;103.25;96.59;96.59;101.28;103.41;242.5;393.19;151.16;356.91;67.22;182.92;131.07;97.22;97.91;98.32;99.26;121.69;99.76;113.36;107.9;164.14;101.58;139.02;119.2;133.24;112.43;228.24;136.96;145.44;888.24;133.47;221.67;189.01;145.1;116.78;153.43;144.29
10/12/2021;105.83;126.92;119.34;110.38;111.41;103.24;96.59;96.59;101.24;103.16;242.44;392.19;151.26;356.55;67.21;183;131.09;97.23;97.85;98.28;99.18;121.85;99.71;113.35;107.89;164.44;101.58;138.47;118.88;133.59;112.85;227.89;137.06;144.72;883.78;133.17;223.12;190.59;146.58;117.19;153.1;144.62
13/12/2021;105.95;127.11;119.52;110.62;111.76;103.23;96.58;96.58;101.22;103.23;242.51;394.01;151.92;357.33;67.21;183.46;131.01;97.17;97.72;98.34;99.31;121.46;99.61;113.28;107.82;163.93;101.55;137.36;118.11;133.27;112.38;226.42;135.28;144.52;878.72;132.74;221.45;188.64;145.92;117.22;152.57;143.59
14/12/2021;105.88;127.4;119.8;110.57;111.67;103.2;96.55;96.55;101.25;102.93;242.41;393.5;151.58;356.78;67.2;183.35;130.97;97.15;97.67;98.3;99.26;121.29;99.6;113.26;107.8;163.41;101.43;137.34;117.85;132.21;111.47;225.78;134.01;144.37;869.34;131.65;219.88;187.23;145.01;117.76;151.29;142.15
15/12/2021;105.83;126.7;119.14;110.51;111.64;103.23;96.58;96.58;101.22;102.76;242.36;393.1;151.44;355.72;67.19;183.3;130.98;97.15;97.61;98.25;99.24;121.6;99.63;113.42;107.95;164.26;101.74;137.65;118.21;133.75;112.65;225.35;133.43;144.55;870.09;132.16;224.36;190.77;145.05;118.74;151.93;143.77
16/12/2021;105.81;126.93;119.35;110.26;111.29;103.21;96.56;96.56;101.09;102.55;242.4;391.43;151.55;355.91;67.19;182.77;130.87;97.07;97.48;98.19;99.21;121.35;99.53;113.5;108.03;163.92;101.79;138.12;118.95;133.13;112.48;225.54;131.55;144.24;877.9;133.64;221.05;188.84;142.97;117.55;153.26;143.11
17/12/2021;105.93;126.75;119.19;110.46;111.68;103.19;96.54;96.54;101.08;103.14;242.34;392.43;151.91;355.7;67.21;183.3;130.68;96.93;96.96;98.2;99.31;121.16;99.42;113.32;107.86;163.33;101.49;137.27;117.98;131.89;111.18;221.37;128.76;143.99;875.27;132.62;219.26;186.7;140.43;115.39;151.79;141.98
20/12/2021;105.88;127.18;119.59;110.33;111.43;103.09;96.45;96.45;101.04;102.67;242.05;390.5;151.77;354.34;67.2;182.96;130.36;96.69;96.54;98.05;99.24;120.61;99.13;112.96;107.52;162.66;100.81;135.35;116.18;130.38;110.05;223.18;129.97;143.51;865.08;130.72;216.47;184.52;141.96;116.54;150.08;140.11
21/12/2021;105.65;126.45;118.9;109.84;111.45;103.21;96.56;96.56;101.13;103.29;242.16;391.92;151.51;354.78;67.18;182.17;130.95;97.13;97.33;98.02;99.11;121.43;99.45;113.3;107.84;163.72;101.32;137.58;118.13;132.29;111.48;223.65;130.69;144.41;876.31;132.73;220.95;187.89;141.52;115.59;152.29;142.48
22/12/2021;105.59;126.72;119.16;109.73;111.04;103.3;96.64;96.64;101.07;102.88;242.27;389.76;152.18;354.72;67.17;181.98;130.95;97.13;97.34;97.93;99.06;121.61;99.4;113.4;107.94;164.29;101.39;138.89;118.96;132.84;112.39;225.43;131.28;143.95;885.79;133.95;222.09;189.86;142.65;116.54;153.56;143.78
23/12/2021;105.45;126.72;119.16;109.38;111.12;103.35;96.69;96.69;101.09;103.52;242.37;390.39;151.59;354.83;67.16;181.46;131.18;97.3;97.89;97.96;98.97;121.8;99.53;113.56;108.09;164.78;101.72;139.32;119.63;133.7;112.96;225.43;131.28;143.88;894.94;135.05;223.65;190.94;142.65;116.54;154.98;144.78
24/12/2021;105.45;126.72;119.16;109.38;111.12;103.35;96.69;96.69;101.09;103.52;242.37;390.39;151.59;354.83;67.16;181.46;131.18;97.3;97.89;97.96;98.97;121.8;99.53;113.56;108.09;164.78;101.72;139.32;119.63;133.7;112.96;225.43;131.28;143.88;894.94;135.05;223.65;190.94;142.65;116.54;154.98;144.78
27/12/2021;105.35;127.03;119.45;109.27;111.15;103.39;96.72;96.72;101.06;103.72;242.43;390.46;151.13;355.21;67.13;181.29;131.25;97.36;97.99;97.96;98.89;122.08;99.53;113.71;108.24;165.56;101.97;140.51;120.51;134.93;114.09;227.08;131.18;145.02;899.85;135.6;226.47;193.5;142.8;117.23;155.75;146.26
28/12/2021;105.33;126.51;118.96;109.28;111.37;103.35;96.69;96.69;101.1;103.89;242.5;391.16;151.18;355.13;67.13;181.38;131.27;97.37;97.96;97.94;98.87;122.17;99.63;113.82;108.34;165.78;102.15;141.56;121.41;135.45;114.33;225.41;128.94;145.44;905.23;136.51;226.47;193.11;140.05;116.25;156.71;146.25
29/12/2021;105.21;126.71;119.15;108.95;110.74;103.35;96.68;96.68;101.15;103;242.56;389.45;150.52;355.25;67.13;180.77;131.2;97.32;97.9;97.94;98.77;122.12;99.55;113.9;108.42;165.85;102.12;141.16;121.07;135.23;114.56;225.7;128.9;144.64;908.91;136.39;225.64;193.32;141.03;115.54;156.22;146.54
30/12/2021;105.18;126.41;118.86;108.91;110.97;103.36;96.69;96.69;101.17;103.3;242.64;391.04;150.72;356;67.13;180.62;131.24;97.35;97.88;97.96;98.74;122.04;99.58;113.85;108.37;165.73;102.05;141.12;121.09;135.01;114.2;225.7;131.87;144.49;910.21;136.55;225.26;192.61;141.3;115.54;156.55;146.16
31/12/2021;105.15;126.41;118.86;108.87;110.76;103.31;96.65;96.65;101.13;102.9;242.59;389.42;150.66;355.79;67.12;180.54;131.17;97.29;97.79;97.9;98.7;121.96;99.58;113.78;108.3;165.36;101.92;141.12;121.09;134.52;114.08;228.87;131.93;145.1;908.5;136.27;223.83;192.08;141.3;115.54;156.2;145.88
03/01/2022;104.95;127.19;119.59;108.69;110.96;103.3;96.64;96.64;101.32;103.39;242.57;391.04;150.29;354.76;67.1;180.2;131.33;97.41;98.04;97.99;98.57;122.64;99.75;113.96;108.47;166.09;102.02;142.27;122.48;135.18;114.07;229.24;131.31;145.9;914.52;136.84;226.6;193.08;140.64;117.03;157.37;146.02
04/01/2022;105.02;126.93;119.35;108.73;110.67;103.24;96.58;96.58;101.34;103.06;242.87;390.47;150.88;354.83;67.1;180.16;131.17;97.29;97.99;97.95;98.61;122.85;99.96;114.17;108.67;166.45;102.27;143.52;123.51;135.37;114.35;226.74;128.02;147.27;920.2;138.18;225.67;192.58;138.77;118.24;158.61;146.2
05/01/2022;105.05;127.12;119.53;108.7;110.47;103.17;96.52;96.52;101.38;102.98;242.97;388.03;150.55;353.37;67.12;179.95;131.02;97.18;97.84;97.9;98.65;122.25;99.83;114.03;108.54;165.17;101.98;143.99;124.14;133.33;112.85;226.11;128.55;143.74;921.95;138.23;220.2;188.37;137.69;116.88;159.4;143.86
06/01/2022;104.86;126.68;119.12;108.48;110.36;103.09;96.45;96.45;101.28;102.94;242.58;387.08;149.44;351.27;67.07;179.73;130.79;97.01;97.61;97.55;98.55;122.26;99.79;113.82;108.33;164.48;101.72;141.78;122.1;132.96;112.26;225.83;130.07;144.39;908.2;136.62;220.71;188.12;137.76;116.71;157.39;143.2
07/01/2022;104.77;126.97;119.39;108.36;109.96;102.97;96.33;96.33;101.27;102.66;242.4;384.47;149.32;350.45;67.06;179.49;130.81;97.03;97.61;97.49;98.49;122.29;99.79;113.66;108.19;164.23;101.4;141.37;121.77;131.75;111.65;228.22;132.21;144.39;904.79;136.35;218.47;187.08;138.24;116.71;157.13;142.44
10/01/2022;104.65;126.79;119.22;108.32;110.14;102.93;96.29;96.29;101.17;102.75;242.01;383.83;149.49;349;67.03;179.57;130.69;96.94;97.45;97.23;98.37;122.28;99.74;113.44;107.97;163.22;101.39;138.9;120.47;131.23;110.98;228.76;131.72;143.71;885.26;134.15;218.81;186.89;136.71;117.13;154.7;142.37
11/01/2022;104.56;126.01;118.49;108.17;110.11;102.94;96.31;96.31;101.07;103;241.95;383.46;149.34;349.29;67.02;179.36;130.73;96.97;97.44;97.17;98.27;122.64;99.84;113.56;108.09;164.46;101.62;140.01;121.21;131.87;111.69;231.08;134.72;143.52;894.19;135.14;220.7;188.84;137.35;118.61;156.17;143.47
12/01/2022;104.67;125.73;118.22;108.4;109.83;102.96;96.33;96.33;101.03;102.82;242.09;380.6;149.83;349.06;67.04;179.78;130.65;96.91;97.38;97.17;98.34;122.77;100;113.66;108.18;165.15;101.68;141.16;122.25;131.61;111.96;230.98;133.57;143.84;899.88;136.23;219.62;189.2;134.51;118.46;157.13;143.91
13/01/2022;104.72;126.35;118.81;108.57;109.68;102.97;96.34;96.34;100.91;102.46;242.12;378.75;149.84;348.56;67.05;180.24;130.49;96.79;97.21;97.06;98.38;122.2;99.79;113.59;108.12;164.03;101.52;141.48;122.55;130.03;110.85;230.66;132.69;142.95;899.45;136.11;215.07;185.95;133.78;117.45;157.32;142.32
14/01/2022;104.47;126.67;119.11;108.33;109.64;102.85;96.22;96.22;100.89;102.54;241.74;376.96;149.67;346.12;67.02;179.82;130.27;96.62;96.94;96.71;98.11;122.29;99.82;113.53;108.06;163.57;101.25;140.27;121.33;129.79;110.44;230.48;132.24;143.22;886.62;134.62;216.13;186.4;135.19;117.69;155.97;141.83
17/01/2022;104.33;127.39;119.79;108.16;109.67;102.8;96.17;96.17;100.81;102.76;241.55;376.57;149.48;344.86;67;179.61;129.99;96.42;96.77;96.36;97.98;122.32;99.85;113.61;108.13;163.88;101.39;141.12;121.88;129.79;110.44;229.65;132.7;142.03;891.36;135.54;216.13;186.4;137;117.82;156.82;141.83
18/01/2022;104.2;127.63;120.02;108.08;109.87;102.67;96.05;96.05;100.81;102.8;240.91;376.19;149.48;342.71;66.97;179.46;130.07;96.48;96.57;96.16;97.86;121.73;99.65;113.31;107.85;161.99;100.8;139.63;120.83;128.97;109.11;227.72;132.3;141.42;879.07;134.16;213.56;182.7;136.51;114.76;155.41;139.64
19/01/2022;104.16;127.87;120.24;107.99;109.95;102.67;96.05;96.05;100.8;103.2;240.87;377.64;149.23;344.09;66.97;179.35;130.26;96.62;96.71;96.09;97.85;121.27;99.42;113.13;107.68;161.24;100.4;139.28;120.54;128.1;108.35;230.41;135.98;141.42;880.6;134.27;211.58;181.04;138.04;116.24;155.56;138.66
20/01/2022;104.24;128.1;120.45;108.13;110.2;102.65;96.04;96.04;100.83;103.8;240.9;379.12;149.3;345.5;66.98;179.65;130.28;96.63;96.9;96.19;97.91;121.1;99.44;113.02;107.58;160.64;100.28;140.29;121.43;127.52;107.79;229.67;136.07;141.7;884.73;135.04;209.53;179.32;137.1;116.18;156.16;137.75
21/01/2022;104.33;128.92;121.23;108.22;110.23;102.59;95.98;95.98;100.74;103.62;240.58;380.27;149.15;346.53;66.99;179.96;130.15;96.54;96.82;96.28;98.01;120.14;98.99;112.44;107.02;158.38;99.74;137.69;119.24;125.47;106.09;227.43;134.09;141.11;865.84;132.76;205.47;175.81;137.73;116.79;153.45;135.43
24/01/2022;104.32;129.53;121.8;108.27;110.33;102.43;95.83;95.83;100.49;103.21;239.72;378.87;149.22;344.14;66.97;180.15;129.95;96.39;96.61;96.06;98.01;119.76;98.66;111.88;106.49;156.47;99.33;132.16;114.85;125.05;105.55;224.93;131.85;138.51;829.02;127.55;206.54;176.13;134.88;115.39;147.45;134.96
25/01/2022;104.14;129.38;121.66;108.14;110.5;102.33;95.74;95.74;100.48;103.55;239.34;380.19;149.4;344.27;66.95;179.77;129.94;96.38;96.58;95.98;97.84;119.55;98.68;111.75;106.37;155.94;99.18;132.18;115.01;124.2;104.53;225.09;131.59;140.34;830.34;128.38;204.1;173.49;136.19;114.75;148.37;133.74
26/01/2022;104.2;129.97;121.61;108.08;110.36;102.35;95.42;95.42;100.69;103.6;239.81;379.76;149.35;344.14;66.97;179.47;130.02;95.94;96.75;96.1;97.89;119.66;98.8;111.91;106.36;156.66;99.17;135.46;117.48;124.13;104.56;224.52;129.27;140.64;847.51;130.65;203.96;173.5;133.72;112.52;151.18;133.89
27/01/2022;104;129.77;121.43;108.06;111.09;102.26;95.32;95.32;100.7;104.66;239.16;385.84;149.51;345.57;66.92;179.89;130.25;96.11;97.09;96.17;97.75;119.65;98.76;111.76;106.23;156.46;99.09;136.62;118.61;124.53;103.99;224.23;127.3;141.24;851.45;131.64;205.17;172.4;131.69;114.73;151.93;132.83
28/01/2022;103.75;129.77;121.43;107.94;110.91;102.09;95.17;95.17;100.53;103.97;238.28;385.26;149.92;345.55;66.86;179.77;130.37;96.2;97.13;96.07;97.49;120.22;98.78;111.92;106.38;157.77;99.11;134.98;117.44;126.18;105.55;225.39;128.77;141.2;843.44;130.32;209.77;176.61;131.69;115.08;150.79;134.7
31/01/2022;103.44;129.77;121.43;107.67;110.63;102.12;95.2;95.2;100.41;104.37;237.62;383.96;150.38;345.72;66.81;179.6;130.45;96.26;97.2;95.97;97.25;121.09;99.08;112.54;106.96;159.73;99.43;136.12;118.33;127.86;107.29;225.39;128.77;141.65;852.18;131;213.18;180.24;131.69;114.69;151.9;136.79
01/02/2022;103.38;129.77;121.43;107.44;110.44;102.26;95.33;95.33;100.45;104.45;237.85;382.75;149.93;345.78;66.81;179.17;130.44;96.25;97.12;95.94;97.17;121.37;99.15;112.75;107.16;160.73;99.73;138.35;119.8;128.5;108.02;225.39;128.77;142.42;861.97;132.75;214.12;181.65;131.69;116.13;153.66;137.56
02/02/2022;103.4;129.77;121.43;107.42;110.19;102.28;95.34;95.34;100.52;104.06;238.26;382.63;149.74;347.13;66.82;179.32;130.5;96.29;97.17;96.02;97.21;121.54;99.26;113.01;107.42;161.58;100.05;138.97;120.35;129.06;108.83;222.95;128.77;142.21;868.52;133.53;215.08;183.23;131.69;113.84;154.15;138.67
03/02/2022;102.75;129.77;121.43;106.72;109.12;102.14;95.22;95.22;100.42;103.12;237.08;377.61;147.99;346.23;66.68;178.04;130.37;96.2;96.96;95.64;96.63;120.62;98.85;112.24;106.68;159.2;99.16;137.05;119;125.39;106.72;224;129.45;140.74;852.12;131.15;207.43;178.59;131.69;114.1;151.98;136.14
04/02/2022;101.83;126.43;118.3;106.01;108.41;101.77;94.87;94.87;100.01;102.3;234.58;374.7;147.25;344.34;66.45;177.11;130.23;96.1;96.77;95.01;95.76;120.73;98.92;111.76;106.23;159.1;98.78;134.79;116.95;125.41;107.07;223.91;129.67;140.51;839.31;129.43;208.37;179.79;131.2;114.23;150.01;135.91
07/02/2022;101.31;126.53;118.39;105.5;108.32;101.56;94.68;94.68;99.6;102.48;232.81;373.63;146.53;343.43;66.31;176.45;130.1;96;96.65;94.41;95.25;120.39;98.86;111.39;105.88;158.95;98.79;133.5;115.57;125.37;106.99;223.4;128.21;140.92;842.28;130.55;207.58;179.15;130.96;114.28;150.84;135.8
08/02/2022;101.29;126.57;118.43;105.17;108.2;101.67;94.78;94.78;99.66;102.71;233.27;373.28;146.25;342.35;66.33;175.8;130.03;95.95;96.58;93.96;95.23;120.87;99.03;111.72;106.19;159.72;99.17;133.54;115.76;126.36;107.67;226.86;131.25;141.37;840.74;130.57;210.1;180.91;132.27;114.85;151.21;136.83
09/02/2022;101.7;126.11;118;105.48;108.43;101.83;94.93;94.93;99.79;103.05;234.2;374.31;146.86;343.54;66.43;176.44;130.16;96.04;96.73;94.15;95.57;121.67;99.26;112.31;106.75;161.7;99.83;137.25;118.71;128.1;109.16;228.3;132.36;142.22;859.74;132.68;213.16;183.66;131.88;114.39;153.83;139.02
10/02/2022;101.38;126.59;118.45;105.09;107.95;101.59;94.7;94.7;99.94;103.12;233.85;371.46;146.17;342.03;66.38;175.48;129.77;95.76;96.48;93.99;95.21;121.46;99.21;112.06;106.52;160.5;99.17;137.53;119.16;126.01;107.7;228.69;132.38;141.63;858.6;132.8;208.68;180.41;131.24;114.39;153.89;136.92
11/02/2022;101.17;127.68;119.47;104.8;108.2;101.27;94.4;94.4;99.72;103.37;233.19;373.64;145.93;342.13;66.33;175.12;129.77;95.75;96.5;93.55;94.99;120.77;99.09;111.48;105.96;158.74;98.74;137;118.33;125.05;106.41;227.28;131.06;141.41;851.27;131.75;205.52;176.69;130.39;115.01;152.71;134.75
14/02/2022;100.95;127.36;119.17;104.71;108.64;101.06;94.21;94.21;99.52;103.84;232.01;373.71;146.28;339.33;66.26;175.15;129.45;95.52;96.22;93.14;94.75;120.35;98.99;111.1;105.6;157.21;98.41;134.16;115.97;124.89;105.54;226.73;130.16;140.59;835.6;129.37;206.56;176.04;131.25;113.53;149.31;133.69
15/02/2022;100.94;127.5;119.3;104.57;108.27;101.19;94.33;94.33;99.64;104.05;232.39;372.8;145.95;339.94;66.28;174.81;129.54;95.59;96.33;93.1;94.75;121.08;99.13;111.72;106.19;159.15;98.84;137.08;118.22;126.07;106.92;229.44;132.32;141.54;847.28;131.08;209.37;179.2;132.02;115.53;151.92;135.77
16/02/2022;101.07;127.44;119.25;104.78;108.53;101.28;94.42;94.42;99.72;104.29;232.87;373.86;146.48;341.14;66.3;175.26;129.73;95.73;96.53;93.16;94.82;121.19;99.25;111.69;106.16;159.2;99.1;137.09;118.22;126.1;106.93;230.37;132.83;141.45;849.13;131.13;209.77;179.67;132.48;114.99;151.69;136.09
17/02/2022;101.25;128.03;119.8;105.07;108.67;101.24;94.38;94.38;99.68;104.22;232.89;372.92;146.96;340.39;66.34;175.78;129.66;95.67;96.43;93.03;94.99;120.41;98.99;111.26;105.76;157.51;98.5;135.74;117.17;124.06;105.17;228.43;131.17;141.46;844.39;130.57;204.58;175.27;133.6;114.57;151.05;133.52
18/02/2022;101.34;127.76;119.54;105.16;109.01;101.2;94.34;94.34;99.63;104.54;232.74;373.58;147.18;340.17;66.35;175.99;129.68;95.69;96.46;92.94;95.05;120.11;98.95;111.04;105.54;156.7;98.34;134.91;116.6;123.39;104.41;227.19;129.41;140.87;837.9;129.75;203.28;173.72;133.01;114.41;150.1;132.45
21/02/2022;101.09;127.57;119.37;104.9;108.97;101.09;94.24;94.24;99.49;104.5;232.26;372.66;147.03;339.16;66.27;175.54;129.47;95.54;96.22;92.69;94.78;119.95;98.82;110.68;105.2;155.79;98.11;132.28;114.48;123.39;104.41;223.35;127.05;139.84;823.33;128.25;203.28;173.72;131.29;112.87;147.04;132.45
22/02/2022;100.68;128.09;119.85;104.67;108.8;100.9;94.06;94.06;99.32;104.3;231.47;371.76;147.22;338.29;66.2;175.43;129.18;95.32;95.91;92.26;94.3;119.45;98.59;110.46;104.99;154.85;97.56;132.15;114.57;122.11;103.23;223.92;127.54;139.01;823.79;128.22;201.71;172.26;132.86;112.87;146.64;130.92
23/02/2022;100.73;130.72;122.32;104.8;108.82;100.67;93.85;93.85;99.25;104.16;231.69;367.85;148.05;334.4;66.19;175.72;128.73;94.99;95.5;91.59;94.33;118.9;98.36;110.19;104.74;153.52;97.07;131.46;114.05;120.67;101.91;221.03;125.76;139.08;820;128.04;198.03;168.95;132.29;112.87;146.19;129.17
24/02/2022;100.4;129.36;121.04;104.94;109.92;100.38;93.57;93.57;98.7;103.7;229.55;366.36;150.39;326.63;66.07;176.62;126.71;93.5;93.85;89.17;93.82;118.22;98.2;109.47;104.05;152.21;96.66;126.76;109.8;122.81;102.23;217.22;124.61;135.5;790.56;123.6;205.05;171.72;132.2;112.13;139.93;129.45
25/02/2022;100.39;129.62;121.29;104.53;109.02;100.69;93.86;93.86;98.75;103.7;230.56;366.38;149.25;330.69;66.12;176.07;126.44;93.3;93.43;90.15;93.81;119.02;98.51;110.52;105.05;155.37;97.51;131;113.51;124.3;104.45;217.5;124.98;135.2;816.12;127.88;206.82;175.21;132.88;113.22;144.82;132.3
28/02/2022;100.69;130.64;122.24;105.11;109.55;100.41;93.6;93.6;98.6;101.35;229.19;362.11;150.72;326.28;66.16;176.98;124.77;92.07;93.11;88.31;94.1;118.39;98.19;110.23;104.77;154.48;97.2;129.61;112.03;124.54;104.46;220.71;126.93;133.86;819.54;127.49;206.51;174.77;134.86;114.96;142.82;131.86
01/03/2022;101.75;130.62;122.22;106.93;111.09;100.6;93.78;93.78;98.84;102.2;229.27;363.7;155.33;324.83;66.33;180.14;121.58;89.71;90.72;87.59;95.1;117.57;98.15;109.59;104.17;152.12;96.98;124.67;107.85;123.75;103;218.17;126.93;134.07;800.76;124.77;204.6;171.67;134.85;114.94;137.6;129.64
02/03/2022;101.21;131.41;122.96;106.14;110.95;100.4;93.59;93.59;98.6;102.13;228.9;362.57;154.91;321.36;66.21;178.79;120.88;89.19;89.97;87.33;94.47;117.79;98.14;109.84;104.4;153.12;97.51;125.6;108.55;125.87;104.27;217;125.87;133.07;804.77;126.2;209.73;174.87;134.3;112.69;138.83;131.21
03/03/2022;101.24;131.2;122.76;106.11;111.05;100.34;93.54;93.54;98.55;102.92;228.67;363.64;154.97;322.13;66.22;178.67;120.76;89.11;90.11;87.07;94.52;117.21;98.05;109.58;104.15;152.18;97.36;122.07;105.97;125.6;103.94;217.18;124.84;134.2;785.87;123.76;208.28;173.53;133.89;114.01;136.05;130.36
04/03/2022;101.51;132.95;124.4;106.91;112.57;100.17;93.38;93.38;98.5;103.35;227.64;364.15;157.36;317.88;66.22;179.66;120.33;88.79;89.64;86.71;94.85;116.46;97.79;108.88;103.49;149.65;97.1;114.94;99.91;125.83;102.85;215.41;122.91;133.78;755.27;119.76;209.05;171.84;133.37;114.56;129.38;128.54
07/03/2022;100.68;133.55;124.97;106.62;112.37;99.56;92.81;92.81;98.05;102.54;225.44;361.43;159.39;313.92;65.98;179.5;119.62;88.27;89.07;86.28;94.02;114.89;97.18;107.75;102.42;147.04;95.78;113.15;98.62;123.35;100.46;209.79;118.64;132.1;741.27;118.28;203.2;166.07;129.4;111.24;127.32;124.8
08/03/2022;100.09;133.62;125.02;105.84;111.58;99.42;92.68;92.68;97.8;101.98;224.92;360.54;159.35;313.12;65.89;178.58;119.04;87.85;88.67;85.76;93.51;114.8;97.09;107.42;102.11;146.32;95.42;114.11;99.55;121.74;99.2;207.81;116;131.79;733.24;117.63;201.66;164.81;126.64;109.34;126.74;123.79
09/03/2022;99.92;131.42;122.97;105.04;110.18;99.87;93.1;93.1;97.82;102.23;225.8;358.06;155.88;316.23;65.92;177.44;119.47;88.17;88.94;86.04;93.34;115.71;97.38;108.41;103.04;150.16;95.96;121.46;105.8;123;101.62;206.25;114.1;132.57;769.04;123.31;204.47;169.83;123.92;107.64;135.72;127.35
10/03/2022;99.66;131.58;123.12;104.42;109.99;99.62;92.86;92.86;97.88;102.06;225.85;359.56;153.35;316.71;65.84;176.18;119.41;88.12;89.04;86.15;92.99;115.7;97.16;107.93;102.59;149.22;95.65;117.08;101.79;122.65;101.1;208.69;114.54;132.39;758.76;121.14;204.5;169.45;126.09;111.89;132.2;126.71
11/03/2022;99.73;132.18;123.68;104.65;110.41;99.41;92.67;92.67;98.02;102.31;225.91;362.08;154.65;317.42;65.84;176.83;119.64;88.29;89.44;86.27;93.11;115.15;97.07;107.74;102.41;148.53;95.37;118.51;102.81;121.94;100.08;206.39;111.32;133.05;767.95;122.12;203.15;167.42;126.17;109.89;133.38;125.69
14/03/2022;99.28;131.43;122.97;103.88;109.48;99.39;92.66;92.66;97.94;101.96;225.29;360.06;153.84;315.88;65.77;175.58;119.66;88.3;89.51;86.26;92.78;114.81;96.98;107.54;102.21;148.9;95.06;120.84;104.59;121.26;99.75;201.02;103.27;132.27;779.67;123.59;201.51;166.22;120.95;109.43;135.98;125.48
15/03/2022;99.39;130.86;122.44;104.01;109.37;99.56;92.81;92.81;97.84;101.65;224.51;360.44;153.14;316.06;65.78;175.77;119.72;88.34;89.38;86.29;92.86;115.12;97.21;107.9;102.56;150.13;95.67;120.58;104.65;122.92;101.15;196.29;97.23;131.76;773.9;123.28;206.12;170.07;115.43;110.67;136.04;127.42
16/03/2022;99.35;131.34;122.89;103.73;109.38;100.35;93.54;93.54;97.95;102.5;225.61;364.65;152.26;320.28;65.82;175.54;120.37;88.83;90.14;87.08;92.78;116.46;98.06;108.88;103.49;152.89;96.98;124.62;107.63;125.36;103.28;204.58;109.66;132.76;800.07;127.02;210.63;174.12;120.43;111.81;141.12;130.5
17/03/2022;99.55;130.04;121.67;103.87;108.84;100.42;93.61;93.61;98.04;102.26;226.93;362.53;152.48;321.96;65.88;175.63;120.83;89.16;90.2;87.59;92.88;117.01;98.03;109.16;103.76;153.83;97.19;124.45;107.23;126;104.62;209.72;115.28;132.17;804.33;127.93;210.97;176.14;122.35;113.13;141.12;131.82
18/03/2022;99.65;130.43;122.03;104.01;109.41;100.42;93.62;93.62;98.08;102.51;227.44;365.19;152.95;322.51;65.9;175.79;121;89.29;90.47;87.67;92.99;117.54;98.36;109.52;104.1;154.96;97.8;124.97;107.49;127.96;105.75;211.09;115.59;133.29;812.9;129.09;214.83;178.39;123.85;113.57;141.79;133.27
21/03/2022;99.35;130.51;122.1;103.46;108.85;99.92;93.15;93.15;98.21;102.31;227.94;362.42;152.42;320.08;65.87;174.65;120.78;89.13;90.39;87.59;92.61;117.45;98.22;109.33;103.92;154.65;97.55;124.93;107.74;128.03;105.76;209.89;113.89;134.65;812.21;128.96;214.48;178.12;123.77;113.57;141.42;133.01
22/03/2022;99.2;130.68;122.26;103.15;108.57;99.73;92.97;92.97;98.04;102.35;227.68;361.22;152.75;318.24;65.81;174.51;120.55;88.96;90.14;87.27;92.45;117.88;98.47;109.41;103.99;155.95;98.06;126.13;108.72;129.51;106.82;213.3;118.16;135.38;817.17;130.25;217.58;180.24;123.89;113.98;142.68;134.24
23/03/2022;99.39;130.54;122.13;103.43;109.02;99.61;92.86;92.86;98.07;102.64;227.71;362.62;154.06;318.86;65.83;174.97;120.39;88.84;90.15;87.18;92.63;117.75;98.34;109.14;103.74;154.89;97.65;124.82;107.73;128.54;105.82;214.95;119.61;134.89;808.29;129.08;215.12;177.86;124.25;116.09;140.73;132.39
24/03/2022;99.16;130.66;122.25;103.08;108.75;99.55;92.8;92.8;97.97;102.64;227.35;361.55;154.11;318.09;65.79;174.59;120.31;88.78;90.18;86.99;92.36;118.13;98.42;109.31;103.9;155.51;97.94;124.61;107.93;129.49;106.68;214.53;118.21;134.64;801.69;128.85;218.6;180.84;123.89;115.25;140.1;133.78
25/03/2022;98.97;131.03;122.59;102.86;108.78;99.46;92.71;92.71;98.06;102.94;227.15;362.07;153.69;317.86;65.74;174.28;120.35;88.81;90.2;87.04;92.16;118.21;98.49;109.33;103.92;155.79;98.09;125.34;108.62;130.23;107.07;212.65;114.63;135.48;800.81;129.05;219.93;181.56;121.73;115.67;140.24;133.99
28/03/2022;99.03;131.17;122.72;102.81;108.49;99.58;92.83;92.83;97.97;102.65;227.01;363.87;153.65;319.05;65.73;174.3;120.48;88.91;90.43;87.23;92.24;118.31;98.55;109.44;104.02;156.55;98.04;126.04;109.23;131;107.73;212.31;115.98;134.7;802.81;129.28;221.81;182.88;121.32;114.09;141.19;134.91
29/03/2022;99.1;129.76;121.4;102.5;107.7;100.17;93.38;93.38;97.88;102.77;227.78;363.13;153.24;322.24;65.75;173.92;120.89;89.21;90.49;87.6;92.36;118.7;98.76;109.83;104.4;158.43;98.49;129.23;111.21;131.28;109;211.8;116.05;134.91;819;131.53;221.62;184.92;119.32;114.45;145.29;136.67
30/03/2022;99.06;129.62;121.27;102.46;107.64;100.17;93.38;93.38;97.87;102.84;228.07;362.67;153.58;323.58;65.72;173.84;120.97;89.27;90.57;87.61;92.3;118.63;98.48;109.61;104.19;157.71;97.96;128.99;111.65;130.13;108.48;213.34;117.35;133.95;813.47;131.18;218.98;183.72;122.12;113.53;143.5;135.47
31/03/2022;99.46;130.28;121.88;103.04;108.2;100.18;93.39;93.39;98.02;103.18;228.28;364.75;153.96;324.29;65.81;174.58;121.39;89.58;90.99;87.79;92.6;118.1;98.33;109.25;103.84;156.25;97.41;126.9;110.41;128.89;107.11;212.66;115.77;134.41;805.94;130.05;216.65;181.16;121.62;113.01;141.6;133.76
01/04/2022;99.44;130.93;122.5;102.91;108.65;100.16;93.37;93.37;98.06;103.83;228.31;367.09;153.67;323.76;65.8;174.14;121.13;89.39;90.83;87.8;92.64;118.31;98.54;109.18;103.77;156.53;97.63;127.55;111.12;130.04;107.38;215.07;117.83;135.9;808.59;130.62;219.19;181.78;123.54;112.58;141.99;134.31
04/04/2022;99.63;130.93;122.5;103.15;109.19;100.35;93.54;93.54;98.13;104.77;228.57;369.4;154.75;324.6;65.82;174.44;121.55;89.7;91.2;87.96;92.85;118.75;98.79;109.47;104.05;157.08;98.1;127.65;111.24;131.45;108.14;218.17;121.61;137.01;814.19;131.59;221.64;183.15;123.54;113.45;142.71;135.09
05/04/2022;99.16;130.93;122.5;102.43;109.14;99.78;93.02;93.02;98.2;104.67;228.45;368.91;154.13;322.41;65.75;173.04;120.32;88.79;90.71;87.7;92.3;118.4;98.56;109.07;103.67;156.13;97.55;126.76;110.61;130.95;107.2;218.34;121.61;138.63;814.6;131.75;219.77;180.62;123.54;113.08;141.36;134.05
06/04/2022;98.92;132.29;123.77;102.14;108.8;99.4;92.66;92.66;98.06;104.18;227.52;367.07;153.87;320.2;65.7;172.43;119.8;88.41;90.35;87.27;92.12;117.95;98.18;108.67;103.29;154.86;97.07;124.13;108.39;129.89;106.26;215.46;119.51;138.86;798.56;129.77;217.7;178.58;124.33;111.4;138.34;132.7
07/04/2022;98.72;132.52;123.98;101.95;108.66;99.23;92.5;92.5;97.98;103.6;227.09;366.76;153.45;319.63;65.64;172.17;119.57;88.24;90.36;87.17;91.95;117.87;98;108.73;103.35;154.88;96.9;123.44;107.9;130.37;106.65;213.03;117.28;138.44;797.43;129.57;218.68;179.25;123.11;109.85;137.76;133.02
08/04/2022;98.52;132.99;124.42;101.88;108.72;98.92;92.21;92.21;97.96;103.67;226.8;365.98;153.68;317.8;65.58;172.24;119.36;88.08;90.15;86.98;91.75;117.96;98.07;108.59;103.22;155.27;97.1;125.58;109.9;130.65;106.58;214.14;117.64;139.44;804.43;131.08;218.45;178.41;124.08;109.83;139.77;133.14
11/04/2022;98.03;132.53;124;101.31;108.01;98.44;91.77;91.77;97.78;103.28;226.28;361.68;153.01;314.73;65.48;171.39;118.79;87.66;89.68;86.52;91.31;117.55;97.81;108.03;102.68;154.21;96.58;125.38;109.75;128.52;105.09;210.49;113.34;138.58;798.63;130.41;214.25;175.31;119.89;108.4;139.06;131.39
12/04/2022;98.08;132.75;124.2;101.34;108.29;98.55;91.87;91.87;97.57;103.77;225.42;361.86;153.65;314.17;65.49;171.59;118.76;87.64;89.64;86.19;91.42;117.34;97.79;107.91;102.57;153.64;96.49;124.88;109.34;128.2;104.56;210.8;114.72;139.14;798.11;129.68;213.96;174.67;122.55;107.66;138.68;130.59
13/04/2022;98.09;133.21;124.63;101.56;108.67;98.59;91.91;91.91;97.5;104.01;224.99;363.1;154.05;314.43;65.48;171.92;118.9;87.74;89.69;86.15;91.45;117.98;97.95;108.16;102.8;154.54;96.88;125.23;109.61;129.5;105.48;212.49;115.58;139.99;798.74;129.99;217.4;177.06;121.53;108.85;138.91;131.66
14/04/2022;97.87;133.21;124.63;101.09;108.87;98.19;91.53;91.53;97.54;104.19;224.87;364.58;153.46;313.67;65.48;170.71;118.61;87.53;89.34;86.04;91.29;117.7;98.05;107.82;102.48;153.84;96.9;125.56;110.16;129.32;104.72;214.02;117.04;140.51;804.76;130.77;215.95;174.68;121.53;110.24;139.46;130.8
15/04/2022;97.87;133.21;124.63;101.09;108.87;98.19;91.53;91.53;97.54;104.19;224.87;364.58;153.46;313.67;65.48;170.71;118.61;87.53;89.34;86.04;91.29;117.7;98.05;107.82;102.48;153.84;96.9;125.56;110.16;129.32;104.72;214.02;117.04;140.51;804.76;130.77;215.95;174.68;121.53;110.24;139.46;130.8
18/04/2022;97.87;133.21;124.63;101.09;108.87;98.19;91.53;91.53;97.54;104.19;224.87;364.58;153.46;313.67;65.48;170.71;118.61;87.53;89.34;86.04;91.29;117.7;98.05;107.82;102.48;153.84;96.9;125.56;110.16;129.32;104.72;214.02;117.04;140.51;804.76;130.77;215.95;174.68;121.53;110.24;139.46;130.8
19/04/2022;97.56;133.5;124.9;100.64;107.98;97.95;91.31;91.31;97.4;103.39;224.24;361.65;153.18;311.43;65.43;169.91;118.15;87.19;89.04;85.65;91.01;117.85;98.05;108.04;102.69;154.78;96.88;125.59;110.09;130.02;105.57;210.19;114.06;138.55;800.12;129.59;218.94;177.33;120.67;106.85;139.33;132.46
20/04/2022;97.7;131.72;123.23;100.88;107.64;98.21;91.55;91.55;97.28;102.85;224.25;360.11;153.74;312.33;65.45;170.65;118.4;87.37;89.1;85.7;91.12;117.66;97.98;108.11;102.76;155.16;97.06;126.94;111.11;129.65;105.8;209.19;111.65;137.46;807.53;130.8;217.27;177.25;117.17;108.24;141.61;133.02
21/04/2022;97.25;131.23;122.78;100.32;107.33;97.72;91.09;91.09;97.22;102.48;224.27;359.82;152.88;311.47;65.34;169.7;118.19;87.22;88.87;85.51;90.61;116.85;97.81;107.72;102.39;154.58;96.64;127.02;110.65;128.47;104.73;208.02;109.03;136.71;813.16;131.21;214.03;174.25;114.32;108.56;142.93;131.69
22/04/2022;96.96;131.06;122.62;100.08;107.44;97.35;90.75;90.75;97.17;101.82;223.97;359.84;152.36;309.49;65.25;169.3;117.94;87.03;88.65;85.14;90.25;116.07;97.45;107.04;101.74;152.64;95.79;124.9;108.53;126.15;102.43;207.17;109.72;137.07;796.61;128.99;209.15;169.16;114.84;108.25;140.21;128.53
25/04/2022;97.23;130.43;122.03;100.66;108.02;97.68;91.06;91.06;97.05;101.08;223.26;361.24;152.38;308.69;65.29;170.18;118.09;87.15;88.69;84.98;90.59;116.27;97.39;107.06;101.76;152.3;95.76;123.37;106.89;127.04;102.63;202.86;106.07;135.37;782.26;126.92;211.76;170.17;108.54;108.1;137.47;128.72
26/04/2022;97.18;131.19;122.74;100.76;108.63;97.56;90.94;90.94;97.05;101.13;222.89;364.36;152.24;309.66;65.27;170.5;118.23;87.25;88.8;85;90.54;115.52;97.09;106.47;101.2;150.45;95.26;122.11;105.93;124.85;100.35;204.48;107.01;136.16;772.57;126.01;206.54;165;108.65;109.02;136.09;126.1
27/04/2022;97;132.49;123.96;100.71;109.32;97.34;90.75;90.75;96.9;101.75;221.64;367.25;152.64;308.16;65.22;170.39;118.03;87.1;88.71;84.63;90.38;115.72;97.33;106.36;101.1;150.79;95.73;122.4;106.3;126.42;100.58;206;109.75;138.12;775.22;127.21;209.95;165.6;113.36;108.32;136.43;126.48
28/04/2022;96.61;131.26;122.8;99.99;108.73;97.01;90.43;90.43;96.65;101.3;221.39;366.56;152.96;307.61;65.14;169.07;117.73;86.88;88.44;84.3;89.87;116.39;97.65;106.9;101.61;152.46;96.29;123.58;107.26;128.9;102.72;207.78;111.56;138.53;782.83;127.89;215.7;170.25;113.32;108.47;137.82;129.26
29/04/2022;96.38;131.39;122.92;99.61;108.49;96.69;90.14;90.14;96.54;101.6;220.83;362.9;153.19;305.37;65.08;168.56;117.99;87.07;88.16;83.97;89.65;115.44;97.3;106.12;100.87;150.77;95.59;124.32;108.03;125.55;100.16;211.01;116.75;138.24;788.37;129.05;206.96;163.67;115.83;108.47;138.42;126.71
02/05/2022;96.32;131.39;122.92;99.43;108.23;96.55;90.01;90.01;96.48;101.12;220.51;362.09;152.77;303.91;65.09;167.96;117.82;86.95;88.13;83.82;89.58;115.58;97.24;106.07;100.82;150.69;95.38;122.41;106.52;125.78;100.24;210.49;116.75;138.38;777.49;127.44;208.49;164.47;115.83;108.69;136.35;126.84
03/05/2022;96.2;131.39;122.92;99.36;108.1;96.68;90.13;90.13;96.29;101.24;219.91;360.7;152.38;303.11;65.04;168.3;117.9;87;88.1;83.63;89.41;115.79;97.27;106.2;100.95;151.02;95.74;123.61;108.04;126.1;100.58;209.34;116.57;138.23;779.07;127.52;208.87;165.01;115.83;108.69;137.48;127.53
04/05/2022;96.05;131.39;122.92;99.12;107.99;96.73;90.18;90.18;96.12;101.42;219.31;362.57;151.75;304.97;65;167.83;117.99;87.07;88.14;83.65;89.21;116.54;97.38;106.91;101.62;152.15;96.09;122.25;106.64;128.48;102.6;208.17;115.31;137.18;771.29;126.04;214.48;169.72;115.83;108.69;136.46;129.79
05/05/2022;95.8;130.99;122.55;98.78;107.55;96.18;89.66;89.66;96.16;101.15;218.97;361.34;151;303.3;64.98;166.86;117.81;86.94;87.94;83.69;88.95;115.46;96.81;106.06;100.81;150.42;95.23;121.31;105.95;125.38;99.94;207.63;114.12;137.75;764.65;125.52;206.79;163.15;115.72;108.69;135.4;126.26
06/05/2022;95.12;130.99;122.55;98.09;106.48;95.68;89.2;89.2;95.78;99.95;216.96;356.44;148.9;300.65;64.82;165.68;117.22;86.5;87.4;83.18;88.21;114.95;96.58;105.45;100.23;149.62;94.55;119.83;104.67;123.86;99.22;201.33;109;135.55;745.67;123.1;204.32;161.98;115.72;109.15;133.41;125.05
09/05/2022;95.12;130.99;122.55;98.09;106.48;95.68;89.2;89.2;95.78;99.95;216.96;356.44;148.9;300.65;64.82;165.68;117.22;86.5;87.4;83.18;88.21;114.95;96.58;105.45;100.23;149.62;94.55;119.83;104.67;123.86;99.22;201.33;109;135.55;745.67;123.1;204.32;161.98;115.72;109.15;133.41;125.05
10/05/2022;95.31;129.04;120.73;98.61;106.85;95.95;89.45;89.45;95.54;98.97;215.85;355.5;148.01;298.62;64.84;166.88;117.35;86.6;87.11;82.8;88.42;114.04;96.04;104.69;99.5;148.12;93.74;117.61;102.82;120.9;96.61;198.06;107.12;133.24;728.67;120.42;198.56;156.66;111.52;107.35;131.35;121.79
11/05/2022;95.47;128.9;120.59;98.84;107.18;95.99;89.48;89.48;95.64;99.29;216.95;357.25;148.64;300.19;64.89;167.57;117.46;86.68;87.06;82.83;88.6;113.65;96.1;104.55;99.38;147.74;93.66;120.54;105.3;119.76;95.64;198.95;108.2;132.8;740.58;122.65;195.37;154.09;113.33;106.3;134.2;120.44
12/05/2022;95.96;129.46;121.12;99.85;108.65;96.41;89.88;89.88;95.77;100.42;216.78;360.79;149.8;299.18;64.97;169.45;117.86;86.98;87.28;82.95;89.2;113.77;96.2;104.67;99.49;147.42;94.1;119.88;104.45;120.98;95.48;197.87;107.37;131.24;734.04;121.69;197.07;153.34;113.18;108.58;133.12;120.25
13/05/2022;95.73;129.83;121.46;99.15;108.3;96.03;89.52;89.52;95.7;100.64;217.15;361.52;149.17;299.27;64.97;167.99;117.56;86.75;87.07;82.95;88.9;114.46;96.66;105.04;99.84;148.95;94.55;122.38;106.7;123.54;97.44;201.27;110.53;130.85;752.2;124.2;202.45;157.44;114.45;108.93;136.3;122.94
16/05/2022;95.81;129.45;121.11;99.24;108.35;96.11;89.59;89.59;95.77;100.86;217.47;361.03;149.92;299.13;64.98;168.13;117.49;86.7;87.09;82.91;88.94;114.54;96.53;105.12;99.91;148.85;94.51;122.2;106.84;123.31;97.29;202.06;110.69;129.88;752.24;124;201.22;156.56;113.37;109.86;135.88;122.7
17/05/2022;95.49;128.79;120.49;98.5;107.03;95.75;89.26;89.26;95.62;100.29;218.13;355.79;149.55;298.61;64.92;166.95;117.06;86.39;86.73;82.75;88.5;114.91;96.57;105.46;100.24;149.89;94.77;123.93;107.99;123.87;98.73;203.76;113.11;130.38;761.94;125.48;202.55;159.58;114.6;108.21;137.92;124.69
18/05/2022;95.48;129.11;120.8;98.65;107.59;95.52;89.05;89.05;95.68;100.61;217.94;356.55;149.45;298.55;64.9;167.16;116.86;86.24;86.7;82.52;88.49;113.96;96.25;104.72;99.53;148.05;94.08;122.82;107.16;120.4;95.72;204.64;113.23;130.37;753.3;124.03;195.15;153.4;113.96;109.96;136.23;120.98
19/05/2022;95.5;127.83;119.59;98.95;107.26;95.73;89.24;89.24;95.55;100.44;216.8;352.98;149.8;297.75;64.85;167.74;116.95;86.3;86.62;82.26;88.52;113.96;96.07;104.46;99.29;147.72;93.84;122.76;106.92;118.69;94.86;199.95;110.72;128.82;745.37;122.37;192.87;152.75;114.11;108.74;134.42;120.52
20/05/2022;95.57;129.89;121.52;98.76;107.95;95.72;89.23;89.23;95.63;101.79;217.12;355.36;149;298.83;64.89;166.89;117.13;86.44;86.8;82.43;88.64;114.36;96.34;104.46;99.29;147.79;94.01;122.89;106.79;119.33;95.15;204.04;114.04;128.65;751.67;123.47;193.07;152.45;117.3;109.47;135.05;120.44
23/05/2022;95.27;128.82;120.52;98.28;106.98;95.75;89.26;89.26;95.47;101.74;217.08;352.52;147.91;299.64;64.83;166.08;117.12;86.43;86.76;82.49;88.21;114.65;96.35;104.67;99.49;149.11;94.04;124.82;108.64;120.13;96.57;202.06;111.83;126.93;759.23;125.06;194.96;155.52;116.09;109.69;137.35;122.22
24/05/2022;95.41;128.07;119.82;98.55;106.84;96.11;89.59;89.59;95.58;101.06;217.02;351.89;147.79;300.51;64.87;166.4;117.52;86.73;87.08;82.49;88.39;114.58;96.08;104.55;99.37;148.38;93.64;123.41;107.68;118.83;95.97;197.95;108.34;125.54;747.49;123.46;192.03;154.02;112.24;109.11;135.6;121.27
25/05/2022;95.44;128.63;120.35;98.61;107.34;96.51;89.97;89.97;95.61;101.51;217.04;356.01;147.75;302.66;64.9;166.56;117.67;86.84;87.35;82.61;88.41;115.03;96.33;104.7;99.52;148.89;94.04;125.16;109.36;119.96;96.53;199.07;109.23;126.79;752.83;124.37;194.68;155.44;112.85;108.67;136.73;122.41
26/05/2022;95.44;128.63;120.35;98.61;107.34;96.51;89.97;89.97;95.61;101.51;217.04;356.01;147.75;302.66;64.9;166.56;117.67;86.84;87.35;82.61;88.41;115.03;96.33;104.7;99.52;148.89;94.04;125.16;109.36;119.96;96.53;199.07;109.23;126.79;752.83;124.37;194.68;155.44;112.85;108.67;136.73;122.41
27/05/2022;95.66;127.78;119.55;98.68;107.17;97.02;90.44;90.44;95.87;102.24;218.73;359.37;147.45;306.26;64.99;166.76;118.09;87.15;87.66;83.22;88.57;116.04;96.97;105.63;100.4;150.98;94.81;127.37;110.72;124.06;99.94;202.77;112.08;127.64;770.66;127.27;203.3;162.63;113.03;109.1;140.41;126.65
30/05/2022;95.43;127.81;119.58;98.25;106.66;96.92;90.35;90.35;95.85;101.78;219.17;356.84;147.11;306.06;64.95;165.77;117.82;86.95;87.43;83.2;88.25;115.99;96.97;105.71;100.48;151.18;94.77;128.73;111.5;124.06;99.94;205.07;113.46;127.55;779.03;128.06;203.3;162.63;114.18;109.94;141.76;126.65
31/05/2022;95.1;128.47;120.19;97.72;106.6;96.32;89.79;89.79;95.71;101.96;219.28;358.07;146.71;305.18;64.87;164.79;117.47;86.69;87.36;83.03;87.9;115.75;96.74;105.39;100.18;150.98;94.44;127.35;110.27;123.57;99.57;208.56;116.82;127.85;770.53;127.09;201.86;161.48;116.63;109.13;140;126.05
01/06/2022;94.84;128.21;119.95;97.31;106.47;96;89.49;89.49;95.58;101.9;219.22;358.87;146.41;304.55;64.83;163.98;117.04;86.37;86.87;82.89;87.64;115.31;96.56;105.11;99.91;150.47;94.11;126.1;109.34;123.03;98.84;207.23;116.47;128.76;761.34;125.83;201.53;160.53;116.54;110.53;138.99;125.13
02/06/2022;94.58;127.99;119.74;96.92;105.94;95.9;89.4;89.4;95.48;101.92;219.2;357.28;146.21;304.57;64.76;163.26;116.64;86.07;86.69;82.81;87.35;115.62;96.64;105.23;100.02;151.33;94.23;126.93;109.85;124.18;100.1;205.1;115.44;127.8;767.99;126.55;204.67;163.73;116.65;109.52;140.21;126.8
03/06/2022;94.42;127.99;119.74;96.6;105.74;95.59;89.11;89.11;95.41;101.92;219.15;356.89;145.9;304.37;64.72;162.57;116.29;85.82;86.54;82.77;87.19;115.07;96.4;104.94;99.75;150.64;93.94;125.64;108.93;122.73;99.03;204.6;115.44;127.47;765.97;126.18;201.15;161.02;116.65;109.02;139.71;125.34
06/06/2022;94.42;127.99;119.74;96.6;105.74;95.59;89.11;89.11;95.41;101.92;219.15;356.89;145.9;304.37;64.72;162.57;116.29;85.82;86.54;82.77;87.19;115.07;96.4;104.94;99.75;150.64;93.94;125.64;108.93;122.73;99.03;204.6;115.44;127.47;765.97;126.18;201.15;161.02;116.65;109.02;139.71;125.34
07/06/2022;94.35;128.19;119.93;96.65;105.49;95.4;88.93;88.93;95.3;101.29;218.79;355.1;146.47;302.35;64.69;162.76;115.95;85.56;86.13;82.38;87.1;115.3;96.54;104.96;99.77;151.09;94.05;126.59;109.74;123.97;99.96;204.44;118.96;127.99;773.06;127.09;204.1;163.09;119.05;108.34;140.4;126.29
08/06/2022;94.04;127.57;119.35;96.23;104.94;94.96;88.52;88.52;95.11;100.93;218.47;352.49;146.35;300.9;64.62;161.87;115.56;85.28;85.74;82.06;86.79;115.01;96.28;104.61;99.43;150.63;93.66;126.06;109.26;122.67;99.19;205.87;122.29;128.22;767.96;126.12;201.67;161.55;119.55;108.1;139.73;125.22
09/06/2022;93.45;128.5;120.22;95.47;105.13;94.28;87.89;87.89;94.75;101.12;217.32;353.17;145.01;299.13;64.43;160.43;114.89;84.78;85.21;81.54;86.18;114.22;95.9;103.91;98.77;149.3;93.09;123.83;107.28;121.07;97.33;205.86;121.73;128.83;756.62;124.3;198.29;157.67;119.07;108.53;137.52;122.72
10/06/2022;92.67;129.78;121.41;94.65;105.35;93.31;86.99;86.99;94.23;100.78;215.4;354.03;143.34;296.34;64.19;159.13;113.97;84.1;84.51;81;85.32;112.93;95.17;102.8;97.71;147.33;92.19;117.77;102.1;119.24;94.98;205.66;123.57;128.43;737.98;120.81;194.54;152.76;121.84;108.57;133.01;119.35
13/06/2022;91.46;130.25;121.86;93.42;104.7;92.26;86;86;93.3;99.36;211.53;349.26;140.59;289.13;63.82;157.17;112.53;83.04;83.2;79.8;84.07;111.06;94.08;101.32;96.3;145.13;90.87;114.09;99.2;116.71;92.18;201.4;120.08;126.88;716.15;117.67;188.61;146.33;120.65;108.31;129.62;115.31
14/06/2022;90.65;130.37;121.98;92.31;104.07;91.84;85.61;85.61;92.89;99.24;210.09;348.52;138.55;288.18;63.6;155.46;111.93;82.6;82.68;79.3;83.32;110.61;93.98;100.71;95.73;144.64;90.44;113.41;98.72;115.83;91.47;201.4;120.92;125.54;705.82;116.12;188.12;145.78;121.64;106.83;128.43;114.35
15/06/2022;91.12;130.65;122.23;93.33;104.61;92.3;86.04;86.04;93.21;99.52;210.43;352.39;140.16;291.42;63.7;157.56;112.63;83.11;83.2;79.29;83.84;111.18;94.4;101.28;96.27;145.51;90.73;116.18;101.32;116.9;92.3;201.82;122.84;124.8;715.36;117.74;191.09;148.12;123.18;105.43;130.56;115.72
16/06/2022;90.5;129.65;121.3;93.08;104.31;91.89;85.66;85.66;92.88;98.86;209.04;347.79;139.65;289.87;63.51;157.4;112.27;82.85;82.89;78.73;83.24;110.05;93.83;100.35;95.38;143.31;89.4;112.71;98.22;113.28;89.86;198.11;119.35;124.29;694.78;115.01;183.42;143.2;121.65;106.88;126.58;112.47
17/06/2022;90.68;130.45;122.04;93.47;104.63;92.19;85.94;85.94;92.83;99.22;208.81;348.24;139.73;289.2;63.54;158.2;112.24;82.83;82.8;78.7;83.44;110.13;93.98;100.62;95.64;143.11;89.49;113.39;98.31;113.32;89.78;197.32;121.26;124.32;697.74;115.09;184.91;143.83;123.82;103.54;126.84;112.93
20/06/2022;90.37;129.79;121.43;92.93;103.95;91.89;85.66;85.66;92.72;98.78;208.61;345.22;138.8;288.89;63.47;157.15;111.98;82.63;82.62;78.53;83.1;110.22;93.99;100.61;95.63;143.17;89.34;114.22;99.26;113.32;89.78;195.74;121.05;122.62;700.33;116.28;184.91;143.83;123.98;102.07;127.68;112.93
21/06/2022;90.42;129.16;120.84;92.86;103.58;91.72;85.5;85.5;92.67;98.74;208.86;344.31;139.2;288.89;63.51;156.76;111.99;82.64;82.62;78.43;83.13;110.71;94.2;100.88;95.89;144.08;89.64;114.59;99.41;114.5;91.46;198.09;122.86;122.63;701.58;116.74;187.61;147.42;123.86;103;128.24;114.89
22/06/2022;90.81;128.48;120.2;93.66;103.92;92.56;86.28;86.28;92.78;98.69;208.72;343.69;140.68;289.24;63.57;158.23;112.61;83.1;82.79;78.43;83.57;110.94;94.23;101.22;96.21;143.73;89.5;113.33;98.15;114.03;91.33;193.37;119.75;121.79;693.45;116.02;187.09;147.45;121.94;102.8;126.86;114.91
23/06/2022;90.81;128.48;120.2;93.66;103.92;92.56;86.28;86.28;92.78;98.69;208.72;343.69;140.68;289.24;63.57;158.23;112.61;83.1;82.79;78.43;83.57;110.94;94.23;101.22;96.21;143.73;89.5;113.33;98.15;114.03;91.33;193.37;119.75;121.79;693.45;116.02;187.09;147.45;121.94;102.8;126.86;114.91
24/06/2022;91.52;129.53;121.18;94.47;104.52;93.36;87.03;87.03;92.84;99.02;208.26;346.09;142.44;289.73;63.7;159.87;113.33;83.63;83.11;78.84;84.36;112.36;94.93;102.27;97.21;145.45;90.63;114.83;99.73;118.35;94.31;198.27;125.79;122.74;700.99;118.49;195.75;153.51;126.07;104.45;128.51;118.74
27/06/2022;91.11;128.91;120.6;93.95;103.9;92.91;86.61;86.61;92.67;98.53;208.17;343.54;142.04;289.04;63.62;158.93;112.8;83.24;82.78;78.79;83.9;112.16;94.74;102.19;97.13;145.54;90.49;114.18;99.09;117.91;94.36;199.92;127.37;123.3;706.7;118.96;193.88;152.78;127.36;104.78;128.72;118.75
28/06/2022;90.69;129.91;121.54;93.46;104.35;92.36;86.09;86.09;92.49;98.92;207.71;343.82;141.15;286.96;63.52;158.07;112.18;82.78;82.35;78.44;83.48;111.83;94.64;101.73;96.69;144.95;90.41;114.8;99.75;117.21;93.19;202.13;129.09;124.24;709.54;119.29;191.42;149.62;129.43;105.72;129.07;117.31
29/06/2022;90.87;130.15;121.76;94;104.82;92.91;86.61;86.61;92.45;99.06;206.56;343.75;142.08;285.87;63.51;159.49;112.53;83.04;82.47;78.24;83.68;111.95;94.67;101.84;96.8;144.41;90.4;113.68;98.64;117.52;93.17;200.05;127.21;124.46;698.39;118.71;192.18;149.68;127.4;105.1;127.54;117.24
30/06/2022;91.27;130.15;121.76;94.68;105.46;93.55;87.21;87.21;92.4;99.13;204.82;343.65;142.35;285.02;63.53;161.12;112.79;83.23;82.56;78.14;84.17;111.87;94.7;101.83;96.79;143.59;90.27;111.12;96.45;116.68;92.27;198.07;127.31;123.86;687.73;116.75;190.59;148.03;127.4;104.74;125.3;115.85
01/07/2022;91.81;130.15;121.76;95.46;106.41;94.14;87.75;87.75;92.72;99.42;204.94;349.06;143.75;287.75;63.67;162.68;113.61;83.84;83.03;78.44;84.71;112.54;94.91;102.17;97.12;143.93;90.61;111.26;96.87;117.93;92.8;198.1;127.31;124.83;687.46;116.65;193.89;149.71;127.4;104.84;124.97;116.81
04/07/2022;91.38;130.83;122.4;94.72;105.93;93.78;87.42;87.42;92.55;99.31;205.01;347.53;143.3;287.39;63.58;161.34;113.05;83.43;82.55;78.45;84.29;112.47;94.85;102.05;97;143.88;90.63;111.15;96.72;117.93;92.8;197.78;128.19;124.59;690.04;117.35;193.89;149.71;130.76;105.15;125.1;116.81
05/07/2022;92.13;132.99;124.43;95.56;107.65;94.34;87.94;87.94;92.86;99.74;205.22;353.08;144.76;286.59;63.75;162.8;113.71;83.91;83.04;78.52;85.01;113.12;95.01;102.5;97.43;143.55;90.88;107.99;93.91;119.88;93.23;200.35;130.72;125.48;677.92;114.84;197.16;150.1;131.93;107.08;121.79;116.78
06/07/2022;92.3;133.63;125.02;95.66;107.74;94.09;87.71;87.71;92.77;99.42;205.12;353.68;144.06;285.62;63.8;162.91;113.58;83.82;82.98;78.44;85.21;112.78;94.94;102.55;97.47;143.88;90.86;109.14;94.79;120.74;93.49;200.06;129.71;124.91;689.02;116.85;198.75;150.63;130.74;106.56;123.4;117.11
07/07/2022;91.99;133.91;125.28;95.06;107.71;94.01;87.64;87.64;92.62;99.98;205.72;353.97;143.46;285.05;63.73;161.84;113.24;83.56;82.87;78.28;84.88;112.94;95.26;102.77;97.68;145.11;91.58;112.17;97.28;122.52;94.64;202.75;130.65;126.49;703.32;119.11;202.21;152.97;131.98;107.94;126.08;118.84
08/07/2022;92.16;133.86;125.24;94.99;107.39;93.73;87.38;87.38;92.74;100.17;206.72;352.87;143.05;284.21;63.82;161.25;113.11;83.47;82.72;78.23;85.12;112.79;95.18;102.81;97.72;145.59;91.57;113.77;98.28;122.41;94.56;203.91;131.15;127.21;709.81;119.5;202.24;153.03;131.73;108.14;127.38;118.78
11/07/2022;92.67;135.08;126.38;95.54;108.22;94.04;87.67;87.67;92.97;100;207.26;354.92;143.88;283.23;63.95;162.16;113.36;83.65;82.77;78.07;85.62;112.9;95.15;102.79;97.7;144.77;91.53;112.49;97.45;122.55;94.02;202.14;128.09;127.49;703.99;119.2;201.85;151.31;130.32;109.41;125.8;117.83
12/07/2022;93.2;135.11;126.41;96.3;108.7;94.33;87.93;87.93;93.1;99.8;207.48;353.68;145.16;281.09;64.04;164.05;113.51;83.76;82.72;77.96;86.1;112.79;95.08;102.92;97.83;144.26;91.6;112.14;97.18;122.1;93.32;199.73;126.63;128.31;706.35;119.88;200.13;149.37;129.19;108.7;126.12;117.02
13/07/2022;93.02;134.62;125.95;96.25;108.43;94.28;87.89;87.89;93;99.58;207.55;349.08;145.37;279.04;63.96;164;113.13;83.48;82.28;77.62;85.89;112.62;95;102.91;97.82;143.84;91.39;110.97;96.26;121.05;92.96;198.73;125.74;127.25;699.63;118.69;197.99;148.6;129.02;107.99;124.96;115.92
14/07/2022;92.78;135.73;126.99;95.91;108.89;93.9;87.54;87.54;92.65;99.52;206.99;349.95;144.91;276.44;63.88;163.14;112.72;83.18;81.92;77.24;85.67;112.18;94.78;102.57;97.49;142.95;91.04;107.57;93.31;121.59;92.67;200;127.03;128.06;689.3;117.06;199.93;148.41;130.03;107.57;122.86;115.59
15/07/2022;92.95;134.35;125.69;96.14;108.33;94.1;87.72;87.72;92.78;99.65;207.03;347.81;145.31;276.95;63.92;163.66;113.07;83.44;82.05;77.35;85.82;112.38;94.98;103.1;98;144.17;91.54;109.46;94.9;122.3;93.79;198.02;122.92;127.22;698.37;119.43;201.99;151.23;127.31;107.3;125.54;117.33
18/07/2022;92.67;133.3;124.71;95.69;107.24;93.84;87.47;87.47;92.74;98.97;207.55;345.78;144.6;278.54;63.88;162.98;112.86;83.28;81.92;77.46;85.54;112.19;94.81;102.94;97.84;144.19;91.25;110.98;96.25;120.43;93.2;198.76;124.24;125.41;707.77;120.55;197.81;149.78;127.51;107.3;126.71;116.95
19/07/2022;92.51;132.69;124.14;95.44;106.63;93.9;87.53;87.53;92.78;98.45;208.32;344.9;144.31;279.27;63.84;162.69;112.88;83.3;81.81;77.48;85.27;112.4;95.11;103.43;98.31;144.96;91.9;113.49;98.34;122.08;94.83;197.1;122.44;125.42;718.64;122.16;202.23;153.82;125.85;106.43;129.42;119.4
20/07/2022;92.93;132.98;124.42;95.6;106.85;93.99;87.62;87.62;93.19;98.65;210.35;349.33;144.15;281.83;63.98;162.68;113.28;83.59;82.07;77.83;85.7;112.58;95.24;103.75;98.62;145.34;92.21;112.11;96.94;123.01;95.28;198.72;123.87;126.15;719;121.85;203.81;154.48;126.97;109.06;129.12;120.24
21/07/2022;93.1;133.14;123.87;95.67;107.35;94.5;88.09;88.09;93.35;98.7;210.41;351.95;143.25;283.29;63.97;162.63;113.31;83.62;82.45;78.02;85.77;113.02;95.4;104.13;98.97;145.92;92.65;111.53;96.32;124.21;96.01;199.77;123.11;127.08;724.48;122.24;206.52;156.17;125.69;109.85;129.34;121.1
22/07/2022;94.21;132.65;123.4;96.99;108.01;95.22;88.76;88.76;94.12;99.35;211.57;353.54;144.95;285.54;64.24;164.81;114.21;84.28;83.06;78.72;86.95;113.35;95.54;104.36;99.19;145.49;92.8;111.92;96.59;123.48;95.6;199.11;122.27;126.63;727.96;122.5;203.92;154.78;125.52;111.31;129.29;120.36
25/07/2022;94.54;133.1;123.83;97.21;108.21;95.23;88.77;88.77;94.38;99.77;212.71;355.05;145.4;286.38;64.36;164.86;114.56;84.54;83.37;79.04;87.24;113.46;95.52;104.42;99.25;145.62;92.74;112.5;97.3;123.55;95.6;199.03;121.62;126.79;724.75;122.56;204.34;154.9;124.69;110.2;129.52;120.37
26/07/2022;94.86;134.19;124.84;97.8;109.33;95.55;89.07;89.07;94.52;100.55;212.59;356.91;147.03;285.48;64.4;165.86;114.93;84.81;83.57;79.16;87.55;113.5;95.57;104.21;99.06;145.08;92.71;111.27;96.48;123.83;95.09;200.83;124.17;127.33;719.59;122.5;203.41;152.95;126.57;111.01;128.4;119.41
27/07/2022;94.74;134.46;125.09;97.68;109.42;95.68;89.2;89.2;94.54;100.72;212.56;358.16;147.03;286.1;64.36;165.8;115.06;84.91;83.37;79.18;87.37;114.16;95.9;104.94;99.74;146.03;93.3;112.74;97.47;125.92;96.63;201.9;123.02;128.04;724;123.13;208.7;156.7;126.44;110.75;129.48;121.84
28/07/2022;95.58;134.2;124.85;98.69;110.04;96.3;89.77;89.77;95.23;101.62;213.24;361.4;148.71;289.55;64.57;167.62;116.12;85.69;84.28;79.76;88.2;114.54;96.17;105.46;100.24;146.93;93.85;115;99.17;127.18;97.67;202.38;122.25;128.62;731.9;124.44;210.69;158.66;125.97;112.63;131.13;123.19
29/07/2022;95.73;133.92;124.59;99.05;110.23;96.62;90.07;90.07;95.58;102.02;214.31;362.8;150.01;291.78;64.61;168.42;116.51;85.98;84.66;80.28;88.37;114.71;96.4;105.91;100.67;147.86;94.18;117.26;101.08;128.09;98.63;200.92;118.54;128.45;746.22;126.06;212.81;160.86;123.79;112.68;133.3;123.59
01/08/2022;95.98;132.8;123.55;99.47;110.08;97.07;90.49;90.49;95.9;102.5;215.08;362.69;150.84;293.76;64.67;169.5;116.93;86.29;84.9;80.48;88.61;114.73;96.42;106.12;100.87;147.68;94.22;117.3;101.18;127.15;98.41;199.33;117.11;128.84;744.03;125.86;210.39;160.19;123.37;114.66;133.1;123.33
02/08/2022;95.8;133.79;124.47;99.27;110.33;96.52;89.98;89.98;95.69;102.39;215.04;363.7;150.63;292.51;64.62;169.06;116.84;86.23;85.01;80.57;88.4;114.21;96.12;105.75;100.52;147.39;93.66;116.67;100.66;126.9;97.64;198.94;115.44;130.03;739.01;125.41;210.67;159.25;122.09;113.66;132.41;122.48
03/08/2022;95.55;134.85;125.46;99.09;110.51;96.43;89.9;89.9;95.67;102.33;215.31;367.16;150.64;293.3;64.57;168.77;116.59;86.04;84.83;80.56;88.16;114.36;96.34;106.13;100.88;148.09;94.28;117.99;101.6;128.79;98.68;200.31;116.55;131.33;744.88;125.86;215.85;162.03;121.38;112.41;133.87;123.79
04/08/2022;95.87;133.92;124.6;99.49;110.19;96.82;90.25;90.25;95.89;102.59;216.09;366.87;151.48;295.32;64.65;169.69;117.2;86.49;85.16;80.9;88.53;114.56;96.51;106.39;101.13;148.37;94.47;118.77;101.95;127.96;98.62;200.03;117.97;131.3;748.85;126.23;213.72;161.67;121.23;112.38;134.62;123.83
05/08/2022;95.27;134.59;125.22;98.7;110;96.14;89.62;89.62;95.53;103.26;216.1;367.13;150.61;294.22;64.52;168.46;116.79;86.19;84.93;81.02;87.9;114.28;96.38;105.96;100.72;148.16;94.15;117.99;101.32;128.16;98.54;202.56;118.85;131.57;737.36;125.28;214.3;161.38;123.09;111.98;133.63;123.59
08/08/2022;95.47;133.66;124.36;98.93;109.81;96.29;89.76;89.76;95.77;103.46;216.38;367.79;151.24;296.2;64.56;168.66;117.2;86.48;85.19;81.25;88.12;114.36;96.48;105.97;100.73;148.05;94.34;118.51;101.8;127.89;98.66;201.33;116.97;131.11;743.16;126.17;212.65;160.95;122.13;111.95;134.66;123.73
09/08/2022;95.37;133.67;124.36;98.74;109.68;96.14;89.62;89.62;95.71;103.26;216.38;367.22;151.07;295.89;64.53;168.12;117.12;86.43;85.28;81.53;88.06;114.15;96.24;105.57;100.34;147.61;93.7;117.41;101;127.22;98.22;201.06;116.42;131.17;733.09;125.38;211.64;160.26;122.48;110.99;133.16;122.91
10/08/2022;95.51;131.91;122.72;98.87;108.95;96.34;89.81;89.81;95.71;103.58;216.31;364.8;151.05;297.59;64.57;168.64;117.44;86.66;85.4;81.72;88.15;114.38;96.43;106.23;100.97;148.4;94.32;118.77;101.91;127.94;99.59;197.61;112.87;130.22;746.48;126.37;213.46;163.62;119.93;112.1;134.71;125.22
11/08/2022;95.35;132.42;123.2;98.5;108.78;96.24;89.72;89.72;95.7;103.87;216.88;366.88;151.06;298.91;64.56;167.89;117.43;86.66;85.67;82.03;88.07;114.24;96.39;106.18;100.92;148.64;94.16;119.52;102.65;127.94;99.51;200.94;116.01;130.55;749.62;126.63;213.29;163.32;122.07;112.1;134.97;125.04
12/08/2022;95.3;133.7;124.39;98.38;109.56;96.28;89.76;89.76;95.75;104.96;217.25;370.64;150.73;298.98;64.54;167.61;117.81;86.94;85.87;82.07;87.99;114.87;96.85;106.51;101.24;149.32;95.07;120.04;102.9;130.47;100.67;203.37;117.52;131.64;749.16;126.9;219.26;166.19;122.6;113.95;135.54;126.89
15/08/2022;95.3;133.7;124.39;98.38;109.56;96.28;89.76;89.76;95.75;104.96;217.25;370.64;150.73;298.98;64.54;167.61;117.81;86.94;85.87;82.07;87.99;114.87;96.85;106.51;101.24;149.32;95.07;120.04;102.9;130.47;100.67;203.37;117.52;131.64;749.16;126.9;219.26;166.19;122.6;113.95;135.54;126.89
16/08/2022;95.39;133.9;124.57;98.39;109.93;96.28;89.75;89.75;95.71;104.65;217.42;371.56;150.66;297.76;64.58;167.3;117.93;87.03;85.87;82.09;88.11;115.02;96.93;106.63;101.35;149.84;95.3;120.05;103.15;131.8;101.21;203.89;116.53;132.6;749.95;127.57;221.85;167.06;122.76;114.13;136.28;127.55
17/08/2022;94.69;134.45;125.09;97.57;109.56;95.89;89.39;89.39;95.24;104.02;216.47;368.97;149.82;295.16;64.37;165.86;117.43;86.66;85.32;81.83;87.41;114.58;96.67;105.99;100.75;149.38;94.57;118.6;102.13;131.42;100.86;203.86;116.99;133.04;738.38;126.5;220.74;165.93;123.99;114.73;134.19;126.53
18/08/2022;94.47;134.67;125.3;97.51;109.65;95.79;89.29;89.29;95.16;103.59;215.63;370.23;150.33;295.11;64.3;165.89;117.38;86.62;85.35;81.81;87.18;114.56;96.62;106.08;100.83;149.51;94.65;119.41;102.99;132;100.99;203.44;116.38;133.78;740.4;127.06;221.86;166.2;123.54;114.38;134.95;126.51
19/08/2022;93.81;135.5;126.06;96.64;109.53;95.31;88.85;88.85;94.72;103.36;214.85;370.41;149.21;292.62;64.12;164.41;116.93;86.29;85.04;81.5;86.61;113.94;96.35;105.43;100.21;149.03;93.95;117.31;101.28;131.78;100.19;203.7;117.16;134.11;731.01;126.15;220.83;163.94;122.12;113.9;133.42;125.17
22/08/2022;93.19;135.95;126.48;96;109.68;94.93;88.49;88.49;94.25;103.64;213.13;369.61;149.11;289.66;63.93;163.54;116.66;86.09;84.81;81.08;85.98;113.32;96.04;104.45;99.28;147.87;93.2;115.27;99.93;130.67;98.67;203.46;118.09;133.82;717.46;125;217.79;160.36;123.27;114.57;130.67;123
23/08/2022;93.05;135.33;125.9;95.71;109.35;94.89;88.46;88.46;94.14;104.06;212.51;369.89;148.15;290.47;63.91;163.17;116.7;86.12;84.93;80.95;85.89;113.22;96.02;104.3;99.14;147.62;93.08;116.3;100.73;129.94;98.17;202.59;117.28;134.1;714.42;124.33;216.89;159.99;123.58;114;130.49;122.24
24/08/2022;92.89;134.89;125.5;95.42;109;94.75;88.33;88.33;94.06;103.98;212.53;370.8;146.99;291.33;63.88;162.74;116.56;86.02;84.89;80.81;85.73;113.06;95.93;104.16;99.01;147.5;92.89;116.58;100.99;129.98;98.29;201.76;115.75;134.23;714.53;124.61;217.52;160.53;120.61;113.14;130.67;122.43
25/08/2022;93.17;135.35;125.92;95.78;109.34;95.03;88.59;88.59;94.27;104.55;212.98;372.87;147.93;292.63;63.98;163.55;117;86.34;85.16;80.78;85.99;113.82;96.24;104.76;99.58;148.09;93.72;116.58;101.16;131.36;99.21;205.23;120.22;134.99;716.06;125.03;220.92;162.91;121.32;113.82;130.73;123.9
26/08/2022;92.82;134.6;125.23;95.29;108.8;94.76;88.33;88.33;94.1;104.2;212.91;370.82;147.1;292.01;63.87;162.41;116.71;86.13;84.97;80.66;85.62;112.81;95.72;103.76;98.62;146.73;92.41;114.13;99.02;127.68;96.73;205.11;120.78;134.06;702.8;122.96;212.79;157.31;120.24;113.03;128.31;120.45
29/08/2022;92.29;133.88;124.55;94.61;108.28;94.32;87.92;87.92;93.81;104.02;212.61;369.86;145.62;290.24;63.72;161.27;116.16;85.72;84.65;80.43;85.08;112.28;95.47;103.22;98.11;145.97;91.67;113.69;98.51;126.92;95.99;203.02;120.28;133.18;697.07;121.86;212.04;156.19;119.87;110.33;127.43;119.31
30/08/2022;92.05;134.26;124.91;94.43;108.29;94.22;87.83;87.83;93.53;104;211.5;368.29;145.06;289.12;63.62;160.91;115.87;85.51;84.44;80.03;84.86;111.96;95.35;102.85;97.76;145.6;91.38;113.59;98.29;125.82;95.25;203.04;119.67;133.17;695.02;120.87;209.68;154.48;119.41;111.28;127.31;118.44
31/08/2022;91.71;133.52;124.22;94.1;107.52;93.99;87.62;87.62;93.15;102.91;210.37;363.84;143.55;287.49;63.5;160.43;115.89;85.52;84.16;79.78;84.49;111.65;95.17;102.45;97.37;144.98;90.84;112.28;96.94;124.16;94.53;202.3;119.54;132.3;689.54;119.42;206.39;153.05;117.29;110.6;125.87;117.66
01/09/2022;91.44;135.07;125.66;93.71;107.74;93.55;87.21;87.21;92.82;103.35;208.83;364.86;142.55;284.69;63.43;159.69;115.63;85.33;84.03;79.27;84.31;111.13;95.02;101.94;96.89;144.82;90.51;110.88;95.74;125.34;94.54;201.41;119.03;132.26;674.75;117.42;209.28;153.32;116.98;109.55;123.79;117.26
02/09/2022;91.77;133.79;124.47;94.05;107.37;93.87;87.51;87.51;93;103.25;209.15;362.84;142.44;285.76;63.56;160.37;116.35;85.86;84.33;79.34;84.62;111.03;94.99;102.2;97.14;144.85;90.35;113.5;98.08;123.75;94.02;198.94;116.8;131.62;691.34;119.78;205.34;151.77;115.69;108.47;127.06;116.55
05/09/2022;91.4;134.6;125.23;93.65;108.04;93.6;87.25;87.25;92.76;104.06;208.27;366.03;142.38;285.15;63.45;159.62;116.29;85.82;84.51;79.17;84.27;110.97;95.04;101.8;96.76;144.55;90.42;110.95;96.26;123.75;94.02;199.88;116.57;132.54;683.02;119.04;205.34;151.77;116.82;108.99;124.83;116.55
06/09/2022;91.24;134.77;125.38;93.46;107.6;93.12;86.81;86.81;92.67;103.48;208.46;365.79;141.81;284.45;63.44;159.35;116.14;85.71;84.39;79.11;84.07;110.36;94.9;101.47;96.45;144.55;89.91;110.88;96.18;124.34;93.59;199.78;116.58;133.02;686.78;119.2;207.17;151.2;117.65;107.36;125.38;115.83
07/09/2022;91.45;133.78;124.46;93.86;107.23;93.64;87.29;87.29;92.77;103.07;208.7;365.27;142.29;285.33;63.46;160.02;116.26;85.79;84.38;79.08;84.31;110.79;95.06;101.94;96.9;144.85;90.25;110.72;96.13;125.25;94.78;197.54;115.75;131.58;682.98;118.6;210.12;154.14;117.63;105.22;125.5;117.35
08/09/2022;91.05;133.82;124.5;93.32;107.14;93.65;87.3;87.3;92.67;103.4;209.36;365.96;141.66;286.07;63.32;158.91;116.1;85.68;84.49;79.13;83.83;110.87;95.02;102.05;97;145.33;90.64;111.53;96.69;125.92;95.27;197.48;114.49;131.56;685.2;119.37;211.6;155.33;117.13;107.75;126;118.52
09/09/2022;91.32;133.5;124.2;93.31;106.54;93.88;87.51;87.51;92.86;103.46;209.9;364.81;141.09;287.67;63.39;158.47;116.28;85.81;84.74;79.2;84.1;111.35;95.01;102.57;97.49;146.22;91.02;113.84;98.36;126.85;96.56;198.38;116.48;131.35;698.45;121.23;213.09;157.79;117.77;108.13;128.31;120.27
12/09/2022;91.63;133.5;124.2;93.65;106;93.94;87.57;87.57;93.05;103.07;210.74;363.49;141.32;289.15;63.48;159.2;116.69;86.11;85.16;79.5;84.34;111.71;95.05;102.95;97.86;146.88;91.18;116.2;100.47;127.01;97.33;198.13;116.48;130.66;711.37;123.15;213.63;159.53;117.77;107.74;131.05;121.46
13/09/2022;91.23;133.55;124.25;93.21;106.63;93.21;86.89;86.89;92.78;103.19;209.96;364.92;141.03;286.95;63.36;158.39;116.17;85.73;84.68;79.37;83.94;110.29;94.78;101.69;96.66;145.38;90.16;114.57;99.24;124.18;94.36;200.61;116.72;131.18;695.83;121.34;207.13;152.78;117.56;108.17;128.86;117.29
14/09/2022;91.17;133.15;123.88;93.3;106.51;93.2;86.88;86.88;92.65;102.8;209.17;363.65;141.62;285.39;63.32;158.72;116.08;85.66;84.5;79.09;83.89;110.38;94.82;101.52;96.49;145;90.01;114.57;99.3;124.39;94.3;197.9;114.65;130.25;686.9;120.27;208.31;153.36;116.74;107.56;127.93;116.83
15/09/2022;90.93;132.87;123.62;93.08;106.05;92.96;86.66;86.66;92.51;102.23;208.89;363.13;142.1;284.83;63.24;158.45;115.94;85.56;84.41;78.96;83.64;110.08;94.72;101.1;96.09;144.49;89.7;114.19;99.06;123.01;93.29;197.07;114.75;130.1;680.68;119.35;205.92;151.49;113.85;106.97;127.14;115.62
16/09/2022;90.81;131.59;122.42;92.96;105.35;92.85;86.56;86.56;92.22;101.59;207.78;359.5;142.01;282.93;63.16;158.1;115.71;85.39;84.25;78.7;83.57;109.58;94.5;100.81;95.82;144;89.33;112.79;97.79;121.83;92.69;193.79;112.07;128.69;668.16;117.44;203.3;150.06;111.1;106.59;125.63;114.78
19/09/2022;90.59;131.92;122.73;92.73;105.44;92.78;86.49;86.49;92.13;101.82;207.71;359.79;141.41;282.63;63.1;157.84;115.59;85.3;83.94;78.65;83.34;109.59;94.57;100.78;95.79;143.92;89.42;112.88;97.99;122.54;93.11;193.33;111.12;127.58;666.73;117.31;204.96;151.02;111.05;106.59;125.64;115.24
20/09/2022;90.03;132.2;123;91.97;105.21;92.27;86.01;86.01;91.85;101.86;207.12;359.32;140.97;281.72;62.94;156.27;115.09;84.93;83.67;78.27;82.78;108.94;94.37;100.19;95.23;143.32;88.83;111.09;96.45;121.63;92.3;195.13;112.39;128.22;655.42;116.11;203.05;149.31;111.75;106.94;123.89;113.83
21/09/2022;90;133.09;123.82;92.12;106.13;92.33;86.07;86.07;91.82;102.6;206.62;364.76;141.44;282.51;62.89;156.9;115.16;84.98;83.71;78.12;82.74;108.36;94.4;100.11;95.16;142.76;88.69;111.9;97.39;121.55;91.31;194.6;110.92;128.66;660.78;117.21;201.93;146.68;110.73;106.71;124.71;112.45
22/09/2022;89.62;133.46;124.16;91.75;105.98;91.6;85.39;85.39;91.62;102.96;205.92;363.97;141;279.84;62.76;156.35;114.74;84.67;83.4;77.77;82.37;107.67;94.3;99.47;94.55;142.37;88.3;110.42;96.09;121.33;90.6;194;110.43;128.74;644.95;115.28;201.47;145.33;110.64;108.55;122.57;111.37
23/09/2022;89.25;134.33;124.98;91.3;106.31;91.19;85;85;91.29;102.62;204.81;364.16;139.94;276.65;62.63;155.56;114.37;84.4;83.03;77.21;82.03;106.78;94.15;98.88;93.99;141.44;87.96;107.22;93.17;120.93;89.52;192.78;109.69;128.46;626.73;112.79;200.16;142.64;109.82;108.55;119.56;109.93
26/09/2022;88.7;134.31;124.96;90.7;105.46;90.28;84.16;84.16;90.8;101.23;203.03;361.02;138.15;272.37;62.46;154.36;113.57;83.81;82.4;76.44;81.55;105.71;93.84;98.09;93.23;140.83;87.23;107.73;93.59;120.34;88.71;191.13;110.69;127.45;623.74;112.31;199.25;141.05;110.91;106.18;119.15;108.63
27/09/2022;88.19;134.36;125;89.77;105.12;89.49;83.42;83.42;90.35;101.38;202.57;358.51;135.58;269.47;62.34;152.37;112.88;83.3;81.98;76.03;81.06;105.36;93.64;97.62;92.79;140.59;86.86;106.4;92.43;120.41;88.54;192.47;111.69;127.4;620.68;112.18;199.46;140.75;112.83;106.8;118.49;108.35
28/09/2022;88.17;132.54;123.31;90.1;105.36;90.19;84.07;84.07;90.09;100.72;201.1;357.51;135.88;269.08;62.3;153.71;112.79;83.23;81.84;75.21;81.16;106.56;93.86;98.25;93.39;141.09;87.68;106.08;92;121.86;89.69;189.72;108.84;125.74;623.16;112.67;203.19;143.66;110.36;105.76;118.62;110.02
29/09/2022;87.82;131.45;122.3;89.5;103.98;89.87;83.77;83.77;89.65;99.27;200.23;350.51;134.48;267.24;62.23;152.51;112.47;83;81.59;74.96;80.87;105.68;93.4;97.3;92.48;140.1;86.7;103.42;90;118.75;88.4;186.7;106.44;123.22;608.47;110.87;196.68;140.8;110.26;105.81;116.12;108.12
30/09/2022;88.04;132.83;123.58;89.83;104.35;90;83.89;83.89;89.74;99.59;200.56;349.25;134.69;267.04;62.31;153.43;112.54;83.05;81.52;75.04;81.1;105.16;93.17;97.13;92.32;139.61;86.37;105.72;91.38;117.15;87.42;186.51;106.1;122.56;621.82;112.19;193.3;138.72;108.78;103.83;117.89;107.34
03/10/2022;88.71;132.83;123.58;90.93;104.94;90.9;84.74;84.74;90.08;100.52;200.78;351.07;136.24;269.04;62.44;155.97;113.32;83.62;81.82;75.16;81.87;106.52;93.62;98;93.15;140.59;87.43;107.43;92.72;119.31;89.19;185.98;105.34;121.08;629.91;112.96;197.7;142.31;108.78;104.46;119.28;109.62
04/10/2022;89.23;132.83;123.58;91.32;104.03;91.44;85.24;85.24;90.56;100.26;203.27;350.26;137.68;272.15;62.65;156.54;113.78;83.96;82.21;75.92;82.34;107.76;94.13;99.1;94.19;142.12;88.15;111.25;95.61;120.89;91.42;186.68;105.34;119.85;649.84;116.49;201.32;147.04;108.78;106.17;123.96;112.79
05/10/2022;88.64;132.83;123.58;90.41;104.12;90.62;84.48;84.48;90.33;100.33;203.18;351.56;136.48;270.3;62.5;154.38;113.24;83.56;81.74;75.65;81.64;107.32;94.07;98.54;93.66;142.01;87.94;109.48;94.28;121.66;91.28;191.65;110.27;122.01;639.39;115.55;203.18;146.92;108.78;107.11;122.06;112.3
06/10/2022;88.43;132.83;123.58;90.08;103.94;90.21;84.1;84.1;90.27;100.34;203.02;351.69;136.03;269.93;62.43;153.85;113.09;83.46;81.83;75.56;81.38;106.76;93.9;98.28;93.42;141.45;87.63;108.46;93.27;120.75;90.49;192.02;109.37;121.09;637.49;114.84;201.42;145.35;108.78;107.42;121.43;111.25
07/10/2022;88.01;132.83;123.58;89.38;103.87;89.49;83.42;83.42;90.01;100.5;202.45;351.97;134.69;268.58;62.32;152.37;112.6;83.09;81.5;75.3;80.92;105.8;93.47;97.45;92.63;140.08;86.91;107.14;92.25;118.5;88.31;190.38;107.74;120.46;625.99;113.57;196.82;141.04;108.78;107.18;119.36;108.49
10/10/2022;87.48;133.41;124.12;88.88;104.02;88.86;82.83;82.83;89.72;100.88;201.61;353.92;133.94;267.74;62.22;151.35;111.94;82.61;81.22;75.08;80.39;105.27;93.32;97.07;92.26;139.77;86.62;107.01;92.14;118.78;87.94;189.58;105.15;120.54;625.16;113;196.65;139.62;106.85;107.18;119.29;107.83
11/10/2022;87.53;132.75;123.51;88.88;103.51;88.86;82.83;82.83;89.54;100.21;200.41;351.11;134.42;265.81;62.23;151.49;112;82.65;81.15;74.79;80.44;104.96;93.14;96.94;92.14;139.21;86.25;106.31;91.43;118.08;87.47;185.44;102.7;118.67;622.37;112.34;195.13;138.58;106.83;106;118.41;107.3
12/10/2022;87.36;133.2;123.93;88.57;103.56;88.86;82.83;82.83;89.3;99.68;199.71;350.78;134.21;265.29;62.18;150.65;111.72;82.44;80.98;74.55;80.28;104.77;93.04;96.74;91.95;138.76;86.01;104.81;90.42;117.72;87.14;185.69;102.76;119.53;616.62;111.9;194.69;138.1;108.38;105.52;117.86;106.73
13/10/2022;87.19;132.47;123.25;88.65;103.29;88.41;82.41;82.41;89.03;99.41;199.35;347.27;134.74;263.04;62.09;151.21;111.37;82.18;80.59;74.2;80.11;105.12;93.19;96.77;91.98;139.86;86.06;106.56;91.73;119.61;88.78;183.55;100.77;119.44;625.77;112.64;199;141.58;107.15;104.25;119.19;108.69
14/10/2022;87.07;132.16;122.96;88.22;102.72;88.03;82.06;82.06;89;99.21;199.86;345.56;133.53;262.71;62.09;150.34;111.38;82.2;80.57;74.35;79.89;104.43;93.03;96.35;91.59;139.33;85.48;107.44;92.41;117.5;87.48;184.44;101.72;119.23;631.87;113.2;193.61;138.07;109.12;105.31;120.05;107.26
17/10/2022;87.33;131.12;121.99;88.61;102.41;88.25;82.26;82.26;89.24;98.65;200.3;344.22;134.34;263.33;62.14;151.3;111.67;82.41;80.74;74.4;80.11;105.32;93.3;96.87;92.07;140.37;85.94;109.4;93.96;119.03;89.06;183.77;101.2;117.7;647.15;115.08;197.55;141.9;108.19;103.43;122.11;109.52
18/10/2022;87.44;130.91;121.79;88.66;102.22;88.52;82.52;82.52;89.38;98.39;201.24;343.82;134.04;263.92;62.21;151.37;111.7;82.43;80.72;74.39;80.16;105.81;93.45;97.15;92.34;141.12;86.22;110.53;94.55;119.69;89.83;185.35;102.67;118.35;650.9;115.34;199.14;143.48;107.72;103.81;123.14;110.54
19/10/2022;87.1;131.2;122.06;88.17;102.12;87.85;81.89;81.89;89.16;98.25;201;343.39;133.18;261.98;62.09;150.53;111.34;82.16;80.25;74.23;79.72;105.04;93.24;96.68;91.89;140.81;85.61;110.14;94.38;119.47;89.26;183.84;100.13;118.49;643.39;114.82;199.03;142.55;106.27;104.05;123;109.52
20/10/2022;86.97;130.21;121.14;88.02;101.35;87.36;81.44;81.44;88.98;97.85;200.52;339.45;133.68;260.39;62.05;150.25;111.06;81.95;80.07;73.97;79.53;104.49;92.98;96.36;91.59;140.7;85.12;111.39;95.36;118.23;88.68;182.93;98.25;117.47;646.59;115.04;196.58;141.53;105.8;103.18;123.86;108.63
21/10/2022;86.92;130.58;121.01;87.95;101.41;87.28;81.36;81.36;88.81;97.9;200.04;339.47;133.9;259.11;62.06;149.92;111.02;81.93;80;73.68;79.48;105.14;93.1;96.71;91.92;141.46;85.65;111;94.82;120.31;89.93;183.96;98.92;115.37;639.43;114.3;202.03;144.73;106.27;102.55;123.36;110.23
24/10/2022;87.29;129.22;119.75;88.55;101.11;87.39;81.46;81.46;89.15;96.81;200.68;337.8;135.35;260.08;62.14;151.28;111.32;82.15;80.11;73.88;79.85;105.08;93.04;97.18;92.37;142.22;85.62;112.97;96.52;120.72;90.83;178.14;90.33;113.13;649.84;115.87;202.56;146.32;102.17;102.5;125.53;111.36
25/10/2022;87.91;127.42;118.08;89.62;101.38;88.42;82.43;82.43;89.71;96.74;201.62;339.26;137.49;263.1;62.3;153.4;112.06;82.69;80.66;74.29;80.41;105.92;93.47;98.04;93.19;143.35;86.42;114.98;98;121.53;91.88;177.13;90.87;113.23;662.87;117.63;204.63;148.83;100.71;103.13;127.63;113.52
26/10/2022;88.21;128.44;119.02;89.95;101.51;89;82.96;82.96;90.01;96.97;202.58;339.73;137.61;265.79;62.4;153.94;112.5;83.02;80.7;74.71;80.67;106.13;93.51;98.19;93.33;143.18;86.56;115.58;98.39;120.56;91.72;177.03;91.41;112.49;670.54;118.34;201.38;147.74;103.01;103.51;128.08;112.97
27/10/2022;88.91;128.68;119.24;91.06;102.59;89.89;83.79;83.79;90.58;97.67;203.72;343.7;140.39;267.49;62.63;156.08;113.03;83.41;81.06;75.1;81.39;106.53;93.53;98.47;93.59;142.94;86.95;115.94;99;120.57;91.29;179.09;91.9;114.37;668.59;118.2;201.8;147.28;101.76;103.49;128.22;112.58
28/10/2022;88.46;128.6;119.17;90.49;102.52;89.29;83.23;83.23;90.48;97.78;204.27;345.74;139.74;267.81;62.52;155.12;112.76;83.21;81;75.18;80.8;106.64;93.66;98.8;93.91;143.8;87.2;115.65;98.88;123.08;92.88;177.24;88.87;114.31;668.08;118.48;207.75;150.8;99.81;102.5;128.33;114.55
31/10/2022;88.42;128.8;119.36;90.11;102.49;88.83;82.81;82.81;90.43;98.03;205.17;346.73;138.86;266.76;62.55;154.02;112.67;83.14;80.9;75.2;80.74;106.66;93.61;98.57;93.69;143.77;87.14;116.11;99.44;123.1;92.43;178.68;87.94;114.64;668.43;118.79;207.76;149.83;99.59;103.75;128.56;114.05
01/11/2022;88.42;128.8;119.36;90.11;102.49;88.83;82.81;82.81;90.43;98.03;205.17;346.73;138.86;266.76;62.55;154.02;112.67;83.14;80.9;75.2;80.74;106.66;93.61;98.57;93.69;143.77;87.14;116.11;99.44;123.1;92.43;178.68;87.94;114.64;668.43;118.79;207.76;149.83;99.59;103.75;128.56;114.05
02/11/2022;88.61;129.17;119.7;90.27;102.92;89;82.97;82.97;90.6;98.92;205.6;348.46;139.08;267.73;62.58;154.33;112.82;83.25;81.2;75.42;80.86;106.11;93.57;98.07;93.21;142.7;86.86;116.38;99.93;120.93;90.67;183.64;95.14;114.25;667.8;119;202.11;145.63;103.2;105.6;128.54;111.78
03/11/2022;88.16;129.97;120.44;89.74;103.16;88.38;82.39;82.39;90.17;99.45;204.44;350.48;138.33;266.11;62.44;153.18;112.45;82.98;80.93;75.17;80.41;105.72;93.54;97.53;92.7;142.02;86.48;115.75;99.57;120.7;89.74;183.22;93.93;114.94;659.92;118.18;202.42;144.13;103.09;105.6;127.35;110.66
04/11/2022;88.12;129.01;119.56;89.47;102.19;88.16;82.18;82.18;90.14;99.4;204.95;347.25;138.13;267.38;62.44;152.54;112.19;82.79;80.87;75.41;80.34;105.91;93.68;97.96;93.11;142.94;86.63;118.08;101.62;120.86;90.78;185.52;98.35;113.06;670.66;120.29;202.45;146.19;106.3;103.72;130.82;111.83
07/11/2022;88.03;128.16;118.77;89.24;101.33;87.89;81.93;81.93;90.15;98.84;205.67;345.87;138.1;269.09;62.41;152.32;112.3;82.88;81.04;75.67;80.23;105.92;93.67;98.04;93.19;143.33;86.53;119.46;102.41;120.87;91.5;185.55;98.95;111.56;674.73;120.47;202.19;147.46;103.76;104.03;131.57;113.01
08/11/2022;88.32;126.88;117.58;89.66;101.22;88.43;82.43;82.43;90.48;98.55;206.16;345.35;138.99;270.44;62.45;153.07;112.56;83.06;81.2;75.83;80.5;106.24;93.75;98.43;93.56;143.89;87;119.98;103.16;121.09;92.06;184.94;97.63;111.31;682.93;121.28;201.93;148.19;103.1;105.07;132.9;113.78
09/11/2022;88.75;127.78;118.41;90.29;102.01;88.8;82.78;82.78;90.72;99.05;206.15;346.98;139.66;270.59;62.54;154.14;112.78;83.22;81.27;76.03;80.95;105.69;93.52;98.24;93.38;142.99;86.7;120.24;103.67;119.77;90.87;185.72;96.28;111.46;680.57;120.91;198.63;145.26;102.11;104.49;132.64;112.6
10/11/2022;89.64;125.68;116.47;91.57;102.15;90.65;84.51;84.51;91.85;98.6;207.96;347.84;141.61;275.16;62.81;156.73;114.13;84.22;82.14;76.9;81.86;107.75;94.4;100.35;95.38;145.21;88.82;123.65;106.02;123.08;94.14;181.26;93.79;109.37;699.51;124.37;206.54;152.98;100.79;105.84;136.28;118.02
11/11/2022;89.4;126.24;116.98;90.82;101.78;90.27;84.15;84.15;91.86;98.45;209.61;344.71;139.86;276.37;62.76;154.83;113.91;84.06;82.19;77.47;81.55;107.94;94.52;100.5;95.52;146.42;88.92;124.58;106.21;122.62;94.68;187.02;99.48;109.26;706.83;124.24;205.18;153.98;102.38;107.98;137.29;118.85
14/11/2022;89.54;126.86;117.56;90.92;101.66;90.34;84.22;84.22;91.91;98.64;209.93;346.8;139.42;278.07;62.8;154.82;114.31;84.36;82.46;77.63;81.69;107.55;94.3;100.46;95.49;146.15;88.52;124.93;106.73;122;94.31;187.56;100.74;109.46;705.67;124.15;203.02;152.51;102.39;106.07;138.02;118.12
15/11/2022;89.82;126.28;117.02;91.4;101.95;90.99;84.82;84.82;92.28;99.02;210.14;348.62;139.99;280.35;62.85;155.97;114.86;84.76;82.83;78;81.99;108.12;94.6;100.92;95.92;146.59;89.14;125.33;107.17;122.45;94.84;190.86;105.16;109;708.31;124.82;204.19;153.84;103.82;106.82;138.48;118.85
16/11/2022;90.26;125;115.84;92.13;101.95;91.76;85.54;85.54;92.63;98.22;209.87;348.76;141.27;281.39;62.93;157.31;115.16;84.98;83.04;78.14;82.48;108.04;94.54;100.92;95.92;145.7;88.81;124.1;106.46;121.47;94.41;188.9;103.77;109.64;695.28;123.65;202.14;152.87;102.23;106.29;136.82;118
17/11/2022;90.15;124.87;115.71;91.97;101.85;91.34;85.15;85.15;92.37;97.66;209.4;348.48;140.92;279.16;62.89;157.1;114.57;84.55;82.64;78.08;82.35;107.78;94.54;100.68;95.7;145.37;88.63;123.19;105.65;121.9;94.26;188.03;103.3;111.72;691.14;123.44;202.86;152.3;102.23;106.48;136.45;117.55
18/11/2022;90.27;124.55;115.42;92.1;101.63;91.38;85.19;85.19;92.38;97.9;209.71;346.74;141.32;278.58;62.95;157.56;114.55;84.53;82.69;77.99;82.5;107.61;94.54;100.95;95.95;145.68;88.8;124.66;107.07;122.32;94.77;187.56;102.77;111.6;699.68;124.78;203.11;152.92;102.31;106.73;138.16;118.12
21/11/2022;90.41;125.24;116.06;92.2;102.29;91.32;85.13;85.13;92.42;98.5;209.94;350.26;141.22;278.19;62.98;157.62;114.49;84.49;82.56;77.92;82.63;107.5;94.57;100.9;95.91;145.48;88.86;123.84;106.48;123.1;94.6;187.62;102.1;111.69;698.32;124.72;204.49;152.19;101.81;106.78;137.81;117.97
22/11/2022;90.59;125.33;116.14;92.4;102.4;91.75;85.53;85.53;92.68;98.52;210.59;351.02;141.64;279.88;63.03;157.85;114.76;84.69;82.73;78.05;82.81;107.99;94.77;101.47;96.44;146.14;89.44;124.8;107.41;124.2;95.67;186.36;99.99;110.88;702.14;125.46;206.42;154.2;101.35;107.96;138.59;119.3
23/11/2022;90.87;124.24;115.13;92.89;102.19;92.27;86.01;86.01;93.13;98.24;211.59;350.58;142.53;281.88;63.06;159.03;115.37;85.14;83.21;78.34;83.08;108.13;94.85;101.88;96.83;146.41;89.75;125.26;107.67;123.81;95.94;185.66;99.78;110.51;707.77;126.16;205.82;155.01;100.4;107.96;138.86;119.95
24/11/2022;91.35;124.07;114.98;93.5;102.58;92.76;86.47;86.47;93.45;98.94;212.49;349.73;143.55;282.1;63.18;160.28;115.61;85.32;83.39;78.72;83.56;108.28;94.93;102.13;97.07;146.79;90.03;125.9;108.19;123.81;95.94;187.48;100.27;110.54;715.11;126.51;205.82;155.01;99.28;110.19;139.52;119.95
25/11/2022;90.96;123.82;114.75;92.85;102.31;92.36;86.1;86.1;93.29;98.54;212.56;351.4;142.33;283.3;63.08;158.71;115.47;85.21;83.31;78.77;83.14;108.3;94.92;102.07;97.02;146.74;89.79;125.83;108.11;123.62;96;186.77;99.36;111.78;713.84;126.47;205.02;154.86;98.36;109.49;139.66;120.13
28/11/2022;90.92;123.14;114.11;92.72;102.11;92.31;86.06;86.06;93.21;98.74;212.31;351.85;142.07;283.39;63.08;158.36;115.54;85.27;83.47;78.84;83.09;107.81;94.72;101.63;96.6;145.83;89.12;124.5;106.95;122.25;94.91;185.07;98.46;112.54;704.92;125.64;202.13;152.61;96.97;109.46;138.51;118.58
29/11/2022;91.26;123.83;114.76;93.14;102.5;92.39;86.12;86.12;93.37;99.58;212.27;354.12;142.84;284.13;63.19;159.35;115.88;85.51;83.47;79.05;83.42;107.93;94.82;101.6;96.57;145.71;89.36;124.7;107.07;122.36;94.76;189.97;104.56;115.01;701.44;125.51;202.44;152.26;100.48;109.71;138.46;118.5
30/11/2022;91.22;124.8;115.65;93.08;103.14;92.45;86.18;86.18;93.51;100.4;212.27;358.39;143.44;285.88;63.15;159.14;115.94;85.56;83.74;79.12;83.39;108.87;95.29;102.25;97.19;146.79;90.56;125.26;107.67;125.45;96.69;194.84;108.02;116.32;705.53;126.34;209.81;156.76;101.87;108.94;139.08;121.37
01/12/2022;91.94;124.08;114.99;94;102.99;93.63;87.28;87.28;94.08;99.43;213.28;355.47;145.94;288.49;63.36;161.02;116.87;86.25;84.39;79.59;84.11;109.17;95.28;102.89;97.8;147.52;90.71;125.94;108.17;124.25;96.9;192.41;106.64;114.57;715.83;127.4;206.12;156.72;100.55;109.59;139.94;121.64
02/12/2022;91.84;124.91;115.75;93.86;103.21;93.55;87.21;87.21;94.17;99.97;213.42;357.18;145.56;289.47;63.3;160.7;117.02;86.35;84.35;79.71;83.95;109.01;95.27;102.88;97.79;147.28;90.43;125.82;107.92;124.19;96.77;191.77;106.85;117;718.72;127.1;206.02;156.45;100.23;108.52;139.96;121.49
05/12/2022;91.93;125.91;116.68;93.85;102.66;93.32;86.99;86.99;94.04;99.25;213.63;354.15;145.62;288.49;63.33;160.66;116.84;86.22;84.29;79.73;84.03;108.36;94.96;102.48;97.41;146.28;89.55;125.4;107.7;122.21;95.71;192.36;111.17;117.68;713.11;126.6;201.36;153.79;102.83;106.79;139.22;119.8
06/12/2022;92.25;125.25;116.07;94.27;102.81;93.82;87.46;87.46;94.14;99.21;213.52;353.45;145.71;287.28;63.41;161.52;116.8;86.2;84.25;79.62;84.36;108.21;94.94;102.31;97.25;145.55;89.42;123.82;106.5;121.11;94.77;190.72;110.73;116.01;708.68;125.96;198.85;151.58;102.73;106.92;138.6;118.48
07/12/2022;92.32;125.53;116.33;94.46;103.12;94.26;87.87;87.87;94.26;99.62;213.19;354.48;145.97;288.11;63.44;161.98;117.25;86.52;84.19;79.63;84.46;108.34;95.05;102.42;97.35;145.08;89.56;123.43;106.42;120.8;94.52;188.34;107.51;116.2;704.53;125.19;198.43;151.29;102.11;106.74;137.97;118.3
08/12/2022;92.18;125.13;115.96;94.24;102.69;93.9;87.53;87.53;94.17;99.5;212.95;353.88;145.72;288.69;63.39;161.48;117.28;86.55;84.23;79.68;84.31;108.26;95.02;102.38;97.31;145.18;89.59;123.42;106.37;120.84;94.83;189.44;110.89;115.79;702.45;124.97;199.09;152.32;102.1;106.11;137.55;119.23
09/12/2022;91.75;125.56;116.35;93.6;102.52;93.51;87.17;87.17;93.83;99.15;212.77;353.33;144.5;288.12;63.28;160.09;116.84;86.22;84;79.69;83.88;107.81;94.92;102.13;97.08;145.38;89.34;124.12;106.74;120.45;94.5;190.9;112.96;116.08;709.21;126.04;197.49;151.07;102.28;107.04;138.63;118.83
12/12/2022;91.67;125.17;115.99;93.55;102.22;93.34;87.01;87.01;93.78;98.3;212.73;354.08;144.52;288.16;63.23;160.03;116.71;86.12;84.06;79.64;83.8;108.03;94.96;102.26;97.2;145.37;89.52;123.86;106.75;121.52;95.21;188.77;110.44;115.08;704.23;125.41;200.69;153.12;101.54;106.34;137.74;119.85
13/12/2022;91.9;123.96;114.87;93.75;101.82;93.81;87.45;87.45;94.12;98.48;213.55;352.98;144.18;290.31;63.34;160.34;117.37;86.61;84.63;79.88;83.99;108.36;95.06;102.83;97.74;146.42;89.95;125.75;108.1;121.46;95.83;187;109.34;114.74;715.63;126.98;200.11;154.28;100.02;107.26;139.76;120.85
14/12/2022;91.95;124.64;115.51;93.55;102.04;93.91;87.54;87.54;94.08;98.66;213.89;353.12;143.28;290.62;63.38;159.68;117.36;86.6;84.59;79.9;84.06;108.29;94.99;102.69;97.61;146.17;89.7;125.61;107.93;120.88;95.45;188.34;110.23;114.36;712.84;126.84;198.87;153.49;100.54;107.9;139.38;120.39
15/12/2022;91.21;124.09;115;92.62;101.45;93.6;87.26;87.26;93.81;97.9;213.58;352.07;140.81;289.76;63.12;157.27;116.68;86.1;84.16;79.61;83.27;107.83;94.57;101.68;96.65;143.86;88.14;121.77;104.54;118.02;93.45;185.82;108.35;113.81;693.13;123.11;193.68;149.68;99.56;105.46;134.96;117.83
16/12/2022;90.77;124.36;115.24;92.01;101.4;93.23;86.91;86.91;93.33;97.92;212.19;351.36;138.94;288.2;62.98;155.79;116.44;85.93;84.1;78.97;82.87;107.57;94.43;101.11;96.11;142.87;87.61;121.4;104.28;117.11;92.5;185.9;109.27;113.37;683.26;121.82;191.97;147.83;100.09;105.44;133.82;116.43
19/12/2022;90.62;124.62;115.49;91.72;101.32;92.8;86.51;86.51;93.05;98.52;211.89;350.8;138.45;286.74;62.96;155.13;116.19;85.74;83.93;78.84;82.7;107.19;94.26;100.74;95.76;142.56;87.19;121.18;104.16;116.73;91.93;186.52;108.8;113.46;684.24;122.03;190.84;146.44;98.87;104.86;134.12;115.4
20/12/2022;90.16;124.12;115.02;91.19;100.91;92.19;85.94;85.94;92.65;98.55;211.12;346.9;137.47;285.13;62.83;154.01;116.05;85.64;83.89;78.5;82.21;106.82;94.06;100.46;95.49;142.42;86.83;120.91;104.09;116.37;91.83;184.22;106.03;111.82;680.08;121.65;189.9;146.53;96.9;107.26;133.96;115.22
21/12/2022;90.12;124.35;115.24;91.15;101.18;92.14;85.89;85.89;92.71;99.03;211.17;349.09;137.64;286.23;62.83;154.14;116.07;85.65;83.84;78.53;82.16;106.98;94.29;100.94;95.95;143.41;87.42;122.78;105.68;118.01;92.95;185.24;107.05;111.74;693.58;123.64;193.17;148.68;97.22;106.48;136.37;116.78
22/12/2022;89.98;124.36;115.25;90.92;101.24;92.14;85.9;85.9;92.62;99.45;211.31;349.54;137.51;286.18;62.8;153.71;116.25;85.79;83.66;78.55;82;106.84;94.21;100.58;95.6;142.8;86.9;121.62;104.65;117.06;92.14;187.45;109.63;111.75;686.14;122.47;190.48;146.41;97.4;107.3;134.84;115.56
23/12/2022;89.8;124.2;115.1;90.69;100.89;91.82;85.6;85.6;92.46;99.69;211.22;348.53;137.33;285.66;62.72;153.32;116.1;85.68;83.58;78.49;81.81;106.68;94.09;100.57;95.59;142.65;86.71;122.03;104.89;117.33;92.44;185.67;108.45;111.49;688.42;122.35;191.24;147.16;97.4;106.45;134.86;115.77
26/12/2022;89.8;124.2;115.1;90.69;100.89;91.82;85.6;85.6;92.46;99.69;211.22;348.53;137.33;285.66;62.72;153.32;116.1;85.68;83.58;78.49;81.81;106.68;94.09;100.57;95.59;142.65;86.71;122.03;104.89;117.33;92.44;185.67;108.45;111.49;688.42;122.35;191.24;147.16;97.4;106.45;134.86;115.77
27/12/2022;89.31;124.2;115.1;89.96;100.16;91.26;85.08;85.08;92.07;99.02;211.21;346.64;136.11;285.05;62.62;151.77;115.45;85.2;83.21;78.41;81.3;106.18;93.96;100.25;95.29;142.72;86.36;121.97;104.87;116.83;92.27;186.34;108.45;110.6;689.31;122.54;189.65;146.42;97.4;106.13;135.13;115.45
28/12/2022;89.46;124.31;115.2;90.03;100.22;91.21;85.02;85.02;92.06;99.43;211.1;347;136.49;284.46;62.68;151.89;115.38;85.14;83.23;78.41;81.47;105.92;93.83;99.92;94.98;142.07;85.88;121.33;104.45;115.99;91.45;187.24;109.85;110.79;688.52;122.37;187.98;144.68;98.13;105.72;134.46;114.32
29/12/2022;89.67;124.07;114.97;90.41;100.15;91.37;85.17;85.17;92.19;99.34;211.03;345.56;137.56;284.42;62.72;152.69;115.41;85.16;83.29;78.38;81.72;106.27;94.02;100.4;95.43;142.84;86.59;123.07;105.65;116.93;92.45;186.05;108.67;110.09;693.88;123.17;190.61;147.3;97.64;105.47;135.84;115.8
30/12/2022;89.26;124.55;115.42;89.74;99.87;91.09;84.92;84.92;91.9;99.31;211.02;344.52;135.91;283.7;62.63;151.23;115.17;84.99;82.97;78.27;81.25;106.11;93.98;100.08;95.13;142.35;86.07;122.01;104.2;116.34;91.96;185.58;108.67;110.08;685.31;121.61;189.99;146.89;98.78;106.12;133.84;115.17
02/01/2023;89.64;124.55;115.42;90.37;99.81;91.29;85.1;85.1;92.09;98.44;210.99;343.14;137.53;283.4;62.69;152.56;115.16;84.98;82.82;78.23;81.62;106.06;93.95;100.27;95.3;142.68;86.37;123.63;105.99;116.34;91.96;185.58;108.67;109.91;692.58;122.89;189.99;146.89;98.78;106.12;136.23;115.17
03/01/2023;89.9;126.43;117.17;90.75;101.27;91.62;85.41;85.41;92.46;99.61;211.78;349.86;138.08;284.91;62.75;153.52;116.03;85.62;83.4;78.47;81.95;106.37;94.16;100.39;95.42;143.35;87.01;124.95;107.07;117.54;92.07;188.76;111.99;113.11;700.91;124.28;191.35;146.34;100.21;106.12;137.49;115.35
04/01/2023;90.41;126.45;117.18;91.5;101.39;92.21;85.96;85.96;92.93;99.66;212.89;349.7;138.97;286.05;62.91;155.27;116.43;85.92;83.57;78.53;82.46;106.89;94.42;101.08;96.07;144.55;87.91;126.59;108.68;117.88;92.65;190.24;115.2;113.03;711.42;126.31;192.09;147.55;100.65;105.73;140.77;116.3
05/01/2023;90.22;127.54;118.19;91.15;101.77;92.01;85.77;85.77;92.69;100.31;212.79;350.91;137.81;284.71;62.86;154.68;116.23;85.77;83.44;78.32;82.23;106.8;94.37;100.74;95.75;144.46;87.36;126.31;108.51;117.58;91.93;193.76;118.34;114.06;711.57;125.88;191.1;145.62;103.24;105.11;140.63;115.2
06/01/2023;90.7;127.1;117.78;91.87;102.02;92.91;86.61;86.61;93.36;100.87;213.35;350.83;138.8;286.86;62.99;156.07;116.8;86.19;83.91;78.45;82.72;107.79;94.8;101.73;96.7;145.64;88.69;127.69;109.83;119.02;93.51;193.22;117.34;112.76;719.58;127.38;193.91;148.89;103.18;105.61;142.5;117.16
09/01/2023;90.72;127.47;118.13;91.85;101.67;93.15;86.83;86.83;93.58;100.88;214.38;348.54;138.22;288.66;63.02;155.85;117.07;86.39;84.11;78.67;82.7;107.94;94.74;101.94;96.89;145.93;88.73;129.41;110.62;117.83;93.46;195.24;118.38;112.38;729.77;128.43;191.35;148.77;103.85;105.61;144.15;117.27
10/01/2023;90.46;127.37;118.03;91.51;101.55;92.63;86.35;86.35;93.28;100.99;214.21;346.97;137.55;287.01;62.97;155.15;116.81;86.2;84.15;78.54;82.4;107.93;94.73;101.84;96.8;146.19;88.6;129.12;110.5;118.33;93.82;195.65;118.19;112.62;725.31;127.69;192.84;149.71;103.82;104.55;143.61;117.86
11/01/2023;91.03;127.11;117.8;92.3;101.95;93.32;87;87;93.77;101.55;214.74;348.53;138.95;288.89;63.1;156.75;117.57;86.76;84.58;78.74;82.97;108.43;95.13;102.43;97.36;146.99;89.23;130.21;111.25;119.27;94.74;195.66;118.59;113.01;728.59;128.14;194.76;151.51;103.31;105.03;144.82;119.08
12/01/2023;91.37;127.07;117.75;92.75;102.3;94.02;87.64;87.64;94.27;102.21;215.7;349.57;139.73;291.02;63.22;157.37;118;87.08;84.88;78.97;83.26;109.03;95.31;102.84;97.75;147.47;89.71;130.76;111.94;119.31;94.99;195.09;117.93;112.91;735.83;128.99;194.76;152.15;103.27;107.23;145.92;119.76
13/01/2023;91.47;127.63;118.27;92.75;102.49;94.06;87.69;87.69;94.37;102.73;216.45;349.13;139.55;291.18;63.26;157.26;117.96;87.05;84.89;79.13;83.31;109.06;95.43;102.94;97.84;147.59;89.81;131.26;112.14;119.64;95.3;196.7;119.52;113.27;737.34;129.79;195.42;152.94;104.96;108.48;146.42;120.27
16/01/2023;91.54;127.28;117.95;92.74;102.34;93.97;87.6;87.6;94.36;102.33;216.52;348.79;139;290.83;63.29;157.12;117.8;86.93;84.76;79.11;83.36;109.1;95.35;103.02;97.92;147.71;89.73;131.85;112.63;119.64;95.3;197.05;119.51;112.63;743.09;130.37;195.42;152.94;105.99;106.96;147.07;120.27
17/01/2023;91.96;126.63;117.35;93.31;102.53;94.29;87.9;87.9;94.6;102.14;216.77;350.31;140.14;291.41;63.44;158.36;118.14;87.18;84.89;79.24;83.81;109.22;95.48;103.07;97.97;147.74;89.93;132.45;113.1;119.75;95.18;196.75;118.76;113.71;744.56;131.08;195.63;152.72;105.53;108.57;147.34;120.27
18/01/2023;92.31;126.61;117.33;93.91;103.01;95.35;88.88;88.88;95.29;102.67;217.61;353.71;141.29;295;63.52;159.69;118.81;87.67;85.33;79.82;84.17;109.28;95.49;103.16;98.05;147.62;90.04;133.35;113.41;118.51;94.4;196.72;118.41;114.02;748.89;131.47;192.18;150.44;105.39;109.89;147.61;119.18
19/01/2023;92.09;126.76;117.47;93.67;103.01;95.01;88.57;88.57;95.07;101.92;216.95;354.25;140.5;294.29;63.43;159.26;118.45;87.41;85.1;79.83;83.96;109.03;95.31;102.78;97.69;146.59;89.48;131.12;111.57;117.85;93.63;197.11;118.8;114.06;734.59;129.46;191.39;149.22;105.68;109.24;144.78;117.79
20/01/2023;91.7;126.23;116.98;92.84;102.21;94.21;87.82;87.82;94.66;101.98;216.59;351.81;138.97;293.33;63.36;157.44;118.12;87.17;85;79.73;83.57;109.35;95.41;102.85;97.76;147.34;89.55;132.03;112.38;118.89;94.78;197.76;120.72;113.85;740.5;129.87;194.12;151.9;106.05;108.09;145.54;119.6
23/01/2023;91.62;126.23;116.98;92.62;101.71;93.88;87.51;87.51;94.57;101.81;216.55;351.14;139.09;293.65;63.35;157.1;118.05;87.12;84.93;79.86;83.49;109.5;95.61;103.05;97.95;148.16;89.85;132.96;113.15;119.59;95.57;197.76;120.72;114;744.11;130.37;195.76;153.62;106.05;108.01;146.78;120.73
24/01/2023;91.88;126.23;116.98;93.05;101.99;94.24;87.85;87.85;94.77;102.09;216.68;351.56;139.99;294.26;63.42;157.78;118.23;87.24;85.04;79.94;83.79;109.69;95.71;103.18;98.07;148.43;90.11;133.08;113.36;119.53;95.57;197.76;120.72;113.83;743.87;130.09;195.62;153.64;106.05;109.68;146.9;120.76
25/01/2023;91.96;126.23;116.98;93.03;101.99;94.27;87.88;87.88;94.82;102.27;216.8;350.68;139.56;294.22;63.46;157.62;118.38;87.36;85.21;80.03;83.86;109.81;95.78;103.14;98.04;148.4;90.09;132.84;113.28;119.08;95.39;197.33;120.72;113.58;739.08;129.89;194.95;153.47;106.05;110.2;146.67;120.67
26/01/2023;91.83;126.23;116.98;92.68;102.05;94.01;87.63;87.63;94.71;102.59;217.18;351.89;139.11;293.88;63.45;156.93;118.31;87.31;85.12;80.06;83.71;110.08;96.01;103.32;98.21;149.03;90.44;133.92;114.36;120.33;96.03;200.08;123.61;113.62;745.34;130.19;198.1;155.22;106.05;109.9;147.76;121.8
27/01/2023;91.8;126.23;116.98;92.54;102.01;93.9;87.41;87.41;94.67;102.45;217.32;352.3;138.79;293.8;63.46;156.59;118.24;87.25;85.06;80.08;83.69;110.12;96.02;103.38;98.21;149.37;90.53;134.69;115.16;120.49;96.02;200.26;124.36;114.07;747.82;130.36;198.87;155.61;106.05;110.58;148.23;121.99
30/01/2023;91.45;126.38;117.11;92.11;101.62;93.53;87.07;87.07;94.32;101.89;217;349.45;138.3;292.25;63.36;155.79;117.88;86.99;84.88;79.87;83.37;109.4;95.69;103;97.85;148.84;89.8;133.73;114.68;119.29;95.31;198.36;119.91;113.12;744.37;129.98;195.61;153.49;106.04;109.98;147.68;120.81
31/01/2023;91.57;126.44;117.17;92.25;101.65;93.69;87.22;87.22;94.38;101.8;217.05;349.89;138.34;292.32;63.39;156.07;117.91;87.02;84.89;79.79;83.51;109.94;95.82;103.3;98.14;149.11;90.26;134.53;115.32;120.22;95.97;196.04;118.6;113.42;741.94;129.77;198.54;155.61;104.61;110.15;147.95;122.17
01/02/2023;91.65;126.23;116.98;92.35;101.71;94.18;87.67;87.67;94.72;102.07;217.53;350.86;138.29;294.68;63.4;156.07;118.22;87.24;85.06;80.01;83.57;110.49;96;103.69;98.51;149.79;90.79;135.57;115.78;120.4;96.5;196.87;120.21;112.61;745.14;129.68;199.67;157.32;105.1;109.74;148.52;123.4
02/02/2023;92.84;126.46;117.19;93.83;102.51;95.37;88.78;88.78;95.78;103.12;219.82;354.15;141.26;297.79;63.71;158.96;119.26;88.01;85.66;81.07;84.73;111.1;96.38;104.71;99.48;150.82;91.66;137.58;117.2;121.51;97.44;197.23;119.27;113.56;763.78;131.01;201.53;159.01;104.53;109.94;151.18;124.91
03/02/2023;92.53;126.58;117.31;93.1;102.1;94.33;87.81;87.81;95.19;102.25;219.95;353.41;140.13;295.24;63.66;157.6;118.55;87.49;85.21;80.71;84.42;110.25;96.08;104.37;99.15;150.72;90.94;137.15;116.59;121.46;97;197.23;118.11;114.24;762.09;131.65;201.06;157.46;103.2;109.23;151.69;124.14
06/02/2023;92.18;126.95;117.64;92.45;101.8;93.65;87.18;87.18;94.49;101.69;219.44;353.21;139.18;291.83;63.58;156.58;117.86;86.97;84.74;80.16;84.08;109.7;96;103.95;98.75;150.11;90.35;137.32;116.94;121.89;96.57;195.16;116.52;115.2;753.95;130.71;201.96;156.34;102.27;109.53;150.14;123.22
07/02/2023;91.96;127.21;117.89;92.25;102.01;93.42;86.97;86.97;94.34;101.79;219.32;353.17;139.16;290.62;63.54;156.35;117.75;86.89;84.72;79.93;83.9;110.06;96.27;103.9;98.7;150.52;90.68;137.64;117.35;123.11;97.13;196.06;117.89;114.63;753.55;130.87;205.44;158.47;103.12;111.69;150.07;124.4
08/02/2023;91.91;127.05;117.74;92.1;101.75;93.35;86.9;86.9;94.29;101.74;219.37;352.24;139.03;290.72;63.5;155.88;117.58;86.77;84.6;79.87;83.85;109.84;96;103.71;98.53;150.25;90.42;137.46;117.51;122.1;96.54;196.55;117.06;114.67;752.75;131.01;202.88;156.93;102.14;111.43;150.02;123.54
09/02/2023;92.1;126.75;117.46;92.48;101.56;93.33;86.88;86.88;94.29;101.45;219.54;350.03;139.67;289.84;63.54;156.69;117.58;86.77;84.55;79.98;84.07;109.45;95.97;103.72;98.54;150.23;90.48;138.86;118.7;121.34;96.13;196.32;118.59;114.27;755.21;132.17;200.36;155.49;103.33;111.5;151.41;123.24
10/02/2023;91.76;126.97;117.67;92.09;101.74;92.91;86.49;86.49;93.88;101.53;218.65;349.42;139.11;286.95;63.44;155.96;117.18;86.48;84.27;79.44;83.76;109.28;95.91;103.42;98.25;149.81;90.17;137.44;117.72;122.2;96.21;196.06;116.8;114.84;743.9;131.25;202.13;155.61;102.48;112.31;149.66;122.87
13/02/2023;91.63;126.18;116.93;92.02;101.25;92.82;86.41;86.41;93.75;101.19;218.31;348.12;139.2;287.1;63.4;155.98;117.08;86.4;84.24;79.3;83.67;109.44;96.04;103.6;98.42;150.22;90.36;138.6;118.54;122.75;97;195.38;117.02;114.26;748.78;132.3;203.6;157.37;103.12;110.17;150.73;124
14/02/2023;91.31;126.53;117.26;91.6;101.1;92.46;86.08;86.08;93.5;101.19;217.96;348.14;138.94;287.07;63.33;155.37;116.83;86.21;84.04;79.23;83.37;109.28;96.09;103.41;98.24;150.38;90.23;138.84;118.79;122.58;96.85;195.56;116.38;113.54;748.42;132.39;203.93;157.6;103.03;111.36;151.01;124.21
15/02/2023;91.15;126.31;117.05;91.24;100.79;92.12;85.76;85.76;93.27;100.56;217.77;348.19;138.4;286.06;63.3;154.68;116.56;86.01;83.79;79.06;83.24;109.11;95.99;103.35;98.18;150.7;90.11;138.98;118.89;123.16;97.14;194.51;115.54;114.16;754.75;133.02;205.2;157.96;102.45;110.22;152.28;124.41
16/02/2023;91.15;126.07;116.83;91.21;100.67;91.99;85.63;85.63;93.14;100.32;217.72;347.12;138.82;285.03;63.3;154.65;116.36;85.87;83.6;78.92;83.24;108.78;95.88;103.22;98.06;150.61;90.03;139.9;119.93;122.34;96.46;195.55;116.14;114.83;757.88;133.42;202.24;155.59;101.53;110.79;152.75;123.09
17/02/2023;91.2;125.54;116.34;91.32;100.5;91.97;85.62;85.62;93.03;100.22;217.28;346.12;138.67;283.95;63.29;155;116.27;85.8;83.58;78.63;83.33;108.65;95.82;103.22;98.06;150.22;89.9;139.32;119.58;122.19;96.3;193.63;114.46;114.57;756.47;133.22;201.66;155;99.61;110.31;152.28;123.01
20/02/2023;91.1;125.86;116.63;91.19;100.48;91.93;85.58;85.58;92.95;100.1;217.16;344.83;138.59;283.49;63.27;154.75;116.15;85.71;83.44;78.62;83.24;108.58;95.83;103.16;98.01;150.18;89.9;138.8;119.05;122.19;96.3;194.22;115.85;115.24;756.73;133.24;201.66;155;102.1;110.86;152.13;123.01
21/02/2023;90.7;125.33;116.14;90.66;99.91;91.31;85.01;85.01;92.4;99.49;216.07;342.3;137.78;281.34;63.18;153.7;115.68;85.37;83.17;78.24;82.89;107.56;95.39;102.59;97.46;149.29;89.04;138.02;118.41;120.69;95.22;192.58;113.64;114.65;753.81;133.04;197.44;152.03;101.53;110.19;151.31;121.11
22/02/2023;90.66;125.34;116.15;90.6;100.16;91.31;85;85;92.36;100.08;215.59;344.56;137.96;281.74;63.19;153.71;115.87;85.51;83.28;78.07;82.85;107.44;95.33;102.51;97.39;148.8;89.01;136.57;117.03;120.8;94.95;191.3;113.07;113.56;748.01;132.46;198.4;151.96;100.81;109.71;150.93;120.92
23/02/2023;90.84;125.65;116.44;90.9;100.72;91.53;85.21;85.21;92.68;100.66;216.33;348.34;138.99;283.98;63.23;154.4;116.37;85.88;83.58;78.32;83.06;107.64;95.54;102.72;97.58;149.1;89.33;137.49;117.7;121.26;95.1;192.97;113.8;113.7;750.69;132.44;200.28;152.91;100.92;109.71;151.5;121.62
24/02/2023;90.53;124.93;115.78;90.45;100.47;91.11;84.82;84.82;92.35;100.45;216.02;349.01;138.61;283.16;63.12;153.67;116.08;85.66;83.44;78.25;82.73;107.01;95.22;102.23;97.12;148.28;88.79;136.38;116.63;120.69;94.39;190.92;111.52;113.69;744.75;130.81;199.19;151.26;99.19;109.69;149.18;120.27
27/02/2023;90.37;124.18;115.07;90.24;99.84;91.03;84.75;84.75;92.35;100.02;216.04;347.84;138.33;283.79;63.09;153.27;116.13;85.7;83.49;78.21;82.56;107.22;95.28;102.36;97.24;148.89;88.82;138.24;118.4;120.56;94.68;188.96;110.61;112.64;753.26;132.11;198.62;151.7;98.55;109.62;151.38;120.82
28/02/2023;90.04;124.59;115.46;89.86;99.79;90.86;84.58;84.58;92.16;99.88;215.63;347.35;138;283.46;63.01;152.61;115.92;85.55;83.33;77.9;82.22;107.03;95.23;102.08;96.97;148.68;88.64;138.02;118.45;120.12;94.34;188.17;109.46;112.64;752.25;131.74;197.83;151.13;99.04;109.41;151.02;120.42
01/03/2023;89.78;125.18;116;89.47;99.16;90.38;84.14;84.14;91.82;100.27;215.47;343.04;137.76;281.68;62.93;151.79;115.61;85.31;83.14;77.65;81.96;106.75;95.06;101.88;96.78;148.63;88.37;137.17;117.77;119.08;94.05;190.55;113.56;112.77;744.52;130.8;195.8;150.51;101.15;109.05;150.17;119.81
02/03/2023;89.64;125.06;115.9;89.25;99.28;90.08;83.86;83.86;91.51;100.25;214.95;342.87;138.13;279.87;62.92;151.38;115.31;85.09;83;77.29;81.8;106.78;95.1;101.82;96.73;148.85;88.43;137.75;118.22;120.32;94.61;191.15;113.59;112.46;746.09;131.55;198.43;151.63;100.85;108.96;150.76;120.79
03/03/2023;89.72;125.42;116.22;89.48;99.86;90.17;83.94;83.94;91.89;100.57;215.44;346.27;139.15;282.28;62.92;151.86;115.56;85.28;83.15;77.49;81.9;107.64;95.55;102.14;97.03;149.92;89.03;139.45;119.84;121.81;95.66;192.74;114.85;112.39;754.79;132.69;201.75;153.99;100.87;110.66;152.67;122.48
06/03/2023;89.62;124.31;115.2;89.34;99.26;90.08;83.86;83.86;91.96;100.31;216.21;345.1;138.37;283.46;62.9;151.73;115.73;85.4;83.24;77.71;81.79;107.54;95.55;102.11;97;150.29;88.74;139.99;120.3;121.25;95.77;192.14;113.47;111.85;755.4;132.57;200.25;154;99.11;110.83;153.16;122.48
07/03/2023;89.82;124.85;115.69;89.46;99.72;90.13;83.91;83.91;91.88;100.42;216.37;347.06;137.4;282.65;62.91;152;115.75;85.42;83.26;77.64;81.98;107.06;95.31;101.83;96.74;149.44;88.38;138.89;119.57;120.66;94.78;192.83;113.48;112.41;748.75;131.56;199.04;151.71;97.98;111.62;151.99;121.13
08/03/2023;89.9;124.53;115.4;89.71;99.81;90.27;84.04;84.04;91.78;100.73;216.06;346.73;137.2;281.49;62.9;152.79;115.86;85.5;83.35;77.52;82.09;107.01;95.4;101.87;96.78;149.52;88.65;139.23;120.07;120.96;94.79;191.63;111.49;112.7;749.23;131.61;200.01;151.97;97.92;112.18;152.47;121.49
09/03/2023;89.97;124.48;115.36;89.82;99.95;90.49;84.24;84.24;91.91;100.67;215.82;346.46;137.47;281.63;62.95;152.78;115.91;85.54;83.34;77.47;82.14;106.6;95.16;101.82;96.73;148.75;88.21;138.41;119.29;119.83;93.95;189.51;109.37;112.9;745.3;131.6;195.87;148.99;97.11;113.62;152.02;120.02
10/03/2023;90.35;123.99;114.9;90.61;100.18;91.67;85.34;85.34;92.44;100.22;215.11;344.98;138.32;283.37;63.06;154.26;116.34;85.85;83.3;77.68;82.55;106.77;95.06;102;96.9;147.62;87.83;136.6;117.68;117.32;92.65;185.28;106.12;112.01;732.97;129.96;190.86;146.79;96.08;112.46;149.94;117.83
13/03/2023;90.9;125.03;115.86;91.86;101.36;93.48;87.02;87.02;92.99;100.17;214.09;344.81;140.05;284.37;63.25;156.84;117.12;86.43;83.66;78.01;83.2;107.06;95.2;102.09;96.98;146.05;87.65;131.79;113.48;116.51;92.22;185.98;107.79;110.92;713.78;126.83;189.51;146.38;97.81;111.34;145.32;117.18
14/03/2023;90.09;125.23;116.05;90.82;100.8;92.38;86;86;92.4;100.1;214.19;343.14;139.01;282.72;63.02;155.02;116.4;85.9;83.24;77.73;82.43;106.8;95.12;101.9;96.81;146.81;87.27;134.64;115.92;117.74;93.16;183.53;105.96;111.05;726.47;128.66;193.03;148.93;96.11;107.76;147.85;118.64
15/03/2023;91;126.35;117.09;92.37;103.14;94.25;87.74;87.74;92.87;100.93;213.36;348.45;140.63;282.08;63.21;158.3;117.34;86.59;83.74;77.72;83.43;107;95.4;101.62;96.54;145.37;87.69;129.26;111.2;118.54;92.47;187.11;108.99;111.9;704.05;125.04;194.97;147.85;97.28;111.58;142.62;117.35
16/03/2023;90.1;125.57;116.37;91.51;101.93;93.27;86.83;86.83;92.27;100.19;213.04;345.39;139.34;281.78;62.99;156.85;116.95;86.3;83.5;77.59;82.56;106.73;95.38;101.69;96.6;146.36;87.35;130.95;112.54;119.23;93.6;185.11;107.24;110.52;713.77;126.53;197.04;150.56;95.23;109.51;145.15;118.96
17/03/2023;90.65;125.99;116.76;92.37;102.62;94.16;87.66;87.66;92.59;100.46;212.48;344.74;139.68;281.83;63.13;158.38;117.45;86.67;83.69;77.75;83.09;107.11;95.28;101.59;96.51;145.76;87.55;129.05;110.8;118.19;92.91;186.45;108.52;110.14;703.04;125.15;194.73;149.14;95.81;111.36;143.33;117.69
20/03/2023;90;125.1;115.93;92.06;101.92;93.17;86.74;86.74;91.66;100.2;210.36;340.72;139.65;280.51;62.89;158.5;116.99;86.33;83.3;77.51;82.57;106.79;95.26;101.17;96.12;146.21;87.37;131.38;112.7;118.4;93.54;183.66;105.66;108.61;710.76;126.25;194.82;150.25;94.57;109.24;144.99;118.31
21/03/2023;90.05;125.1;115.93;91.34;100.94;92.69;86.29;86.29;91.58;99.78;212.6;340.61;139.11;281.68;62.95;156.97;116.69;86.11;83.27;77.79;82.51;107.01;95.44;101.71;96.63;147.29;87.21;134.07;115.15;118.88;94.33;184.37;106.81;109.25;721.31;127.74;196.44;152.14;95.3;109.24;147.4;119.62
22/03/2023;90.21;124.83;115.68;91.28;101.01;92.92;86.5;86.5;92.18;100.12;213.43;341.85;139.18;283.24;62.98;156.54;116.86;86.24;83.34;77.96;82.54;107.08;95.27;101.69;96.6;147.05;87.08;133.42;114.9;117.86;93.65;185.66;107.49;109.38;718.5;128.24;193.17;149.9;95.38;109.24;147.46;118.54
23/03/2023;90.73;125.35;116.17;92.15;101.32;93.72;87.25;87.25;92.72;100.49;213.44;340.82;140.54;284.74;63.14;157.81;117.65;86.82;83.71;78.4;83.02;107.62;95.37;101.93;96.84;147.08;87.42;133.61;114.96;117.12;93.63;186.69;109.15;109.24;716.53;128.16;192.07;150.4;96.69;109.38;147.48;118.92
24/03/2023;90.65;125.42;116.23;92.46;102.38;93.91;87.42;87.42;92.67;101.48;212.61;344.43;140.78;284.31;63.15;158.42;117.93;87.03;83.9;78.51;82.99;107.73;95.56;101.7;96.62;146.35;87.55;131.03;112.66;118.59;93.93;188.03;109.65;109.59;703.6;126.38;195.25;151.05;97.01;110.77;144.54;118.93
27/03/2023;90.25;124.86;115.71;91.85;101.5;93.09;86.66;86.66;91.97;101.02;212.84;342.55;139.99;283.28;63.05;157.47;117.28;86.54;83.46;78.4;82.61;107.23;95.39;101.58;96.5;146.81;87.16;132.2;113.92;118.71;94.16;186.4;107.62;110.08;710.29;127.51;195.02;151.13;96.72;110.25;146.09;119.32
28/03/2023;90.02;124.54;115.41;91.48;101.07;92.66;86.26;86.26;91.79;101.16;212.93;339.99;139.63;282.48;62.98;156.66;116.92;86.28;83.27;78.22;82.35;107.26;95.37;101.43;96.36;146.96;87.09;132.53;114.24;118.32;94.17;186.93;108.13;109.76;708.4;127.36;193.72;150.85;96.35;110.33;146.24;119.31
29/03/2023;89.97;124.53;115.4;91.32;100.94;92.43;86.05;86.05;91.8;101.3;213.49;340.84;139.59;283.16;62.98;156.44;117.08;86.4;83.43;78.23;82.24;107.7;95.64;101.83;96.74;147.88;87.28;134.5;115.98;119.6;95.21;188.51;110.03;110.28;717.96;129.03;196.35;152.82;96.49;110.67;148.27;120.75
30/03/2023;90.1;124.25;115.14;91.1;100.34;92.39;86.01;86.01;92.07;101.01;214.45;339.45;139.49;284.04;63.01;155.79;117.07;86.39;83.51;78.3;82.23;107.77;95.81;102.33;97.22;148.78;87.35;136.06;117.08;119.56;95.71;187.97;109.9;110.15;727.26;130.22;196.06;153.69;96.54;109.68;150.26;121.79
31/03/2023;90.67;124.94;115.79;91.6;100.99;92.81;86.4;86.4;92.55;101.85;215.03;342.71;140.25;285.48;63.16;156.62;117.41;86.64;83.62;78.38;82.69;108.52;96.16;102.99;97.85;149.37;87.93;136.28;117.44;121.27;96.71;189.43;110.9;110.77;732.54;131.05;199.83;155.89;98.17;110.83;151.02;123.23
03/04/2023;91.04;124.5;115.37;92.04;101.08;93.35;86.9;86.9;93.08;101.75;215.63;344.09;140.96;287.15;63.28;157.26;117.68;86.84;83.78;78.61;82.98;109.13;96.34;103.29;98.13;149.8;88.2;136.45;117.62;121.53;97;188.67;110.2;111.04;729.4;130.95;199.98;156.32;99.42;112.19;150.96;123.29
04/04/2023;91.18;124.12;115.02;92.15;100.81;93.81;87.33;87.33;93.49;101.31;215.84;342.33;140.93;287.7;63.34;157.07;117.64;86.81;83.78;78.77;83.09;109.08;96.22;103.26;98.1;149.54;87.88;135.89;117.06;120.47;96.69;187.22;108.44;110.39;728.7;130.83;197.41;155.47;98.85;112.3;151.01;122.42
05/04/2023;91.36;124.12;115.02;92.65;101.61;94.26;87.75;87.75;93.68;101.8;215.3;343.96;141.25;287.47;63.4;158.12;117.78;86.92;83.77;78.83;83.34;109.3;96.25;103.24;98.08;148.89;87.91;135.21;116.64;120.8;96.51;188.15;108.44;110.75;719.36;130.74;198;155.08;98.85;111.49;149.76;121.72
06/04/2023;91.33;124.44;115.32;92.56;101.46;94.12;87.62;87.62;93.53;101.51;215.32;342.94;141.21;286.98;63.37;157.98;117.77;86.91;83.76;78.73;83.3;109.5;96.3;103.3;98.14;149.07;87.77;136.46;118.07;120.84;96.69;187.5;108.96;110.24;723.36;131.36;198.54;155.65;98.85;109.57;150.29;122.12
07/04/2023;91.33;124.44;115.32;92.56;101.46;94.12;87.62;87.62;93.53;101.51;215.32;342.94;141.21;286.98;63.37;157.98;117.77;86.91;83.76;78.73;83.3;109.5;96.3;103.3;98.14;149.07;87.77;136.46;118.07;120.84;96.69;187.5;108.96;110.24;723.36;131.36;198.54;155.65;98.85;109.57;150.29;122.12
10/04/2023;91.33;124.44;115.32;92.56;101.46;94.12;87.62;87.62;93.53;101.51;215.32;342.94;141.21;286.98;63.37;157.98;117.77;86.91;83.76;78.73;83.3;109.5;96.3;103.3;98.14;149.07;87.77;136.46;118.07;120.84;96.69;187.5;108.96;110.24;723.36;131.36;198.54;155.65;98.85;109.57;150.29;122.12
11/04/2023;90.8;124.38;115.27;91.64;100.69;93.06;86.63;86.63;92.75;101.2;215.36;341.88;139.99;285.9;63.2;156.42;117.14;86.44;83.34;78.44;82.78;109.16;96.2;103.01;97.86;149.52;87.75;137.59;119.1;121.07;96.86;189.65;109.86;110.89;729.52;132.11;198.69;155.6;97.7;109.47;151.39;122.71
12/04/2023;90.58;124.16;115.06;91.38;100.35;92.97;86.55;86.55;92.83;101.08;215.59;340.54;139.73;286.38;63.13;155.72;117.06;86.38;83.31;78.41;82.56;109.01;96.05;102.88;97.73;149.42;87.54;137.85;119.44;120.46;96.78;188.18;107.93;110.55;729.61;132.43;197.11;155.27;97.03;109.72;151.39;122.6
13/04/2023;90.66;123.83;114.75;91.38;100.05;92.95;86.53;86.53;92.74;101.26;215.89;338.29;139.69;286.2;63.18;155.71;117.09;86.41;83.39;78.45;82.61;109.19;96.2;103.1;97.94;150.13;87.65;138.05;119.46;121.04;97.61;187.49;107.63;109.54;732.81;132.98;198.45;157.22;95.6;109.84;152.18;123.42
14/04/2023;90.48;124.5;115.37;90.99;99.94;92.44;86.06;86.06;92.39;101.13;216.08;338.93;139.22;285.76;63.12;154.96;116.83;86.22;83.16;78.32;82.41;108.96;96.12;102.92;97.78;150.38;87.46;138.7;120.22;121.31;97.61;188.71;108.45;109.3;738.89;133.7;198.97;157.04;96.4;109.86;153.22;123.29
17/04/2023;90.49;124.76;115.61;90.73;99.97;92.11;85.75;85.75;92.04;101.12;216.33;340.14;139.12;284.47;63.14;154.48;116.27;85.8;82.68;78.15;82.41;109.02;96.16;102.91;97.77;150.3;87.69;137.89;119.56;122.33;97.81;190.78;111.01;109.8;740.59;133.6;201.15;157.4;98.41;110.34;152.72;123.87
18/04/2023;90.62;124.32;115.21;90.82;99.66;92.23;85.86;85.86;92.14;100.94;216.61;338.62;139;284.33;63.16;154.72;116.34;85.86;82.81;78.14;82.51;109.1;96.19;103.04;97.89;150.74;87.76;138.67;120.18;122.11;97.93;189.54;110.11;109.47;744.58;134.18;200.49;157.53;98.69;111.12;153.6;124.14
19/04/2023;90.43;124;114.92;90.52;99.26;91.9;85.55;85.55;91.9;100.54;216.37;337.42;138.61;283.25;63.09;154.14;115.94;85.56;82.49;77.95;82.34;108.8;96.14;102.87;97.72;150.57;87.47;138.65;120.43;122.04;97.87;187.81;108.65;109.49;744.14;134.01;200.64;157.58;97.8;110.73;153.6;124.3
20/04/2023;90.64;124.31;115.2;90.85;99.54;92.28;85.91;85.91;92.11;100.84;216;337.1;139.07;283.4;63.15;154.73;116.12;85.69;82.67;77.96;82.59;108.72;96.05;102.9;97.76;150.23;87.5;137.19;119.31;121.69;97.68;187.34;108.3;109.27;743.08;133.9;199.27;156.77;98.25;110.93;152.94;123.61
21/04/2023;90.48;124.06;114.97;90.63;99.4;92.06;85.7;85.7;91.91;100.7;215.81;336.67;138.62;282.92;63.12;154.26;115.99;85.59;82.59;77.89;82.45;108.59;96;102.82;97.68;150.23;87.24;137.74;119.8;121.88;97.88;185.96;106.4;108.84;743.64;134.56;199.66;157;95.69;110.6;153.52;123.7
24/04/2023;90.38;123.63;114.57;90.58;99.14;92.12;85.76;85.76;92.01;100.32;215.53;335.69;138.7;283.46;63.07;154.15;115.99;85.59;82.57;77.85;82.35;108.69;95.96;102.85;97.71;150.31;87.22;138.06;120.19;121.46;97.91;184.42;104.94;108.82;744.69;134.6;198.66;156.99;94.03;110.22;153.62;123.87
25/04/2023;90.84;123.73;114.66;91.32;100.06;92.93;86.51;86.51;92.69;100.74;215.49;339.58;139.62;285.4;63.2;155.55;116.51;85.98;82.94;78.16;82.87;108.66;95.88;102.84;97.7;149.33;87.02;136.81;119.12;120.87;97.1;183.4;103.34;109.49;740.04;134.27;196.5;154.56;93.7;111.57;152.74;122.41
26/04/2023;90.65;123.12;114.1;91.24;99.61;92.84;86.42;86.42;92.56;100.43;214.96;337.71;139.55;285.42;63.19;155.46;116.24;85.78;82.98;78.2;82.68;108.38;95.73;102.66;97.52;148.98;86.8;136.3;118.54;119.67;96.59;182.73;103.49;109.2;735.61;132.93;194.65;154.03;92.54;110.7;151.85;122.18
27/04/2023;90.45;123.32;113.96;90.77;99.39;92.32;85.9;85.9;92.11;100.66;215.36;337.82;138.67;284.69;63.18;154.56;116.19;85.74;82.76;78.1;82.47;108.49;95.99;102.78;97.51;149.63;86.69;136.86;118.83;121.27;97.67;184.14;104.04;109.11;739.16;133.52;198.54;156.59;93.07;110.92;152.36;123.66
28/04/2023;91.12;123.23;113.88;91.54;99.54;92.91;86.44;86.44;92.55;100.62;215.86;338.48;139.92;286.03;63.37;156.23;116.65;86.08;83.14;78.28;83.14;109.12;96.09;103.19;97.9;150.37;87.17;136.8;118.6;121.77;98.28;184.73;104.25;109.34;745.41;134.31;199.43;157.69;94.49;110.87;152.76;125.01
01/05/2023;91.12;123.23;113.88;91.54;99.54;92.91;86.44;86.44;92.55;100.62;215.86;338.48;139.92;286.03;63.37;156.23;116.65;86.08;83.14;78.28;83.14;109.12;96.09;103.19;97.9;150.37;87.17;136.8;118.6;121.77;98.28;184.73;104.25;109.34;745.41;134.31;199.43;157.69;94.49;110.87;152.76;125.01
02/05/2023;91.33;123.23;113.88;91.77;99.93;93.24;86.75;86.75;92.72;100.69;215.99;339.91;139.92;285.73;63.44;156.75;116.74;86.15;83.25;78.28;83.34;108.8;95.96;102.96;97.68;149.34;86.88;134.88;116.89;121.26;97.49;185.12;104.45;109.37;736.46;132.54;198.45;156.06;94.49;111.88;150.54;124.15
03/05/2023;91.27;123.23;113.88;91.89;99.84;93.4;86.9;86.9;92.98;100.91;215.92;339.12;139.58;286.8;63.4;156.91;117.06;86.38;83.55;78.44;83.31;108.7;95.92;102.93;97.65;149.37;86.76;135.27;117.7;120.37;97.2;183.29;102.74;108.91;737.22;133.05;195.96;155.16;94.49;111.88;151.31;123.79
04/05/2023;91.5;123.76;114.36;92.23;100.65;94.03;87.48;87.48;93.26;101.58;215.72;340.47;139.87;286.51;63.53;157.54;117.26;86.53;83.69;78.63;83.55;108.93;96.02;102.85;97.58;148.85;86.84;134.1;116.84;120.29;96.68;185.32;104.5;108.29;731.95;132.55;195.78;154.24;94.17;111.88;150.25;122.8
05/05/2023;91.1;123.82;114.42;91.63;100.22;93.25;86.76;86.76;92.75;101.73;215.76;339.78;139.4;286.11;63.44;156.36;117.09;86.41;83.43;78.45;83.14;109.26;96.15;102.99;97.71;150.09;87.13;136.87;119.3;121.74;97.86;186.21;105.27;108.64;740.12;133.93;199.08;156.9;93.55;111.88;152.63;124.46
08/05/2023;90.97;123.64;114.25;91.4;99.98;92.87;86.41;86.41;92.43;101.8;215.77;338.49;139.39;285.2;63.39;155.95;116.9;86.26;83.34;78.36;83.01;108.98;96.04;102.87;97.6;150.29;86.98;137.23;119.55;121.88;97.96;187.33;106.13;109.05;741.35;134.46;199.34;157.2;94.15;112.62;153.05;124.44
09/05/2023;90.97;123.64;114.25;91.4;99.98;92.87;86.41;86.41;92.43;101.8;215.77;338.49;139.39;285.2;63.39;155.95;116.9;86.26;83.34;78.36;83.01;108.98;96.04;102.87;97.6;150.29;86.98;137.23;119.55;121.88;97.96;187.33;106.13;109.05;741.35;134.46;199.34;157.2;94.15;112.62;153.05;124.44
10/05/2023;91.07;123.9;114.49;91.59;100.43;93.33;86.84;86.84;92.66;101.86;215.96;340.62;140;285.82;63.44;156.38;117.27;86.54;83.67;78.47;83.12;109.2;96.11;102.87;97.6;150.06;87.17;136.33;118.83;122.3;97.99;186.41;104.06;108.86;736.43;133.53;200.13;157.2;92.32;114.63;152.07;124.43
11/05/2023;91.35;124.18;114.76;91.99;101.01;93.62;87.1;87.1;92.88;101.9;216.18;343.51;140.39;286.82;63.5;157.21;117.47;86.69;83.85;78.65;83.41;109.19;96.15;103.01;97.73;149.8;87.13;135.62;118.21;122.66;97.98;186.82;104.81;109.35;737.19;133.79;200.93;157.03;92.06;114.93;151.94;124.12
12/05/2023;91.16;124.42;114.98;91.64;101.01;93.18;86.69;86.69;92.55;102.22;216.19;344.19;139.57;285.98;63.45;156.57;117.23;86.51;83.66;78.55;83.22;108.89;96.11;102.88;97.61;149.89;86.93;136.43;119.18;123.11;98.02;186.57;104.38;110.18;739.63;134.39;201.8;156.91;91.17;115.64;152.46;124.18
15/05/2023;91.04;124.3;114.86;91.4;100.75;93;86.52;86.52;92.31;102.6;216.22;342.35;139.28;284.55;63.44;156.17;116.9;86.26;83.36;78.36;83.08;109.05;96.16;102.9;97.63;150.27;87.28;136.12;118.89;123.35;98.23;187.35;106.24;110.07;742.43;134.55;202.33;157.37;92.62;116.09;152.56;124.63
16/05/2023;90.74;123.97;114.56;91.07;100.48;92.65;86.2;86.2;92.1;102.43;216.16;341.46;138.81;283.83;63.37;155.58;116.69;86.11;83.23;78.26;82.8;108.51;96.06;102.62;97.36;149.84;86.79;136.12;118.8;122.7;97.73;187.54;106.25;110.52;738.35;134.17;201.3;156.56;91.92;116.67;152.09;124.07
17/05/2023;90.65;123.72;114.33;90.99;100.39;92.47;86.03;86.03;91.84;101.79;216.16;341.94;139;283.04;63.34;155.65;116.5;85.97;83.1;78.19;82.74;108.71;96.14;102.84;97.57;150.27;87.16;135.86;118.68;123.53;98.13;187.63;104.94;110.82;735.28;134.07;204.19;158.16;91.7;117.01;152.03;124.82
18/05/2023;90.65;123.72;114.33;90.99;100.39;92.47;86.03;86.03;91.84;101.79;216.16;341.94;139;283.04;63.34;155.65;116.5;85.97;83.1;78.19;82.74;108.71;96.14;102.84;97.57;150.27;87.16;135.86;118.68;123.53;98.13;187.63;104.94;110.82;735.28;134.07;204.19;158.16;91.7;117.01;152.03;124.82
19/05/2023;90.5;123.42;114.06;90.46;99.74;91.68;85.3;85.3;91.37;101.08;216.57;341.74;138.53;281.95;63.32;154.53;116.01;85.61;82.76;77.98;82.55;108.3;96.17;102.74;97.47;151.59;87.13;137.21;119.77;124.7;98.88;188.38;104.2;110.94;738.62;135.48;206.84;159.72;92.31;117.74;154.66;125.84
22/05/2023;90.38;123.19;113.85;90.24;99.54;91.48;85.11;85.11;91.27;100.96;216.75;340.82;138.29;281.49;63.29;154.15;115.86;85.5;82.63;77.92;82.4;108.41;96.15;102.71;97.44;151.75;87.1;137.57;120.35;124.69;98.95;189.14;105.28;111.02;741.11;135.69;206.64;159.71;92.31;118.01;154.77;126.05
23/05/2023;90.37;123.19;113.84;90.18;99.55;91.43;85.06;85.06;91.29;100.95;216.48;341.71;138.52;281.68;63.28;153.99;115.81;85.46;82.58;77.86;82.38;108.22;95.98;102.52;97.26;150.99;86.82;137.04;119.82;123.53;97.88;188.47;103.99;110.77;736.26;134.74;204.28;157.55;90.87;117.39;153.72;124.72
24/05/2023;90.27;123.46;114.09;90.14;99.54;91.34;84.98;84.98;91.09;101.26;215.83;341.62;139.1;281.18;63.23;154.05;115.79;85.45;82.61;77.83;82.32;107.76;95.83;102.02;96.79;149.8;86.27;133.75;117.12;122.52;97.06;187.54;102.32;110.85;720.15;132.32;203.51;156.7;89.58;116.92;150.93;123.4
25/05/2023;90.07;123.21;113.86;89.74;99.11;90.76;84.44;84.44;90.64;100.75;215.57;342.08;138.76;280.61;63.18;153.46;115.56;85.28;82.41;77.71;82.12;107.15;95.78;101.88;96.66;149.87;86.03;133.4;116.65;122.96;97.22;187;100.65;110.81;718.51;132;206.19;158.25;89.58;116.09;150.82;124.53
26/05/2023;90;123.63;114.24;89.59;99.18;90.39;84.1;84.1;90.53;101.14;215.58;342.95;138.68;280.71;63.13;153.05;115.45;85.19;82.29;77.64;82.07;107.31;95.95;102.05;96.81;151.24;86.54;134.79;117.81;124.34;98.19;189.18;100.65;111.26;725.55;133.65;209.64;160.59;89.58;115.69;152.86;125.72
29/05/2023;90;123.63;114.24;89.59;99.18;90.39;84.1;84.1;90.53;101.14;215.58;342.95;138.68;280.71;63.13;153.05;115.45;85.19;82.29;77.64;82.07;107.31;95.95;102.05;96.81;151.24;86.54;134.79;117.81;124.34;98.19;189.18;100.65;111.26;725.55;133.65;209.64;160.59;89.58;115.69;152.86;125.72
30/05/2023;90.88;123.06;113.72;90.78;99.66;91.5;85.13;85.13;91.24;101.16;216.15;344.77;140.3;282.81;63.38;155.63;116.28;85.81;83.03;78;82.91;107.74;95.96;102.39;97.14;151.05;86.82;134.03;117.36;123.87;97.9;188.32;100.09;112.46;720.38;132.22;209.15;160.53;90.36;116.41;151.65;125.52
31/05/2023;91.15;123.39;114.03;91.17;100.41;92.04;85.63;85.63;91.5;101.44;216.18;347.08;140.65;282.92;63.46;156.52;116.48;85.96;83.13;78.15;83.17;107.73;95.86;102.24;97;150.04;86.68;132.2;115.43;123.82;97.42;187.43;98.97;112.56;713.07;130.74;209.1;159.47;89.61;116;149.19;124.65
01/06/2023;91.31;122.68;113.36;91.45;100.34;92.26;85.84;85.84;91.66;101.53;216.41;345.52;140.54;283.45;63.5;156.95;116.73;86.14;83.34;78.32;83.31;108.3;96.06;102.77;97.5;151;87.2;134.31;117.44;124.15;98.06;186.78;98.47;112.52;716.85;131.68;209.7;160.97;89.93;116.82;150.59;125.83
02/06/2023;91.06;123.36;114;91.14;100.3;91.69;85.3;85.3;91.34;102.09;216.81;346.14;140.54;283.8;63.42;156.48;116.65;86.08;83.33;78.4;83.08;108.72;96.38;103.04;97.76;152.5;87.86;136.45;119.35;125.79;99.32;190.89;102.46;112.76;728.52;133.46;212.88;163.34;91.5;117.9;152.9;127.93
05/06/2023;90.82;122.77;113.45;90.83;100.18;91.49;85.12;85.12;91.4;102.82;217.15;347.67;140.21;284.7;63.34;155.63;116.63;86.07;83.35;78.47;82.83;108.66;96.4;102.84;97.57;152.53;87.73;135.48;118.4;125.84;99.26;191.26;102.67;112.75;724.26;132.77;212.81;163.07;91.18;119.54;152.14;127.69
06/06/2023;90.94;122.97;113.64;90.79;100.3;91.44;85.08;85.08;91.47;103.06;217.48;348.86;139.8;285.1;63.42;155.5;116.7;86.12;83.39;78.49;82.89;108.97;96.56;103.04;97.76;153;88.11;136.24;119.19;126.18;99.38;192.02;102.91;113.6;728.03;133.31;213.45;163.23;90.46;120.6;152.35;128.17
07/06/2023;90.65;122.66;113.35;90.36;100.01;90.99;84.66;84.66;91.26;103.04;217.78;347.77;139.29;284.64;63.33;154.62;116.6;86.05;83.42;78.51;82.61;108.58;96.36;102.92;97.64;152.65;87.85;136.3;119.14;125.43;98.86;192.87;103.5;113.94;726.94;132.88;211.59;162.04;90.05;119.01;152.32;127.49
08/06/2023;90.9;122.24;112.96;90.67;99.72;91.34;84.98;84.98;91.54;102.88;217.92;346.12;139.58;284.89;63.39;155.11;116.6;86.04;83.38;78.49;82.87;108.89;96.49;103.18;97.89;152.97;88.01;137.26;120.09;125.39;99.2;191.63;103.42;113.32;725.81;132.81;211.81;163.14;90.22;118.13;152.68;127.77
09/06/2023;91.05;122.44;113.15;90.87;100;91.38;85.02;85.02;91.49;103.63;218.16;346.51;139.79;284.84;63.41;155.81;116.83;86.21;83.56;78.53;83.03;108.86;96.57;103.09;97.81;153.09;88.12;137;119.78;125.6;99.25;193.29;104.13;113.94;723.95;132.45;212.1;163.16;90.87;119.47;152.2;127.86
12/06/2023;91.11;122.29;113;90.89;100;91.46;85.09;85.09;91.57;103.71;218.5;348.09;139.55;285.86;63.44;155.97;116.97;86.32;83.69;78.67;83.05;109.04;96.77;103.31;98.02;153.88;88.41;138.28;120.86;126.37;99.86;193.58;104.3;114.14;727.04;132.49;214.14;164.57;90.98;119.78;153.19;128.86
13/06/2023;90.95;121.71;112.47;90.65;99.43;91;84.67;84.67;91.29;103.26;218.53;345.95;139.3;285.5;63.38;155.52;116.76;86.16;83.56;78.68;82.94;108.93;96.97;103.38;98.08;154.81;88.71;139.04;121.51;126.54;100.32;194.42;104.58;114.55;731.79;133.28;214.22;165.45;91.01;120.51;154.35;130.08
14/06/2023;90.84;121.42;112.2;90.51;99.15;90.89;84.57;84.57;91.39;103.42;218.64;344.86;139.25;285.92;63.34;155.08;116.73;86.14;83.51;78.73;82.85;108.92;97.1;103.4;98.1;155.39;88.67;139.97;122.33;126.36;100.47;193.82;103.88;114.64;735.06;133.87;213.71;165.83;91.38;121.8;155.32;130.63
15/06/2023;90.47;121.02;111.83;90.29;98.73;90.77;84.45;84.45;91.42;102.78;218.09;343.79;139.27;286.44;63.18;154.53;116.6;86.05;83.3;78.73;82.58;109.34;97.19;103.37;98.07;155.55;89;139.38;121.96;126.8;101.23;194.21;106.05;110.82;729.76;133.74;215.23;167.77;92.5;120.58;154.54;131.97
16/06/2023;90.62;121.26;112.05;90.53;98.74;90.73;84.41;84.41;91.31;102.89;218.29;343.12;140.24;286.25;63.21;155.27;116.68;86.1;83.35;78.73;82.75;109.13;96.99;103.45;98.15;155.66;88.91;140.1;122.52;126.61;101.19;195.07;106.98;110.51;734.25;134.46;214.08;167.1;93.92;119.59;155.32;131.91
19/06/2023;90.47;120.43;111.29;90.19;98.38;90.47;84.17;84.17;91.23;102.97;218.25;342.59;139.68;285.79;63.17;154.38;116.42;85.91;83.16;78.74;82.6;109.1;96.92;103.27;97.98;155.05;88.7;139.38;122.14;126.61;101.19;193.79;105.9;109.95;724.01;133.21;214.08;167.1;93.01;118.89;153.87;131.91
20/06/2023;90.9;120.37;111.23;90.79;98.8;90.88;84.56;84.56;91.46;102.84;218.04;343.84;140.83;286.2;63.25;155.73;116.87;86.25;83.5;78.84;83.03;109.01;96.86;103.35;98.05;154.5;88.52;138.44;121.4;125.9;100.54;192.51;104.08;110.57;720.14;132.68;213.24;166.08;92.78;118.96;153.17;131.2
21/06/2023;90.72;119.65;110.57;90.63;98.38;90.78;84.46;84.46;91.38;102.68;217.53;343.06;140.71;286.93;63.19;155.43;116.83;86.22;83.48;78.92;82.92;108.82;96.73;103.32;98.02;153.99;88.3;138.15;121.21;125.07;100.25;190.07;101.4;110.36;714.3;132.2;211.37;165.42;90.85;118.31;152.49;130.6
22/06/2023;90.36;119.65;110.57;90.24;98.03;90.24;83.96;83.96;90.98;102.47;217.02;342.32;139.91;286.4;63.07;154.6;116.76;86.16;83.33;78.89;82.64;108.31;96.61;102.8;97.53;153.61;87.86;137.37;120.42;125.1;100.34;189.33;101.4;109.81;710.41;131.64;212.19;166.1;90.85;117.97;151.75;130.45
23/06/2023;90.36;119.65;110.57;90.24;98.03;90.24;83.96;83.96;90.98;102.47;217.02;342.32;139.91;286.4;63.07;154.6;116.76;86.16;83.33;78.89;82.64;108.31;96.61;102.8;97.53;153.61;87.86;137.37;120.42;125.1;100.34;189.33;101.4;109.81;710.41;131.64;212.19;166.1;90.85;117.97;151.75;130.45
26/06/2023;91.08;119.36;110.3;91.14;98.64;90.99;84.65;84.65;91.4;103.02;216.92;345.69;141.71;287.84;63.24;156.76;117.55;86.75;84.04;79.28;83.34;108.25;96.44;103.02;97.74;152.63;87.88;136.27;119.58;124.5;99.53;188.04;99.73;110.38;702.24;131.24;210.6;164.09;88.83;116.69;151.1;128.81
27/06/2023;90.8;119.29;110.24;90.83;98.15;90.65;84.34;84.34;91.2;102.86;216.75;344.02;141.23;287.53;63.16;156.1;117.39;86.63;83.96;79.26;83.13;108.41;96.58;103.03;97.75;153.17;88.1;136.77;120.22;125;100.24;188.43;101.29;110.66;701.87;131.34;212.21;165.94;89.98;115.42;151.78;129.97
28/06/2023;91.02;119.14;110.1;91.04;98.47;90.92;84.59;84.59;91.44;102.61;216.93;346.05;141.02;287.91;63.23;156.5;117.54;86.74;84.09;79.28;83.29;108.89;96.67;103.17;97.88;153.77;88.26;137.83;121.29;125.51;100.38;188.75;101.68;111.62;705.8;132.07;213.21;165.96;89.58;117.54;153.19;130.12
29/06/2023;90.6;119.12;110.07;90.43;97.96;90.26;83.98;83.98;90.92;102.39;216.9;344.38;140.04;286.17;63.13;155.31;117.14;86.44;83.8;79.08;82.9;108.42;96.54;102.82;97.55;154.13;88.04;138.77;122.3;126.14;100.77;188.19;100.42;111.55;704.46;132.25;214.19;166.5;89.53;117.43;153.61;130.63
30/06/2023;90.74;118.71;109.7;90.55;97.87;90.29;84;84;91.11;102.55;217.19;345.1;139.95;287.3;63.15;155.47;117.16;86.46;83.72;79.06;83.02;108.83;96.7;103.03;97.75;155.1;88.44;140.13;123.51;127.15;101.68;188.5;100.39;111.37;712.35;133.73;216.45;168.55;89.57;116.81;155.09;132.1
03/07/2023;90.62;118.98;109.95;90.36;97.92;90.04;83.78;83.78;91.09;102.97;217.57;345.47;140.01;287.5;63.11;155;117.07;86.39;83.59;79.04;82.91;109.01;96.87;102.95;97.67;155.53;88.63;140.83;124.17;127.22;101.72;190.98;102.64;112.1;713.78;133.26;216.42;168.47;90.88;118.13;155.26;132.19
04/07/2023;90.73;119.51;110.43;90.25;97.98;90.02;83.76;83.76;91.09;103.23;217.65;345.31;139.64;287.24;63.18;154.64;116.97;86.32;83.52;79.07;82.96;108.99;96.82;102.94;97.67;155.4;88.57;140.8;123.87;127.22;101.72;191.69;103.27;112.66;716.36;133.31;216.42;168.47;91.25;117.51;155.09;132.19
05/07/2023;90.7;119.15;110.1;90.14;97.82;89.92;83.66;83.66;90.86;102.84;217.48;346.07;139.47;287.12;63.2;154.5;117.03;86.37;83.58;79;82.91;108.66;96.69;102.73;97.47;154.92;88.24;140;123.21;127.14;101.42;190.94;102.02;113.3;709.76;132.49;216.57;168.08;90.43;117.59;153.91;131.72
06/07/2023;90.03;119.07;110.03;89.25;97.05;89.3;83.09;83.09;90.08;101.64;216.5;342.15;137.84;283.69;63.07;152.66;116.36;85.87;82.96;78.46;82.35;107.48;96.24;101.94;96.72;153.26;87.17;136.76;120.38;125.83;100.36;188.34;100.02;112.64;693.52;129.35;214.95;166.71;89.65;116.61;149.73;130.43
07/07/2023;90.05;118.62;109.61;89.25;96.56;89.45;83.23;83.23;89.95;101.35;216.42;338.14;137.8;282.47;63.11;152.67;116.19;85.74;82.88;78.3;82.34;107.54;96.22;102.01;96.78;153.3;87.2;138.11;121.43;124.69;99.89;186.2;98.84;112.53;698.65;129.36;212.76;166.26;89;116.54;150.33;130.17
10/07/2023;90.02;118.47;109.48;89.26;96.49;89.54;83.3;83.3;90.04;101.32;216.28;338;137.77;283.03;63.09;152.55;116.23;85.77;82.87;78.28;82.34;107.86;96.19;102.22;96.99;153.37;87.49;138.47;121.76;124.78;100.12;185.76;99.41;113.12;700.39;129.61;212.56;166.5;88.93;116.18;150.91;130.4
11/07/2023;90.07;118.96;109.93;89.2;96.71;89.55;83.31;83.31;90.22;101.81;216.53;339.87;137.39;284.9;63.1;152.3;116.54;86;83.15;78.5;82.35;108.2;96.3;102.34;97.1;154.1;87.88;139.22;122.54;125.32;100.55;187.89;100.32;113.66;707.74;130.44;213.72;167.59;89.87;116.37;152.21;131.14
12/07/2023;90.67;118.48;109.48;89.97;96.8;90.26;83.97;83.97;90.96;102.57;217.53;339.61;138.53;287.89;63.26;153.55;117.4;86.64;83.94;79.05;82.84;109.05;96.58;103.17;97.88;155.39;88.47;141.28;124.34;125.11;101.05;187.72;100.27;112.96;721.05;132.34;212.62;168.65;88.59;116.49;154.91;132.35
13/07/2023;91.16;118.54;109.54;90.62;97.2;90.88;84.55;84.55;91.57;103.1;218.38;340.53;139.33;290.41;63.4;154.73;118;87.08;84.41;79.57;83.26;109.93;96.9;103.88;98.55;156.11;89.17;141.88;125.08;125.35;101.64;189.15;102.2;112.66;726.92;133.31;213.21;170.14;89.93;116.87;155.81;133.55
14/07/2023;91.03;118.55;109.55;90.42;96.71;90.67;84.36;84.36;91.38;102.58;218.35;338.92;138.59;290.31;63.37;154.48;118.01;87.09;84.4;79.62;83.15;109.5;96.75;103.68;98.36;156.05;88.74;141.45;124.7;125.03;101.76;189.93;101.87;112.62;724.48;133.33;212.39;170.19;90.05;116.08;155.95;133.47
17/07/2023;91.12;117.99;109.03;90.52;96.72;90.71;84.39;84.39;91.43;102.6;217.93;339.74;138.77;290.72;63.39;154.69;118.03;87.1;84.43;79.68;83.25;109.78;96.73;103.75;98.44;155.75;89.05;140.83;124.41;125.11;101.79;189.9;101.87;112.53;720.61;132.3;213.4;170.82;90.05;116.08;154.62;133.84
18/07/2023;91.58;118.02;109.06;91.18;97.16;91.13;84.78;84.78;91.71;103.47;218.21;340.47;139.93;291.41;63.52;156.1;118.45;87.41;84.87;79.87;83.69;110.24;96.89;104.11;98.77;156.11;89.53;141.17;124.75;125.65;102.21;188.93;99.65;113.07;727.45;133.02;214.91;172.05;88.49;116.8;155.28;134.96
19/07/2023;91.47;117.63;108.7;90.92;97.31;91.15;84.8;84.8;91.82;103.31;218.75;342.49;139.36;291.95;63.52;155.5;118.41;87.38;84.8;80.02;83.57;110.57;96.98;104.27;98.93;156.32;89.67;141.32;124.8;126.32;102.53;189.04;99.74;113.56;731.54;133.01;216.03;172.26;88.16;117.5;155.13;135.36
20/07/2023;91.24;118.53;109.53;90.57;97.26;90.66;84.34;84.34;91.5;103.26;218.74;341.79;139.28;290.21;63.46;154.8;117.95;87.04;84.46;79.77;83.39;109.93;96.8;104.01;98.68;156.16;89.02;141.44;125.11;126.54;102.45;189.48;99.87;113.92;731.1;133.64;215.53;171.18;88.13;116.66;155.58;134.7
21/07/2023;91.34;118.8;109.78;90.66;97.36;90.66;84.35;84.35;91.55;103.25;218.82;342.9;139.86;290.27;63.49;155.15;117.95;87.04;84.48;79.75;83.49;109.92;96.81;104.08;98.62;156.14;89.2;141.46;125.28;127.11;102.74;189.37;100.65;115.44;731.75;133.84;216.3;171.27;88.36;116;156.09;134.79
24/07/2023;91.58;118.65;109.64;90.9;97.69;90.74;84.42;84.42;91.67;103.86;219.07;343.99;140.16;290.29;63.58;155.63;118.15;87.19;84.68;79.83;83.7;110.14;96.98;104.13;98.67;156.47;89.59;142.36;125.9;127.71;102.94;189.87;99.67;115.21;734.25;133.87;217.7;171.86;88.06;117.68;155.88;135.16
25/07/2023;91.57;119.91;110.8;90.83;97.91;90.62;84.31;84.31;91.61;104.11;219.12;344.96;140.35;290.15;63.58;155.43;118;87.08;84.57;79.79;83.72;110.18;97.03;104.1;98.64;156.87;89.81;142.36;126.07;128.31;103.15;193.51;104.59;115.92;739.13;134.45;219.12;172.42;91.83;118.19;156.29;135.65
26/07/2023;91.29;119.56;110.48;90.56;97.85;90.56;84.25;84.25;91.67;104.18;219.07;344.99;139.85;290.66;63.5;154.76;118.03;87.1;84.64;79.87;83.45;110.52;97;104.08;98.61;156.73;89.72;142.5;126.04;127.89;102.91;193.19;104.13;115.82;740.49;133.46;218.92;172.56;91.22;118.65;155.18;135.29
27/07/2023;91.48;120.09;110.98;90.62;98.07;90.44;84.14;84.14;91.56;104.66;219.55;346.33;140.17;289.84;63.59;154.94;118.03;87.1;84.67;79.95;83.61;109.94;96.97;104.06;98.59;157.42;89.43;144.87;128.22;128.39;102.85;195.19;105.88;117.21;747.62;135.41;218.93;171.43;91.57;118.97;158.53;134.68
28/07/2023;91.49;119.65;110.56;90.6;97.67;90.66;84.35;84.35;91.69;104.43;219.78;346.03;140.19;290.72;63.63;154.81;118.21;87.23;84.86;80.05;83.59;110.38;97.13;104.15;98.68;157.77;89.55;144.67;127.76;128.57;103.29;195.69;107.98;117.06;744.48;134.9;220.16;173.06;93.14;119.46;158.58;135.42
31/07/2023;91.58;119.95;110.85;90.65;97.77;90.76;84.44;84.44;91.77;104.48;220.17;347.71;140.56;291.88;63.66;154.88;118.21;87.24;84.85;80.18;83.66;110.73;97.28;104.19;98.72;157.79;89.75;145.43;128.29;128.85;103.48;196.34;109.23;118.08;743.5;135.04;220.54;173.21;93.86;119.05;158.57;135.42
01/08/2023;91.37;119.81;110.71;90.24;97.49;90.5;84.2;84.2;91.46;103.72;220.29;346.78;139.88;289.89;63.64;154.02;117.8;86.93;84.47;79.95;83.45;110.34;96.99;103.9;98.44;157.21;89.47;144.17;127.27;128.83;103.28;196.41;108.81;118.93;738.48;133.88;220.73;172.62;93.52;119.27;156.95;134.87
02/08/2023;91.47;119.82;110.72;90.31;97.5;90.53;84.22;84.22;91.31;103.29;220.05;345.76;139.89;287.61;63.68;154.24;117.63;86.8;84.34;79.66;83.55;109.64;96.64;103.77;98.32;155.87;88.8;142.86;125.83;127.87;102.17;193.32;106.62;118.8;728.13;131.94;218.18;169.77;93.04;118.8;154.92;132.79
03/08/2023;91.21;119.57;110.5;90;96.93;90.29;84;84;90.9;102.02;219.55;343.02;139.24;285.4;63.66;153.68;117.23;86.51;84.03;79.43;83.31;109.06;96.47;103.42;97.99;155.49;88.53;141.72;124.54;127.19;101.62;192.52;106.9;117.68;726.17;131.13;217.67;169.44;93.62;117.8;154.04;131.85
04/08/2023;91.32;119.15;110.1;90.25;96.72;90.54;84.24;84.24;91.2;102.29;219.68;342.73;140.09;287.5;63.66;153.97;117.52;86.72;84.22;79.64;83.45;109.23;96.62;103.61;98.17;155.48;88.4;141.3;124.21;125.81;101.11;191.37;106.89;118.15;728.75;131.45;215.06;168.77;93.49;117.58;154.84;131.67
07/08/2023;91.28;119.08;110.04;90.08;96.69;90.49;84.19;84.19;91.16;101.98;219.93;342.86;140.01;287.1;63.7;153.64;117.35;86.6;84.11;79.65;83.36;109.4;96.62;103.76;98.31;155.59;88.61;140.95;123.95;126.73;101.75;191.32;106.45;118.87;727.73;131.62;217.15;170.11;92.8;117.93;154.96;132.6
08/08/2023;91.73;119.17;110.12;90.76;97.3;90.81;84.49;84.49;91.47;102.05;219.95;345.8;140.93;288.08;63.78;155.19;117.68;86.84;84.43;79.82;83.81;109.36;96.52;103.95;98.49;154.93;88.71;138.21;121.54;127.06;101.68;190.19;105.02;119.76;722.96;131.44;217.33;169.36;92.99;118.46;153.26;132.16
09/08/2023;91.6;119.16;110.12;90.59;97.04;90.7;84.39;84.39;91.44;102;220.13;345.24;140.35;288.58;63.75;154.81;117.68;86.84;84.36;79.84;83.68;109.29;96.46;103.88;98.43;155.06;88.53;139.78;123.01;126.52;101.52;190.43;105.03;118.9;724.05;131.96;215.45;168.45;92.46;117.36;154.19;131.27
10/08/2023;91.47;118.56;109.55;90.39;96.63;90.51;84.21;84.21;91.28;102.28;220.2;343.66;140.07;288.1;63.73;154.44;117.65;86.82;84.24;79.85;83.56;109.13;96.53;103.83;98.38;155.58;88.33;141.14;124.2;126.55;101.79;189.85;104.85;118.36;729.24;133.14;214.54;168.24;92.05;117.31;156.06;131.45
11/08/2023;91.07;118.43;109.44;89.84;96.4;90;83.74;83.74;90.93;102.08;220.1;344.61;139.31;287.68;63.65;153.32;117.51;86.72;84.07;79.72;83.21;108.72;96.24;103.45;98.02;154.87;87.91;140.06;123.19;126.76;101.66;188.8;103.47;119.22;720.84;131.74;215.36;168.16;89.96;117.31;154.19;130.98
14/08/2023;90.99;118.63;109.63;89.7;96.43;89.8;83.55;83.55;90.66;101.51;220.12;344.04;139.26;285.43;63.62;153.1;116.83;86.21;83.59;79.41;83.15;108.65;96.09;103.3;97.88;155;87.86;140.74;123.71;127.45;101.79;188.02;102.61;119.42;721.21;132;217.99;169.18;89.72;116.63;154.51;131.63
15/08/2023;90.99;118.63;109.63;89.7;96.43;89.8;83.55;83.55;90.66;101.51;220.12;344.04;139.26;285.43;63.62;153.1;116.83;86.21;83.59;79.41;83.15;108.65;96.09;103.3;97.88;155;87.86;140.74;123.71;127.45;101.79;188.02;102.61;119.42;721.21;132;217.99;169.18;89.72;116.63;154.51;131.63
16/08/2023;90.84;118.02;109.06;89.46;96.06;89.48;83.25;83.25;90.27;101.07;219.69;340.22;138.57;282.26;63.59;152.72;116.42;85.91;83.27;78.99;83.03;107.46;95.77;102.84;97.44;153.83;86.95;139.86;122.73;125.73;100.44;186.22;100.42;119.15;713.13;130.73;214.16;166.19;88.34;115.66;153.14;129.38
17/08/2023;90.57;117.87;108.92;89.11;95.7;89.23;83.02;83.02;89.98;100.61;219.1;339.86;137.9;281.46;63.54;152.06;116.16;85.72;83.09;78.78;82.8;107.03;95.69;102.51;97.13;153.18;86.61;138.3;121.51;124.98;99.7;186.09;100.91;118.56;704.95;129.88;212.83;164.86;88.53;115.37;151.82;128.33
18/08/2023;90.86;118.38;109.39;89.51;96.2;89.43;83.2;83.2;90.11;100.89;218.91;340.36;138.56;281.43;63.61;152.91;116.42;85.91;83.46;78.82;83.06;107.12;95.67;102.65;97.26;152.87;86.75;137.73;121;124.96;99.57;184.73;98.81;116.86;700.13;129.11;213.22;164.9;87.57;115.35;151.34;127.89
21/08/2023;90.5;117.81;108.86;89.02;95.55;89;82.8;82.8;89.72;100.17;218.76;338.04;137.94;279.86;63.53;151.97;115.89;85.52;83;78.64;82.75;106.92;95.57;102.38;97.01;153.13;86.55;138.24;121.78;125.04;99.78;183.63;97.09;116.65;699.04;129.39;214.2;165.87;85.92;114.5;151.72;128.59
22/08/2023;90.71;118.42;109.43;89.38;96.18;89.09;82.89;82.89;89.9;100.92;218.9;339.98;138.8;280.48;63.57;152.81;116.22;85.77;83.34;78.71;82.96;106.89;95.66;102.39;97.01;153.5;86.66;138.91;122.39;125.46;99.81;185.43;98.22;116.88;701.69;130.27;214.2;165.31;87.46;116.59;152.85;128.31
23/08/2023;91.29;118.79;109.78;90.24;97.02;89.83;83.58;83.58;90.55;102.04;219.33;343.79;139.86;283.53;63.74;154.52;117;86.34;84.03;79.2;83.46;107.88;95.93;102.98;97.57;154.1;87.41;139.12;122.75;126.54;100.6;186.32;98.19;116.48;703.67;130.76;216.78;167.26;86.08;118.06;153.05;129.75
24/08/2023;91.35;119.08;110.04;90.23;97.11;89.72;83.48;83.48;90.55;102.25;219.54;343.95;139.51;283.46;63.77;154.49;117.13;86.43;84.21;79.31;83.52;107.41;95.81;102.7;97.31;153.53;87.18;138.4;122.17;125.64;99.88;188.45;100.17;117.09;701.84;130.23;213.88;164.86;87.18;117.79;151.96;128.8
25/08/2023;91.07;119.37;110.31;89.93;97.32;89.45;83.22;83.22;90.42;102.56;219.49;345.87;138.82;283.21;63.68;153.89;117.01;86.35;84.11;79.21;83.27;107.46;95.77;102.62;97.23;153.54;87.24;138.87;122.7;126.6;100.24;187.92;99.62;117.18;700.43;130.18;216.72;166.01;87.02;117.08;152.1;129.24
28/08/2023;91.03;118.94;109.91;89.88;97.11;89.48;83.26;83.26;90.41;102.44;219.56;345.03;138.97;283.44;63.68;153.74;117.05;86.37;84.09;79.22;83.23;107.89;95.91;102.78;97.38;154.53;87.47;140.57;124.07;127.08;100.86;188.32;100.35;117.56;707.25;131.28;217.31;167.01;87.7;118.24;154.06;130.33
29/08/2023;91.26;118.9;109.88;90.27;97.31;89.92;83.66;83.66;90.77;102.64;220;346.58;139.59;285.37;63.72;154.49;117.44;86.67;84.38;79.43;83.43;108.9;96.18;103.26;97.84;155.59;88.13;142.22;125.46;128.14;101.85;189.66;102.34;117.64;715.66;132.54;219.84;169.31;88.37;118.33;155.39;132.27
30/08/2023;91.15;118.12;109.15;90.11;96.64;89.92;83.66;83.66;90.71;102.02;220.05;343.82;139.43;285.75;63.7;154.16;117.36;86.61;84.19;79.39;83.29;108.98;96.09;103.2;97.78;155.77;88.03;142.51;125.57;127.61;102.07;188.23;101.13;117.07;717.08;132.36;218.69;169.94;87.62;118.21;155.38;132.65
31/08/2023;91.56;118.86;109.84;90.6;97.37;90.3;84.01;84.01;90.92;102;220.26;345.96;139.94;285.44;63.83;155.16;117.57;86.76;84.43;79.42;83.65;109.16;96.16;103.36;97.93;155.54;88.35;142.62;125.27;128.07;101.91;187.85;101.39;118.25;719.53;131.95;220.07;169.82;87.79;120.03;154.96;132.46
01/09/2023;91.29;119.45;110.38;90.14;97.42;90.01;83.75;83.75;90.72;102.18;220.24;346.41;139.04;284.54;63.81;154.12;117.35;86.6;84.11;79.38;83.38;109.15;96.17;103.17;97.76;155.64;88.45;141.86;124.47;128.67;102.09;189.72;101.39;118.68;718.52;132;221.48;170.19;87.79;121.05;154.48;132.71
04/09/2023;91.16;119.29;110.23;89.94;97.28;89.87;83.61;83.61;90.67;101.95;220.35;346.94;138.85;284.38;63.77;153.61;116.97;86.31;83.95;79.3;83.27;109.25;96.22;103.06;97.65;155.58;88.45;141.74;124.4;128.67;102.09;191.63;105.01;118.65;718.27;131.9;221.48;170.19;90.61;122.04;154.13;132.71
05/09/2023;91.04;119.22;110.17;89.66;97.18;89.54;83.31;83.31;90.4;101.41;220.36;347.56;138.53;282.75;63.76;153.1;116.76;86.16;83.72;79.1;83.13;108.67;96.02;102.64;97.25;155.14;88.03;141.52;124.29;128.95;101.7;191.09;103.86;119.22;713.96;131.6;222.53;169.44;90.04;121.84;153.65;131.91
06/09/2023;90.78;119.02;109.99;89.35;96.88;89.19;82.98;82.98;90.12;100.83;220.21;346.07;138.14;281.47;63.68;152.48;116.45;85.93;83.55;78.88;82.91;108.3;95.9;102.29;96.92;154.77;87.81;139.39;122.44;128.4;101.29;190.38;103.56;119.67;707.98;130.82;221.03;168.28;89.69;122.42;152.57;131.25
07/09/2023;90.96;118.67;109.66;89.62;97.01;89.42;83.2;83.2;90.33;100.95;220.48;347;138.7;282.13;63.73;152.98;116.66;86.09;83.67;78.94;83.09;108.36;95.92;102.45;97.07;154.34;87.81;139.06;122.33;128.48;101.3;189.07;102.07;119.25;704.04;130.76;220.68;167.94;88.23;122.6;151.73;130.77
08/09/2023;91.04;118.24;109.27;89.69;96.99;89.39;83.16;83.16;90.36;100.99;220.52;347.51;138.92;282.83;63.76;153.2;116.78;86.18;83.9;79.09;83.15;108.41;95.88;102.49;97.11;154.34;87.78;139.28;122.61;128.51;101.4;188.81;102.07;119.16;705.5;131.07;220.93;168.28;88.23;120.75;152.27;130.67
11/09/2023;91.02;118.84;109.81;89.5;96.71;89.35;83.13;83.13;90.3;100.94;220.76;345.96;138.53;282.34;63.76;152.77;116.64;86.07;83.79;79.01;83.11;108.6;96.04;102.5;97.12;154.86;87.96;140.42;123.73;128.82;101.8;189.25;101.93;118.17;706.41;131.53;221.6;169.27;88.57;121.41;152.98;131.37
12/09/2023;91.01;119.22;110.17;89.47;97.01;89.26;83.04;83.04;90.32;101.04;220.86;347.06;138.56;282.34;63.74;152.65;116.62;86.06;83.79;78.95;83.09;108.7;96.01;102.41;97.04;154.65;87.75;140.52;123.82;128.75;101.54;189.68;101.74;119.22;700.58;131.45;220.85;168.16;88.56;122.29;152.42;130.66
13/09/2023;90.91;119.25;110.2;89.37;96.98;89.26;83.05;83.05;90.34;101.4;220.84;346.43;138.45;282.48;63.69;152.4;116.64;86.07;83.72;78.92;83.03;108.57;95.98;102.34;96.96;154.36;87.57;140.31;123.34;128.53;101.55;189.2;101.04;118.53;697.97;130.86;220.65;168.39;87.83;121.82;151.88;130.53
14/09/2023;91.26;119.92;110.81;89.8;97.74;89.4;83.17;83.17;90.51;102.07;221.22;349.26;138.99;282.83;63.76;153.27;116.91;86.27;84.07;79.13;83.3;108.99;96.28;102.74;97.34;155.38;88.28;141.57;124.8;130.42;102.5;191.69;102.03;118.23;706.34;132.84;224.06;169.82;88.43;123.98;153.91;131.85
15/09/2023;91.07;119.87;110.77;89.3;97.32;89.13;82.93;82.93;90.37;101.82;221.56;348.66;137.92;282.36;63.72;152.06;116.65;86.08;83.81;79.05;83.07;108.53;96.11;102.51;97.13;155.44;87.75;141.61;124.83;129.7;101.98;192.19;102.35;118.29;705.85;133.26;221.27;167.69;87.89;124.54;154.32;130.9
18/09/2023;90.93;119.39;110.32;89.04;97.05;88.95;82.76;82.76;90.26;101.72;221.37;348.09;137.67;282.12;63.68;151.51;116.49;85.97;83.53;78.93;82.96;108.28;95.99;102.32;96.95;154.81;87.59;140.19;123.76;129.42;101.82;190.56;101.48;117.51;696.71;131.7;221.3;167.84;87.93;124.54;152.64;130.63
19/09/2023;90.81;119.09;110.05;88.9;96.83;88.78;82.6;82.6;90.08;101.23;221.24;346.85;137.44;281.48;63.65;151.32;116.38;85.89;83.45;78.85;82.86;108.13;95.97;102.17;96.8;154.53;87.42;140.7;124.29;129.09;101.63;190.01;101.35;117.66;694.59;131.57;220.31;167.31;87.67;124.49;152.65;130.37
20/09/2023;90.99;118.87;109.84;89.1;96.73;88.9;82.71;82.71;90.15;101.16;221.44;346.54;137.51;282.01;63.7;151.84;116.47;85.95;83.56;78.94;83.01;108;95.95;102.25;96.88;154.52;87.3;142.41;125.99;128.54;101.4;188.82;100.17;118.22;700.2;132.75;217.65;165.75;86.95;123;153.91;129.81
21/09/2023;90.83;119.01;109.98;88.88;96.68;88.64;82.47;82.47;89.78;100.74;220.89;344.83;137.13;278.99;63.69;151.35;116.05;85.64;83.29;78.65;82.89;106.83;95.72;101.9;96.55;153.34;86.68;139.99;123.77;127.24;100;187.18;99.24;117.95;690.89;131.19;215.11;162.86;86.48;122.7;152.09;127.85
22/09/2023;90.8;119.15;110.11;88.81;96.77;88.68;82.51;82.51;89.78;100.94;220.79;345.48;136.74;279.48;63.68;151.15;116.09;85.67;83.36;78.62;82.86;106.91;95.79;101.8;96.46;153.03;86.79;139.46;123.11;127.04;99.86;188.75;101.86;117.13;688.76;130.71;214.72;162.52;88.33;121.77;151.51;127.44
25/09/2023;90.64;119.34;110.28;88.5;96.84;88.58;82.42;82.42;89.52;100.6;220.61;346.19;135.75;277.8;63.7;150.41;115.8;85.45;83.23;78.42;82.69;106.62;95.73;101.61;96.28;152.8;86.75;138.16;122.13;127.76;99.9;189.09;100.97;116.06;682.15;130.05;217.01;162.99;88.1;122.36;150.24;127.6
26/09/2023;90.51;119.33;110.27;88.34;96.6;88.53;82.36;82.36;89.34;99.85;220.09;344.86;135.08;276.87;63.67;150.1;115.58;85.29;83.11;78.27;82.6;105.99;95.57;101.27;95.96;151.82;86.25;136.38;120.91;126.44;98.92;187.09;99.72;115.49;678.43;129.27;213.66;160.54;87.73;121.69;148.84;126.17
27/09/2023;90.29;119.73;110.64;88.1;96.81;88.26;82.11;82.11;89.1;99.4;219.77;345.7;134.69;275.58;63.64;149.68;115.33;85.1;82.96;78.16;82.42;105.79;95.52;101;95.7;151.59;86.38;136.06;120.54;126.85;98.76;188.36;100.95;116.78;675.36;129.05;215.16;160.52;88.31;122.44;148.59;126.1
28/09/2023;89.83;119.56;110.48;87.55;96.24;87.99;81.87;81.87;88.79;98.92;219.42;342.78;133.57;274.56;63.54;148.47;114.82;84.73;82.4;77.68;82.1;105.76;95.49;100.89;95.6;151.9;86.33;136.82;121.21;126.73;99.01;186.59;99.51;116.05;677.05;129.63;215.23;161.35;87.46;121.09;149.46;126.61
29/09/2023;90.37;119.56;110.48;88.1;96.38;88.38;82.22;82.22;89.09;99.95;220.06;342.53;134.26;275.01;63.68;149.71;115.23;85.04;82.84;77.89;82.5;105.87;95.59;101.12;95.81;152.08;86.38;137.76;121.74;126.2;98.75;187.59;101.24;116.47;683.98;129.93;214.23;160.96;87.46;120.29;150.17;126.72
02/10/2023;90.12;119.56;110.48;87.74;96.64;88.12;81.98;81.98;88.79;99.46;219.83;342.48;133.11;272.49;63.66;148.96;114.75;84.68;82.47;77.53;82.3;105.23;95.36;100.79;95.5;151.55;86.06;136.12;120.16;126.34;98.29;188.83;101.24;116.97;674.51;128.63;216.18;161.03;87.46;120.14;148.59;126.21
03/10/2023;89.93;119.56;110.48;87.4;96.3;87.9;81.78;81.78;88.35;98.55;218.95;339.09;132.3;269.12;63.64;148.28;114.34;84.38;82.03;77.14;82.17;104.07;95.1;100.27;95;150.55;85.32;134.21;118.63;125.37;97.36;186.99;99.75;115.6;665.12;127.32;213.66;158.77;87.46;119.86;146.94;124.48
04/10/2023;89.84;119.56;110.48;87.53;96;87.97;81.84;81.84;88.27;98;218.29;338.25;132.61;268.89;63.61;148.56;114.28;84.33;81.9;76.99;82.13;104.05;95.03;100.43;95.16;150.32;85.37;134;118.49;125.56;97.63;184.84;98.62;115.26;662.68;127.16;214.89;159.94;87.46;117.55;147.18;125.24
05/10/2023;90;119.56;110.48;87.68;95.86;88.16;82.02;82.02;88.31;97.53;218.3;336.95;132.63;268.8;63.67;148.92;114.37;84.4;82.14;77.06;82.25;104.34;95.14;100.5;95.23;150.62;85.46;134.39;118.8;125.36;97.69;184.42;98.32;114.95;664;127.58;214.03;159.86;87.46;119.76;147.36;125.43
06/10/2023;89.92;119.56;110.48;87.55;95.58;87.94;81.82;81.82;88.15;97.41;218.09;335.45;132.41;267.8;63.66;148.74;114.28;84.33;81.96;77.04;82.2;104.52;95.1;100.53;95.25;151.58;85.81;135.97;119.96;126.2;98.43;185.34;99.71;115.39;669.66;128.68;216.63;161.9;87.46;119.1;148.98;126.7
09/10/2023;90.3;119.67;110.58;88.15;95.91;88.27;82.13;82.13;88.42;97.83;218.02;334.77;134.2;267.41;63.76;149.95;114.4;84.42;82.14;77.13;82.49;105.3;95.39;100.99;95.69;151.66;86.29;134.98;119.41;126.78;98.85;184.97;99.83;115.16;665.93;128.31;217.91;162.97;87.54;119.1;147.74;126.91
10/10/2023;90.4;119.45;110.39;88.24;95.95;88.46;82.3;82.3;88.71;98.46;218.96;337.19;134.35;270.75;63.78;150.19;115.02;84.88;82.58;77.36;82.51;105.86;95.5;101.45;96.13;152.74;86.62;137.91;121.84;127.32;99.64;185.95;100.19;115.25;677.97;130.61;217.86;163.71;86.43;120.84;150.77;128.09
11/10/2023;90.58;119.2;110.15;88.56;96.25;88.52;82.36;82.36;89.06;99.14;219.54;338.62;134.85;272.55;63.79;150.9;115.41;85.17;82.91;77.7;82.63;106.17;95.5;101.64;96.3;152.87;86.71;138.14;122.15;127.41;99.88;187.72;100.96;115.27;676.77;130.78;218.59;164.62;86.35;120.18;150.44;128.43
12/10/2023;90.42;119.46;110.39;88.16;96.35;88.22;82.08;82.08;88.9;99.36;219.59;338.46;134.14;270.63;63.76;150.07;115.12;84.95;82.71;77.57;82.42;105.56;95.39;101.33;96.01;152.62;86.39;138.35;122.42;127.54;99.57;189.86;102.99;116.01;677;130.96;218.56;163.56;87.61;122.13;150.44;127.44
13/10/2023;90.53;120;110.89;88.36;96.88;88.3;82.16;82.16;89.04;99.69;219.28;340.54;134.8;270.93;63.78;150.39;115.25;85.05;82.75;77.57;82.53;105.51;95.43;101.24;95.92;151.84;86.39;136.66;121.2;127.65;99.27;188.78;101.27;116.35;668.74;129.74;219.03;163.11;86.88;120.83;148.26;126.39
16/10/2023;90.37;119.39;110.33;88.11;96.18;88.03;81.91;81.91;88.78;99.4;219.06;338;134.49;270.13;63.76;150.01;114.92;84.81;82.52;77.48;82.37;105.53;95.37;101.33;96.01;152.33;86.47;136.81;121.82;127.92;99.79;186.88;99.83;115.05;671.13;129.97;220.24;164.7;85.66;118.72;148.68;127.17
17/10/2023;89.96;118.95;109.92;87.51;95.54;87.56;81.46;81.46;88.33;98.89;218.53;335.4;133.85;268.77;63.65;148.86;114.7;84.64;82.14;77.32;82.02;105.09;95.25;100.87;95.57;152.25;86.27;136.95;121.7;127.72;99.83;187.29;100.01;113.89;670.03;129.85;219.45;164.51;85.71;119.07;148.61;127.33
18/10/2023;89.79;119.09;110.05;87.23;95.39;87.25;81.17;81.17;88.06;98.34;217.88;334.4;133.71;266.9;63.62;148.28;114.33;84.37;81.85;77.08;81.88;104.31;95.13;100.36;95.09;151.09;85.8;135.64;120.57;127.01;99;186.6;99.55;113.68;662.75;128.33;217.77;162.66;85.48;119.46;146.87;125.57
19/10/2023;89.66;118.53;109.53;87.15;94.83;87.07;81;81;87.81;97.55;217.11;331.47;133.69;265.3;63.59;148.34;114.23;84.29;81.66;76.93;81.79;103.34;94.88;99.88;94.63;150.24;85.19;134.72;119.25;125.51;98.07;183.89;97.11;112.28;653.93;126.98;215.29;161.24;83.38;117.8;146.13;124.37
20/10/2023;89.82;118.51;109.52;87.37;94.91;87.41;81.32;81.32;87.93;97.66;216.8;331.43;134.19;265.78;63.65;148.84;114.41;84.42;82.03;76.96;81.92;102.98;94.73;99.67;94.44;148.73;84.81;132.9;117.66;124.15;97.12;182.45;96.19;113.03;643.32;125.21;212.03;159.09;83.38;117.19;143.6;122.97
23/10/2023;89.88;118.31;109.32;87.51;94.67;87.66;81.55;81.55;88.04;97.47;217.05;330.71;134.15;266.23;63.66;149.2;114.34;84.38;82.02;76.92;81.96;103.01;94.6;99.73;94.5;148.58;84.53;133.58;118.22;123.36;96.8;180.41;96.19;111.98;643.42;125.05;210.99;158.95;83.38;115.81;144.04;122.65
24/10/2023;90.23;118.7;109.41;87.72;95.16;87.94;81.82;81.82;88.42;97.98;218.18;334.28;134.16;268.31;63.76;149.52;114.78;84.7;82.36;77.21;82.23;103.29;94.69;100;94.62;149.04;84.78;133.72;118.39;124.28;97.31;181.26;95.79;112.87;646.66;125.74;212.89;159.92;82.04;116.37;144.62;123.21
25/10/2023;90.07;118.56;109.28;87.4;94.91;87.6;81.5;81.5;88.23;97.73;218.17;333.81;133.24;267.61;63.75;148.82;114.54;84.53;82.15;77.19;82.05;102.41;94.59;99.48;94.13;148.42;84.31;132.55;117.82;123.72;96.8;181.7;96.71;112.78;642.47;125.93;210.13;157.65;82.44;117.03;144.69;122.08
26/10/2023;90.19;119.06;109.74;87.69;95.39;87.92;81.8;81.8;88.37;98.63;217.86;335.5;133.98;267.82;63.8;149.3;114.84;84.75;82.36;77.19;82.15;102.46;94.69;99.52;94.17;147.65;84.41;132.39;117.92;123.14;96.07;180.6;97.02;110.89;641.37;125.14;209.3;156.35;82.93;115.78;144.25;121.07
27/10/2023;90.37;118.79;109.49;87.88;95.39;88.1;81.97;81.97;88.45;98.84;218;334.98;134.19;268.31;63.86;149.65;114.95;84.83;82.45;77.31;82.3;102.12;94.68;99.44;94.09;147.28;84.3;131.78;117.05;122.04;95.46;181.87;98.51;110.57;640.11;123.97;207.71;155.69;83.84;117.38;143.4;120.39
30/10/2023;90.53;118.46;109.19;88.05;95.08;88.14;82.01;82.01;88.48;98.53;218.45;334.05;134.28;268.57;63.92;150.01;114.85;84.75;82.42;77.44;82.44;102.51;94.68;99.73;94.36;147.92;84.28;132.54;117.47;122.57;96.14;181.62;98.36;109.86;642.87;124.46;209.51;157.63;84.32;116.23;143.82;121.3
31/10/2023;90.68;118.8;109.5;88.12;95.31;88.19;82.05;82.05;88.65;98.92;219.22;335.69;134.37;268.66;63.96;150.14;114.93;84.81;82.49;77.61;82.55;102.79;94.69;99.99;94.61;148.61;84.45;134.48;119.08;123.46;96.63;181.35;97.29;108.6;648.96;125.09;211.83;158.65;84.34;116.55;145.23;122.13
01/11/2023;90.68;118.8;109.5;88.12;95.31;88.19;82.05;82.05;88.65;98.92;219.22;335.69;134.37;268.66;63.96;150.14;114.93;84.81;82.49;77.61;82.55;102.79;94.69;99.99;94.61;148.61;84.45;134.48;119.08;123.46;96.63;181.35;97.29;108.6;648.96;125.09;211.83;158.65;84.34;116.55;145.23;122.13
02/11/2023;91.28;118.98;109.66;88.84;96.05;89.31;83.09;83.09;89.6;100.41;221.27;340.99;135.13;274.1;64.09;151.37;116.02;85.61;83.41;78.26;83.07;105.09;95.22;101.45;95.99;151.03;85.6;138.52;122.08;125.97;98.85;183.28;96.95;111.15;663.29;127.91;216.93;163.18;83.48;120.68;148.84;125.76
03/11/2023;91.62;118.41;109.14;89.47;96.19;89.9;83.64;83.64;90.14;101.28;221.84;340.91;136.03;276.91;64.18;152.36;116.72;86.13;84;78.7;83.4;106.22;95.45;102.23;96.73;151.85;86.21;139.99;122.97;125.68;99.27;184.53;98.08;110.56;671.16;127.86;216.49;164.56;83.42;120.68;149.22;127.35
06/11/2023;91.29;118.9;109.59;88.9;96.02;89.36;83.14;83.14;89.86;101.11;222.05;339.31;134.99;275.89;64.13;151.15;116.33;85.84;83.63;78.61;83.11;105.92;95.34;101.82;96.34;151.75;85.91;139.08;122.55;125.76;99.42;187.68;99.94;111.19;667.29;127.78;216.76;164.92;84.89;121.1;148.52;127.48
07/11/2023;91.5;119.4;110.05;89.31;96.58;89.71;83.47;83.47;90.05;101.57;221.93;341.42;135.48;276.12;64.15;152.07;116.57;86.02;83.84;78.64;83.37;106.14;95.35;102.06;96.57;151.82;86.09;138.45;121.96;126.18;99.41;187.3;99.26;111.32;666.06;127.69;218.93;165.64;84.95;119.84;148.36;127.62
08/11/2023;91.63;119.53;110.17;89.56;96.71;89.92;83.66;83.66;90.15;101.45;222.06;341.49;135.85;276.72;64.16;152.64;116.73;86.14;83.95;78.75;83.51;106.1;95.24;102.12;96.63;151.92;86.03;139.01;122.15;125.91;99.37;186.69;98.69;112.06;666.71;127.96;218.67;165.77;84.48;118.59;149.07;127.7
09/11/2023;91.63;119.11;109.79;89.34;96.33;89.61;83.37;83.37;89.93;101.07;222.35;338.7;135.62;274.68;64.18;152.23;116.33;85.85;83.55;78.67;83.45;105.49;95.08;101.85;96.37;151.77;85.69;140.3;123.08;125.56;99.15;186.17;98.27;112.4;674.96;128.9;216.78;164.46;84.22;119.58;150.83;127.26
10/11/2023;91.36;119.38;110.04;88.98;96.23;89.41;83.18;83.18;89.76;100.83;222.17;339.88;135.11;274.49;64.12;151.53;116.17;85.73;83.4;78.48;83.21;105.8;95.07;101.94;96.46;152.39;86.03;139.3;122.36;126.67;99.78;185.6;97.23;112.57;668.64;127.81;221.18;167.06;83.9;119.43;149.86;128.43
13/11/2023;91.43;119.26;109.92;89;96.08;89.42;83.19;83.19;89.76;100.55;222.42;338.7;135.32;274.02;64.13;151.52;116.12;85.69;83.36;78.43;83.27;105.98;95.07;102.02;96.54;152.54;86.01;140.85;123.76;126.65;99.88;185.78;98.05;112.68;673.77;128.59;220.74;167.04;83.57;118.88;150.89;128.46
14/11/2023;92.13;118.46;109.18;89.89;96.01;90.41;84.11;84.11;90.57;101.07;223.84;338.34;136.45;277.28;64.3;153.08;116.84;86.22;83.99;78.84;83.87;107.56;95.46;103.44;97.88;154.07;87.29;143.35;125.54;126.91;100.99;184.72;96.75;111.19;687.2;130.02;221.59;169.86;82.44;118.29;153.07;131.16
15/11/2023;92.09;118.94;109.63;89.69;96.23;90.18;83.9;83.9;90.54;101.48;224.29;337.06;135.76;276.87;64.31;152.7;116.7;86.12;83.83;78.9;83.8;107.51;95.48;103.36;97.8;154.34;87.35;143.71;125.94;126.92;101.15;188.54;99.5;111.86;690.36;130.66;221.03;169.86;83.56;119.36;153.96;131.57
16/11/2023;92.3;118.88;109.57;90.1;96.43;90.59;84.28;84.28;90.82;101.82;224.24;338.49;136.11;278.34;64.38;153.52;117.21;86.49;84.26;79.09;84;107.53;95.48;103.58;98.01;154.49;87.19;142.51;125.18;126.71;101.09;187.94;98.21;112.44;682.68;129.98;221.29;170.21;82.33;119.7;153.45;131.63
17/11/2023;92.28;119.06;109.74;90.06;96.47;90.62;84.31;84.31;90.82;101.79;224.37;339.14;136.18;279.12;64.36;153.39;117.18;86.47;84.26;79.28;84;107.73;95.51;103.66;98.08;154.75;87.43;143.68;126.2;127.04;101.37;186.94;96.5;111.63;689.65;131.29;221.55;170.55;82.36;121.11;154.8;132.03
20/11/2023;92.15;119.89;110.51;90.02;96.46;90.66;84.35;84.35;90.87;102.04;224.65;338.8;136.53;280.13;64.32;153.26;117.34;86.59;84.35;79.44;83.91;108.13;95.54;103.78;98.2;155.28;87.52;144.76;127.27;127.07;101.69;187.54;97.82;111.54;689.71;131.55;222.22;171.83;82.8;120.54;154.87;132.7
21/11/2023;92.35;120.62;111.18;90.28;96.79;90.91;84.58;84.58;91.06;102.04;224.9;340.79;136.96;281.62;64.37;153.81;117.7;86.86;84.54;79.73;84.1;107.93;95.53;103.86;98.27;155.05;87.46;143.03;125.77;127.11;101.63;188.1;97.67;112.39;687.21;131.51;221.9;171.51;83.39;120.97;154.19;132.41
22/11/2023;92.32;120.89;111.42;90.24;96.89;90.93;84.6;84.6;91.09;101.82;225.35;343.42;136.79;282.14;64.35;153.84;117.77;86.91;84.59;79.8;84.09;108.04;95.5;103.99;98.4;155.2;87.58;143.07;125.76;128.14;102.07;188.4;97.97;113.15;689.84;131.91;224.33;172.29;82.77;120.81;154.78;132.76
23/11/2023;92.13;120.56;111.12;89.93;96.49;90.75;84.43;84.43;91;101.54;225.44;341.65;136.92;281.76;64.32;153.08;117.39;86.63;84.37;79.72;83.91;108.06;95.52;103.88;98.29;155.33;87.46;143.2;126.02;128.14;102.07;188.28;98.61;111.97;690.16;132.29;224.33;172.29;82.95;120.81;155.16;132.76
24/11/2023;92.06;119.98;110.59;89.79;95.97;90.63;84.32;84.32;90.88;100.96;225.55;340.97;136.65;281.96;64.3;152.82;117.58;86.77;84.37;79.7;83.83;107.92;95.49;103.78;98.2;155.34;87.48;143.97;126.73;127.78;102.22;186.34;97.11;112.65;692.64;132.67;223;172.4;81.89;120.67;155.73;132.97
27/11/2023;92.5;120.24;110.83;90.37;96.49;91.08;84.74;84.74;91.24;101.71;225.87;342.16;137.38;282.7;64.41;153.99;117.93;87.03;84.69;79.85;84.22;108.19;95.58;104.03;98.43;155.43;87.59;143.67;126.33;127.52;101.94;186.06;96.85;112.49;691.03;132.15;222.78;172.12;81.68;120.81;155.09;132.69
28/11/2023;92.78;119.94;110.56;90.77;96.72;91.36;85;85;91.52;102.33;226.1;341.45;137.63;283.28;64.5;154.6;118.31;87.31;85.11;79.98;84.45;108.54;95.66;104.36;98.74;155.74;87.78;143.76;126.49;127.1;101.86;187.31;96.44;112.58;690.24;131.7;221.8;172.1;81.37;120.79;154.98;132.76
29/11/2023;93.24;120.56;111.12;91.27;97.41;91.91;85.51;85.51;92.02;102.98;227.16;345.03;137.94;286.01;64.64;155.52;118.86;87.71;85.55;80.47;84.84;108.78;95.73;104.79;99.15;156.06;88.28;144.86;127.51;127.08;101.77;186.91;94.9;112.91;695.02;132.21;221.81;172.02;81.15;120.99;156.12;133.08
30/11/2023;93.28;120.92;111.46;91.13;97.48;91.77;85.38;85.38;91.97;102.37;227.56;346.45;137.98;285.63;64.68;155.14;118.72;87.61;85.42;80.47;84.87;108.8;95.81;104.91;99.27;156.23;88.54;144.96;127.67;128.33;102.27;188.51;95.97;113.1;699.72;132.92;223.88;172.57;81.79;121.7;156.73;133.69
01/12/2023;93.82;121.65;112.13;91.85;98.53;92.65;86.2;86.2;92.55;103.89;228.33;350.84;138.94;287.19;64.88;156.48;119.4;88.11;86.02;80.76;85.33;109.78;96.28;105.67;99.98;157.23;89.56;145.91;128.48;129.8;102.85;188.91;95.53;114.22;708.69;134.29;226.51;173.38;81.73;122.67;157.93;134.77
04/12/2023;93.94;121.76;112.23;91.86;98.59;92.63;86.18;86.18;92.58;103.69;228.87;351.7;138.62;287.33;64.91;156.65;119.43;88.13;85.99;80.97;85.45;109.6;96.11;105.71;100.02;156.82;89.33;145.44;128.38;129.73;102.64;188.51;94.31;115.13;705.07;134.09;225.59;172.36;81.28;122.46;157.66;134.25
05/12/2023;94.36;121.94;112.4;92.6;99.1;93.17;86.68;86.68;93.1;103.89;229.28;354.59;140.04;289.4;65.01;158.18;119.95;88.52;86.43;81.39;85.91;109.83;96.17;105.98;100.28;157.3;89.52;146.4;129.02;129.69;102.54;187.1;92.86;115.01;707.86;134.65;225.81;172.36;79.55;121.94;158.96;134.1
06/12/2023;94.55;122;112.45;92.84;99.51;93.46;86.95;86.95;93.38;104.57;229.69;357.03;140.38;290.97;65.03;158.71;120.27;88.76;86.67;81.64;86.11;109.98;96.34;106.13;100.42;157.29;89.74;147.78;129.96;129.87;102.57;187.85;93.59;114.97;713.11;135.33;225.09;171.58;79.56;124.22;159.9;134.27
07/12/2023;94.61;122.13;112.57;93.04;99.62;93.72;87.19;87.19;93.44;104.73;229.87;356.84;140.37;290.59;65.06;158.85;120.47;88.9;86.85;81.76;86.14;110.17;96.49;106.31;100.59;157.87;90.09;147.02;129.16;130.31;102.74;187.12;93;114.73;711.46;134.92;226.81;172.75;79.47;125.98;159.66;134.83
08/12/2023;94.25;121.93;112.39;92.4;99.41;93.27;86.78;86.78;93.09;104.31;229.9;356.27;139.1;289.69;64.97;157.75;120.19;88.69;86.56;81.63;85.81;109.85;96.29;106.07;100.36;157.81;89.99;148.17;130.32;130.7;102.96;188.1;92.9;115.74;716.4;135.81;228.04;173.42;80.1;125.01;161.19;135.23
11/12/2023;94.27;121.92;112.37;92.31;99.18;93.19;86.71;86.71;93.02;103.72;230.09;356.84;139.01;289.5;64.97;157.68;120.13;88.65;86.51;81.64;85.83;109.98;96.32;106.3;100.58;158.12;90.36;148.11;130.31;131.54;103.52;188.21;92.67;115.98;718.7;136.22;229.28;173.96;80.62;125.22;161.84;135.54
12/12/2023;94.41;121.72;112.19;92.57;99.14;93.26;86.77;86.77;93.14;103.66;230.42;356.13;139.31;289.87;64.98;158.16;120.19;88.69;86.57;81.77;85.97;110.09;96.19;106.38;100.66;158.59;90.5;147.72;129.96;131.59;103.79;188.19;93.41;115.7;715.65;135.89;229.24;174.5;80.42;125.26;161.76;135.89
13/12/2023;94.66;121.93;112.39;93.21;99.71;93.97;87.43;87.43;93.66;104.22;230.93;359.12;139.84;292.61;65.05;159.01;120.6;89;87.07;82.11;86.19;111.15;96.5;106.98;101.23;159.7;91.37;147.5;129.86;132.69;104.73;187.37;92.33;115.11;713.93;135.84;232.13;176.88;79.1;125.6;161.49;137.77
14/12/2023;95.32;121.58;112.07;94.13;99.74;94.82;88.22;88.22;94.57;105.2;232.87;359.24;141.17;297.8;65.26;160.13;121.37;89.56;87.73;83.07;86.78;111.83;96.66;107.65;101.86;160.79;92.02;149.25;130.51;130.76;104.42;187.51;91.19;114.2;727.5;136.42;228;176.88;77.83;125.28;162.53;138.53
15/12/2023;95.73;122.77;113.16;94.65;100.85;95.17;88.54;88.54;94.88;105.91;233.48;362.36;141.78;298.3;65.34;161.36;121.52;89.67;87.92;83.3;87.19;111.88;96.79;107.8;102;160.82;92.32;149.64;130.53;131.17;104.15;190.39;93.23;114.48;727.89;136.51;229.66;176.89;78.43;126.3;162.92;138.29
18/12/2023;95.52;122.3;112.72;94.33;100.44;94.87;88.27;88.27;94.78;105.46;233.56;362.31;141.28;298.24;65.31;160.65;121.35;89.55;87.83;83.32;86.97;111.86;96.65;107.81;102.01;160.82;92.11;148.74;129.96;131.35;104.37;189.66;92.52;113.84;724.69;136.04;230.51;177.52;77.9;124.1;161.94;138.06
19/12/2023;95.75;121.64;112.12;94.8;100.17;95.06;88.45;88.45;94.9;105.67;233.71;360.8;142.36;298.84;65.35;161.75;121.41;89.6;87.83;83.49;87.22;112.27;96.73;108;102.19;161.34;92.45;150.11;130.65;131.18;104.73;188.51;91.61;113.64;729.58;136.62;230.28;178.46;77.45;123.21;162.42;138.87
20/12/2023;95.96;121.91;112.36;95.11;100.65;95.3;88.67;88.67;95.13;106.06;234.03;362.49;143.03;299.83;65.41;162.37;121.61;89.74;88.02;83.66;87.45;112.05;96.63;108.02;102.21;160.9;92.14;150.38;130.71;130.17;103.84;188.59;91.53;114.26;732.36;137;227.22;175.91;76.83;123.62;162.51;137.4
21/12/2023;96.04;121.65;112.13;95.25;100.54;95.36;88.72;88.72;95.22;106.02;234.27;361.85;143.2;299.61;65.44;162.57;121.67;89.78;88.03;83.77;87.52;112.44;96.77;108.18;102.36;161.36;92.55;150.29;130.5;130.69;104.28;188.52;91.79;114.02;729.93;136.81;229.13;177.61;77.21;123.7;162.18;138.31
22/12/2023;96.09;121.58;112.06;95.3;100.45;95.42;88.77;88.77;95.25;105.97;234.35;361.21;143.24;299.67;65.48;162.72;121.7;89.81;87.77;83.81;87.55;112.44;96.75;108.28;102.45;161.57;92.65;150.67;130.85;130.88;104.57;187.58;89.41;114.25;730.82;136.95;229.19;178.01;77.21;123.75;162.43;138.69
25/12/2023;96.09;121.58;112.06;95.3;100.45;95.42;88.77;88.77;95.25;105.97;234.35;361.21;143.24;299.67;65.48;162.72;121.7;89.81;87.77;83.81;87.55;112.44;96.75;108.28;102.45;161.57;92.65;150.67;130.85;130.88;104.57;187.58;89.41;114.25;730.82;136.95;229.19;178.01;77.21;123.75;162.43;138.69
26/12/2023;96.09;121.58;112.06;95.3;100.45;95.42;88.77;88.77;95.25;105.97;234.35;361.21;143.24;299.67;65.48;162.72;121.7;89.81;87.77;83.81;87.55;112.44;96.75;108.28;102.45;161.57;92.65;150.67;130.85;130.88;104.57;187.58;89.41;114.25;730.82;136.95;229.19;178.01;77.21;123.75;162.43;138.69
27/12/2023;96.34;121.21;111.73;95.76;100.36;95.78;89.11;89.11;95.46;106.22;234.54;359.61;143.86;300.74;65.52;163.53;121.82;89.9;87.97;83.93;87.82;113.09;96.84;108.43;102.6;162.3;92.95;151.22;131.09;130.62;104.96;189.19;90.04;113.01;733.38;137.1;228.72;179.06;76.19;124.49;162.64;139.54
28/12/2023;96.27;121.77;112.24;95.49;100.4;95.69;89.02;89.02;95.44;106.35;234.58;359.34;142.87;300.36;65.55;162.82;121.62;89.75;87.87;84.03;87.71;112.99;96.85;108.33;102.5;162.12;92.91;150.73;130.75;130.84;105.02;191.55;92.42;113.52;731.61;137.09;228.88;179.15;78.12;125.61;162.03;139.62
29/12/2023;96.01;122.42;112.84;94.97;100.63;95.66;89;89;95.38;106.69;234.67;361.1;141.91;300.27;65.52;161.79;121.64;89.76;87.88;83.97;87.46;112.92;96.92;108.31;102.48;161.91;92.78;150.66;130.78;131.32;104.99;192.69;93.15;114.15;731.98;137.38;229.5;178.69;79.18;126.42;162.16;139.5
01/01/2024;96.01;122.42;112.84;94.97;100.63;95.66;89;89;95.38;106.69;234.67;361.1;141.91;300.27;65.52;161.79;121.64;89.76;87.88;83.97;87.46;112.92;96.92;108.31;102.48;161.91;92.78;150.66;130.78;131.32;104.99;192.69;93.15;114.15;731.98;137.38;229.5;178.69;79.18;126.42;162.16;139.5
02/01/2024;95.79;122.61;113.01;94.56;100.5;95.31;88.68;88.68;95.21;106.36;234.57;362.02;141.48;298.41;65.47;161.36;121.23;89.46;87.59;83.73;87.29;112.59;96.89;108.33;102.5;161.3;92.42;150.68;131.25;132.03;104.92;193.19;92.62;114.87;729.8;137.16;230.18;177.59;78.4;126.42;162.02;138.88
03/01/2024;95.67;122.74;113.13;94.58;100.52;95.1;88.48;88.48;94.82;106.1;233.57;359.77;141.42;295.63;65.44;161.64;120.98;89.27;87.34;83.37;87.24;112.34;96.76;108.14;102.33;160.66;91.96;148.13;129.41;131.63;104.43;191.4;92.65;115.98;719.75;136.08;229.31;176.3;78.05;126.42;159.71;137.6
04/01/2024;95.21;122.02;112.47;94.03;99.77;94.71;88.12;88.12;94.45;105.15;233.29;356.28;140.32;294.18;65.33;160.46;120.62;89.01;87.17;83.11;86.84;111.96;96.68;107.93;102.12;160.26;91.66;149.64;130.92;131.11;104.42;190.67;92.24;116.08;725.27;137;227.36;175.6;76.96;124.87;160.75;137.68
05/01/2024;95.02;121.72;112.19;93.83;99.49;94.58;88;88;94.28;105.28;232.84;354.73;140.4;293.49;65.28;160.08;120.59;88.99;87.08;83;86.67;111.8;96.71;107.76;101.96;160.14;91.64;149.67;131;130.89;104.36;189.85;91.14;116.7;724.23;136.61;227.22;175.84;76.11;125.59;160.32;138.04
08/01/2024;95.1;121.73;112.2;93.92;99.76;94.7;88.11;88.11;94.33;105.39;233.08;354.6;140.67;293.18;65.31;160.24;120.64;89.03;87.08;82.96;86.71;112.25;96.78;107.99;102.18;160.81;92.04;150.66;131.64;131.98;105.16;188.9;89.46;117.14;729.48;137.03;230.77;178.46;74.98;125.59;160.97;139.75
09/01/2024;94.93;122.33;112.75;93.58;99.93;94.61;88.02;88.02;94.23;105.43;233.26;355.44;140.39;292.49;65.28;159.63;120.45;88.89;86.97;82.81;86.55;112.1;96.73;107.94;102.13;160.6;92.07;150.42;131.29;132.35;105.12;189.18;89.51;117.37;727.06;136.87;231.83;178.44;75.41;127.08;160.42;139.82
10/01/2024;94.88;121.69;112.16;93.51;99.41;94.59;88;88;94.36;105;234.03;355.52;139.87;293.8;65.27;159.43;120.61;89;86.98;82.96;86.51;112.16;96.7;107.93;102.12;160.67;92.03;150.21;131.26;132.27;105.46;187.8;88.8;117.12;724.66;136.64;232.21;179.51;74.47;127.34;160.24;140.44
11/01/2024;95.05;122.12;112.56;93.65;99.79;94.8;88.2;88.2;94.6;105.49;234.44;358.57;140.04;295.69;65.33;159.6;121.04;89.32;87.35;83.11;86.62;112.37;96.71;108.03;102.22;160.77;92.19;149.02;130.39;132.38;105.44;188.97;90.03;117.4;719.19;135.6;232.58;179.43;75.15;128.84;159.27;140.29
12/01/2024;95.38;121.92;112.38;94.15;100.08;95.13;88.51;88.51;94.9;106.03;234.54;359.71;140.93;297.05;65.44;160.46;121.47;89.64;87.7;83.42;86.91;112.62;96.84;108.34;102.51;161.21;92.44;150.48;131.54;132.81;105.81;189;89.6;116.14;725.13;136.69;232.59;179.73;74.76;130.16;160.46;140.74
15/01/2024;95.16;121.86;112.32;93.85;99.97;94.92;88.31;88.31;94.79;105.66;234.37;359.92;140.39;296.86;65.38;159.83;121.35;89.55;87.62;83.43;86.7;112.6;96.79;108.28;102.45;161.14;92.31;149.98;130.99;132.81;105.81;189.26;89.31;116.27;721.59;135.96;232.59;179.73;74.79;130.6;159.86;140.74
16/01/2024;95.04;122.11;112.55;93.65;99.83;94.59;88;88;94.58;104.86;233.94;360.87;140.14;295.65;65.36;159.59;121.07;89.34;87.41;83.29;86.59;111.96;96.59;108.13;102.31;160.37;92.19;150.02;130.91;133.11;105.58;187.71;88.33;117.57;718.63;135.72;233.6;179.08;75.41;129.35;159.56;140.36
17/01/2024;94.64;122.12;112.56;93.18;99.41;94.06;87.51;87.51;94.26;104.09;233.32;359.73;139.28;293.99;65.25;158.7;120.64;89.02;87.09;82.99;86.3;111.33;96.27;107.69;101.89;159.64;91.6;148.93;129.92;132.6;105.09;184.42;85.51;117.66;709.63;134.44;232.94;178.13;73.56;127.75;158.16;139.27
18/01/2024;94.69;122.07;112.51;93.09;99.38;94.1;87.55;87.55;94.29;104.28;233.63;359.56;139.17;293.84;65.29;158.52;120.68;89.05;87.1;83.01;86.29;111.37;96.41;107.78;101.98;160.02;91.89;149.28;130.57;133.27;105.61;184.73;86.18;117.89;712.96;135.37;234.71;179.51;74.51;127.75;159.96;139.91
19/01/2024;94.74;122.05;112.49;93.15;99.17;94.1;87.55;87.55;94.33;104.24;233.92;358.34;139.37;293.68;65.28;158.67;120.54;88.95;87.01;83.01;86.33;111.7;96.46;107.81;102.01;160.63;92.4;148.77;130.18;133.87;106.32;185.82;85.24;117.96;710.07;135.17;237.07;181.86;74.27;128.23;159.83;141.22
22/01/2024;95.05;122.19;112.62;93.43;99.32;94.36;87.79;87.79;94.48;104.25;234.52;358.61;139.71;293.95;65.35;159.2;120.61;89;87.15;83.17;86.61;112.01;96.49;108.03;102.22;161.17;92.81;149.69;130.42;134.29;106.64;184.46;83.16;118.11;717.71;136.13;237.37;182.07;72.98;129.91;161.28;141.1
23/01/2024;94.88;123.07;113.44;93.07;99.49;94.12;87.57;87.57;94.4;104.2;234.56;359;138.71;292.87;65.33;158.37;120.42;88.86;87.02;83.04;86.4;112;96.54;107.98;102.17;161.1;92.71;149.56;129.93;134.98;106.83;186.41;85.45;118.39;714.87;135.66;239.29;182.68;73.93;129.79;160.73;141.07
24/01/2024;94.98;122.58;112.98;93.13;99.05;94.2;87.64;87.64;94.47;104.08;234.85;356.68;138.97;292.78;65.36;158.53;120.54;88.95;87.08;83.14;86.49;112;96.64;107.97;102.16;161.58;92.7;150.94;131.02;134.46;106.83;187.45;87.9;117.82;720.73;137.44;237.61;182.47;74.39;129.47;163.71;140.85
25/01/2024;95.34;123.25;113.61;93.57;99.77;94.56;87.98;87.98;94.69;104.62;235.06;359.69;139.42;293.29;65.47;159.35;120.74;89.1;87.3;83.2;86.81;112.4;96.79;108.4;102.57;161.85;93.19;150.84;130.55;135.69;107.31;189.73;89.96;117.93;722.65;137.83;240.31;183.35;76.28;129.82;164.13;141.51
26/01/2024;95.44;122.72;113.12;93.52;99.43;94.54;87.96;87.96;94.74;104.43;235.43;359.16;139.24;293.72;65.51;159.19;120.77;89.12;87.34;83.32;86.86;112.33;96.74;108.5;102.66;161.82;93.06;151.79;131.51;135.45;107.35;188.73;88.04;117.61;728.34;139.34;239.34;183.1;75.52;127.35;165.6;141.57
29/01/2024;95.77;123.5;113.83;93.97;100.2;94.92;88.31;88.31;95.01;104.86;235.61;362.65;140.01;294.79;65.6;160.12;121.01;89.3;87.58;83.5;87.16;112.96;96.98;108.76;102.9;162.32;93.75;150.99;130.77;136.83;107.93;190.76;88.51;117.65;726.55;139.71;242.51;184.42;75.03;129.65;165.43;142.64
30/01/2024;95.64;123.42;113.46;93.73;99.96;94.89;87.97;87.97;94.94;104.77;235.52;362.24;139.54;295.52;65.57;159.53;120.96;88.26;87.01;83.56;87.05;112.85;96.83;108.68;102.49;162.4;93.54;152.04;132.08;136.61;108.06;188.37;86;117.43;726.78;139.96;241.44;184.23;73.5;128.6;166.08;142.66
31/01/2024;96.02;123.66;113.68;94.31;100.37;95.38;88.42;88.42;95.11;105.67;235.11;362.42;140.38;296.32;65.65;160.82;121.32;88.52;87.37;83.8;87.45;112.55;96.92;108.71;102.52;162.33;93.16;152.74;132.67;135.34;107.12;187.21;84.74;115.7;727.36;139.88;236.79;181.09;72.74;130.44;165.82;141.08
01/02/2024;95.94;123.95;113.94;94.38;100.91;95.64;88.66;88.66;95.2;106.53;235.01;365.29;140.66;297.69;65.61;161.02;121.57;88.7;87.54;83.97;87.44;113.11;97;108.82;102.63;162.66;93.65;151.77;132.16;136.63;107.93;189.1;85.56;115.86;722.17;139.35;240.99;183.78;72.95;130.39;165.04;142.41
02/02/2024;95.54;123.99;113.99;93.74;100.39;95.01;88.07;88.07;94.85;105.55;235.07;364.05;139.65;295.95;65.51;159.72;121.11;88.37;87.18;83.81;87.07;112.82;96.72;108.72;102.53;162.45;93.45;151.79;132.24;137.22;108.3;190.81;85.11;115.48;722.65;139.31;244.15;185.75;72.29;129.22;165.34;143.08
05/02/2024;95.25;124.34;114.31;93.27;100.22;94.48;87.59;87.59;94.59;104.92;234.58;364.07;138.95;293.84;65.47;158.85;120.79;88.14;86.88;83.53;86.77;112.34;96.7;108.45;102.27;161.89;93.12;151.99;132.83;137.42;107.95;191.29;85.49;115.8;719.12;139.49;245.11;185.17;73.44;130.68;165.34;142.42
06/02/2024;95.33;124.36;114.32;93.41;100.41;94.66;87.75;87.75;94.7;105.38;234.47;365.36;139.53;295.37;65.48;159.11;121.12;88.38;87.32;83.62;86.81;112.75;96.97;108.56;102.38;162.38;93.35;152.89;133.52;137.55;108.14;194.02;89.33;116.08;723.43;140.39;244.9;185.26;75.87;130.53;166.33;142.65
07/02/2024;95.2;124.16;114.14;93.25;100.27;94.55;87.65;87.65;94.63;105.26;234.36;364.91;139.22;295.37;65.45;158.91;120.93;88.24;87.26;83.61;86.68;112.84;96.98;108.51;102.34;162.58;93.54;152.29;132.79;137.96;108.55;194.3;89.09;115.96;722.45;140.15;246.84;187.01;76.51;130.33;165.95;143.41
08/02/2024;95.02;124.02;114.01;92.95;99.87;94.25;87.37;87.37;94.47;104.74;234.34;364.75;138.93;295.34;65.41;158.26;120.83;88.17;87.19;83.63;86.52;112.51;96.85;108.45;102.27;162.34;93.5;152.51;132.9;137.76;108.51;193.35;88.25;115.54;721.78;139.94;246.9;187.09;76.94;129.08;166.84;143.26
09/02/2024;94.88;123.66;113.68;92.77;99.6;94.08;87.21;87.21;94.4;104.53;234.57;363.58;138.54;295.05;65.37;157.9;120.66;88.04;87.04;83.49;86.42;112.52;96.83;108.39;102.22;162.45;93.76;152.63;133;137.86;108.77;192.57;87.47;115.41;723.01;139.82;247.91;188.3;76.94;128.57;167.11;143.75
12/02/2024;95.04;123.66;113.68;92.97;99.86;94.24;87.36;87.36;94.52;104.75;234.85;364.37;138.8;295.11;65.42;158.26;120.74;88.1;87.07;83.5;86.53;112.78;96.98;108.6;102.42;162.7;94.09;154.43;134.29;138.09;108.8;192.57;87.47;115.25;728.95;140.38;248.05;188.04;76.94;128.57;168.12;143.88
13/02/2024;94.86;123.66;113.68;92.79;99.7;93.73;86.89;86.89;94.23;104.28;234.43;363.17;138.63;292.7;65.36;157.98;120.35;87.81;86.77;83.31;86.4;111.74;96.7;107.99;101.84;161.58;93.08;152.91;132.95;137.21;107.83;193.99;87.47;115.43;720.69;139.03;245.84;185.46;76.94;130.23;166.06;142.1
14/02/2024;95.12;123.66;113.68;93.19;99.84;93.95;87.1;87.1;94.44;104.31;234.69;363.96;139.33;293.44;65.42;158.71;120.58;87.98;86.85;83.43;86.61;112.29;96.9;108.42;102.25;162.17;93.74;153.69;133.68;137.96;108.46;194.25;88.94;116.19;725.46;139.6;248.37;187.49;76.94;128.88;166.86;143.42
15/02/2024;95.12;123.66;113.68;93.14;99.69;94.01;87.15;87.15;94.52;104.34;234.99;364.69;139.11;295.15;65.43;158.65;120.78;88.13;87;83.65;86.58;112.68;96.95;108.6;102.42;162.82;93.9;154.61;134.96;138.52;109.15;194.81;89.01;116.39;732.14;140.77;248.24;188.03;76.94;128.33;168.08;144.14
16/02/2024;94.98;123.66;113.68;92.92;99.43;93.79;86.95;86.95;94.42;104.09;235.09;363.89;138.72;294.74;65.4;158.2;120.69;88.06;86.98;83.64;86.45;112.36;96.97;108.41;102.24;162.78;93.68;155.15;135.18;138.31;109.07;196.29;90.8;116.53;736.75;141.63;246.74;187.05;76.94;129.22;169.1;143.51
19/02/2024;95.03;123.56;113.58;92.87;99.46;93.76;86.92;86.92;94.43;103.98;235.17;363.67;138.59;294.44;65.42;158.04;120.6;88;86.96;83.63;86.46;112.37;96.97;108.42;102.25;162.66;93.65;155.13;135.2;138.31;109.07;196.68;90.04;117.25;738.09;141.8;246.74;187.05;77.81;129.95;168.95;143.51
20/02/2024;95.23;123.41;113.45;93.1;99.19;93.91;87.06;87.06;94.5;103.86;235.31;362.02;138.82;294.59;65.48;158.52;120.89;88.21;87.13;83.73;86.66;112.16;96.98;108.44;102.27;162.64;93.46;154.96;135.35;137.49;108.81;196.29;89.97;116.6;737.52;141.5;244;185.86;77.59;129.48;168.81;143.1
21/02/2024;94.96;123.66;113.68;92.68;99.14;93.63;86.8;86.8;94.38;103.98;235.28;362.48;137.85;294.46;65.42;157.64;120.73;88.1;87.02;83.66;86.4;112.17;96.95;108.29;102.12;162.49;93.09;156.27;136.49;137.77;108.92;196.97;91.55;116.88;737.16;141.2;244.21;185.7;78.58;129.15;169.37;143.07
22/02/2024;95.06;123.65;113.67;92.75;99.14;93.64;86.81;86.81;94.43;103.71;235.7;363.74;137.97;295.6;65.42;157.8;120.87;88.19;87.17;83.72;86.51;112.88;97.08;108.66;102.47;163.6;93.9;157.46;137.5;139.51;110.33;198.45;92.89;117.33;742.53;142.41;249.62;189.86;79.26;129.98;171.71;145.7
23/02/2024;95.42;123.59;113.62;93.18;99.18;93.95;87.1;87.1;94.65;103.39;235.99;365.48;138.71;297.39;65.5;158.74;121.09;88.36;87.29;84.04;86.84;113.14;97.13;108.89;102.69;164.06;94.13;158.64;138.75;139.72;110.57;197.93;92.88;117.41;745.22;143.03;249.47;189.93;78.99;129.98;172.21;146.42
26/02/2024;95.16;123.37;113.41;92.74;98.82;93.65;86.81;86.81;94.47;102.88;236.01;365.38;138.12;298.1;65.45;157.83;121;88.29;87.22;84.15;86.57;113.28;96.89;108.64;102.46;163.77;93.87;162.03;142.2;139.05;110.3;196.79;91.99;117.33;742.95;142.54;247.79;189.18;77.8;129.5;172.56;146.09
27/02/2024;95.04;123.49;113.52;92.6;98.82;93.51;86.69;86.69;94.4;103.34;235.73;364.47;138.04;297.21;65.44;157.54;120.88;88.2;87.05;84.07;86.45;113.32;96.96;108.6;102.41;163.83;94.06;162.37;142.53;139.25;110.4;197.44;93.02;117.18;743.33;142.82;248.38;189.55;78.85;129.56;173.2;146.35
28/02/2024;94.99;123.72;113.74;92.66;98.95;93.6;86.77;86.77;94.41;103.22;235.48;366.02;138.47;298.08;65.43;157.64;121;88.29;87.16;84.16;86.43;113.09;96.9;108.62;102.43;163.63;93.83;161.69;142.05;139.16;110.27;196.09;91.53;117.67;739.57;142.62;248.19;189.17;77.79;129.02;172.84;146.18
29/02/2024;95.13;124.25;114.22;92.96;99.39;93.78;86.94;86.94;94.53;103.71;235.33;367.17;139.14;298.63;65.47;158.28;121.17;88.42;87.4;84.23;86.58;113.29;97.11;108.82;102.63;163.92;94.33;161.67;142.22;139.55;110.41;196.9;91.93;117.82;741.66;142.65;250.08;190.35;79.57;130.32;172.75;146.59
01/03/2024;95.18;123.93;113.93;92.97;99.45;93.99;87.13;87.13;94.64;103.9;235.41;368.49;138.97;300.05;65.48;158.08;121.32;88.53;87.51;84.45;86.61;114.05;97.31;109.14;102.92;164.79;94.84;163.11;143.53;140.16;111.03;197;92.33;118.14;745.7;143.44;252.11;192.12;79.91;130.78;173.46;147.86
04/03/2024;95.26;123.62;113.64;93.06;99.14;93.85;87;87;94.62;103.65;235.62;367.98;139.12;300.4;65.49;158.38;121.36;88.55;87.5;84.56;86.67;113.78;97.17;108.98;102.78;164.62;94.76;163.57;143.5;139.71;110.92;197.35;91.67;118.19;744.2;143.52;251.18;191.89;80.01;129.74;173.82;148.11
05/03/2024;95.51;123.74;113.75;93.59;99.57;94.3;87.42;87.42;94.81;103.93;235.56;368.59;140.04;301.09;65.55;159.51;121.46;88.63;87.57;84.73;86.95;113.77;97.26;108.98;102.77;164.4;94.44;164.89;144.52;138.76;110.2;195.64;89.8;118.53;742.87;143.14;248.52;190.02;80.73;130.82;173.11;146.77
06/03/2024;95.51;123.64;113.66;93.68;99.42;94.44;87.55;87.55;94.84;103.86;235.58;368.57;140.26;302.06;65.56;159.7;121.64;88.76;87.69;84.81;86.94;114.16;97.45;109.14;102.93;164.64;94.93;166.16;145.56;139.1;110.7;196.12;90.61;118;744.97;143.58;249.19;191.15;80.2;132.06;173.78;147.74
07/03/2024;95.7;123.55;113.58;93.92;99.54;94.71;87.8;87.8;95.05;104.02;235.99;368.84;140.48;302.84;65.61;160.12;121.74;88.83;87.81;84.99;87.12;114.5;97.72;109.58;103.34;165.22;95.63;166.35;145.79;139.96;111.45;196.1;89.6;118.32;750.88;145.39;251.3;193.1;79.48;132.74;175.54;149.06
08/03/2024;96.04;123.28;113.33;94.21;99.49;94.98;88.05;88.05;95.29;104;236.47;368.59;140.71;303.52;65.71;160.57;121.89;88.94;87.86;85.16;87.39;114.49;97.72;109.59;103.35;165.24;95.29;166.31;145.77;139.47;111.22;196.81;89.75;117.79;751.24;145.27;248.82;191.72;80.01;133.47;174.85;148.36
11/03/2024;95.94;123.66;113.68;94.03;99.75;94.91;87.98;87.98;95.24;104.25;236.59;368.99;140.14;302.93;65.7;160.1;121.82;88.89;87.8;85.05;87.28;114.3;97.61;109.49;103.26;165;95.11;165.84;145.36;139.58;111.07;197.71;91.54;117.57;747.41;144.56;248.85;191.17;81.55;131.67;173.77;147.81
12/03/2024;95.93;123.61;113.64;93.96;99.57;94.7;87.79;87.79;95.21;103.86;236.85;368.85;140.1;302.52;65.7;159.97;121.73;88.82;87.67;85;87.25;114.72;97.68;109.72;103.47;165.5;95.51;167.78;146.99;140.49;111.75;199.53;94.05;118.16;753.33;145.96;252.36;193.66;81.75;130.93;175.6;149.52
13/03/2024;95.99;122.86;112.94;93.84;99.22;94.62;87.71;87.71;95.23;103.75;237.15;368.18;140.17;302.67;65.72;159.74;121.87;88.93;87.75;85.06;87.22;114.72;97.6;109.69;103.44;165.52;95.37;168.42;147.64;140.14;111.67;198.57;93.8;118.96;753.76;146.38;251.34;193.31;80.89;130.12;176.14;149.02
14/03/2024;95.8;123.26;113.31;93.49;99.24;94.23;87.36;87.36;95.09;103.73;236.77;368.33;139.87;301.2;65.7;158.91;121.67;88.78;87.58;84.98;87.04;114.17;97.49;109.4;103.17;165.31;94.84;168.31;147.49;140.31;111.41;200.19;93.89;119.75;752.75;146.23;251.88;192.73;81.28;131.15;175.87;148.18
15/03/2024;95.68;123.13;113.2;93.33;98.89;94.01;87.15;87.15;94.94;103.34;236.7;367.81;139.44;300.78;65.66;158.65;121.52;88.67;87.45;84.9;86.95;113.84;97.3;109.21;102.99;164.86;94.56;168.77;148.16;139.69;110.98;197.86;93.04;120.16;751.84;145.78;250.59;191.82;81.56;130.68;175.63;147.47
18/03/2024;95.64;123.28;113.33;93.3;98.73;93.93;87.08;87.08;94.93;102.7;236.79;367.53;139.65;300.49;65.66;158.64;121.39;88.58;87.28;84.8;86.9;114.08;97.41;109.24;103.02;165.04;94.77;168.97;148.31;140.3;111.46;198.27;93.72;120.09;752.44;145.62;252.08;192.87;82.55;132.75;175.59;148.25
19/03/2024;95.68;123.61;113.64;93.31;98.84;94.05;87.18;87.18;94.93;102.8;236.59;369.26;139.58;301.15;65.69;158.66;121.56;88.7;87.44;84.92;86.93;114.39;97.46;109.37;103.14;165.33;95.01;170.13;149.5;141.15;112.01;196.72;92.69;120.11;753.31;145.86;254.12;193.96;82;132.9;176.42;149
20/03/2024;95.69;123.72;113.74;93.38;99.04;94.15;87.28;87.28;94.93;103.12;236.12;370.57;139.53;302.06;65.68;158.7;121.76;88.85;87.6;85.03;86.95;114.9;97.63;109.63;103.39;165.68;95.53;170.6;149.71;141.83;112.56;197.52;93.28;120.61;754.97;146.05;256.39;195.58;82.32;132.9;176.24;149.7
21/03/2024;95.91;123.66;113.68;93.64;99.3;94.36;87.47;87.47;95;103.3;235.95;373.34;139.94;304.45;65.75;159.12;122.39;89.31;88.11;85.38;87.14;115.41;97.85;109.93;103.67;166.32;96.11;171.16;150.02;142.28;112.99;200.11;93.88;122.19;762.99;147.3;257.4;196.49;82.3;134.03;177.99;150.49
22/03/2024;96.18;123.67;113.69;94.06;99.64;94.68;87.77;87.77;95.11;103.33;235.68;376.12;140.45;305.46;65.79;159.94;122.7;89.53;88.35;85.56;87.43;115.51;98.03;110.07;103.8;166.38;96.14;171.15;150.28;142.54;112.84;199.25;92.37;123.08;764.65;147.37;258.32;196.43;81.77;135.83;177.6;150.5
25/03/2024;95.97;123.65;113.67;93.75;99.29;94.4;87.51;87.51;95;103.11;235.98;375.02;140.12;305.16;65.75;159.33;122.57;89.44;88.23;85.57;87.23;115.33;97.86;109.84;103.59;166.21;95.81;172.44;151.43;141.85;112.47;198.31;91.95;122.58;763.94;147.58;257.13;195.91;81.41;133.5;177.88;149.89
26/03/2024;96.05;123.6;113.62;93.88;99.43;94.49;87.59;87.59;95.03;103.13;235.83;375.59;140.44;305.37;65.77;159.64;122.62;89.47;88.33;85.6;87.31;115.4;97.91;109.89;103.63;166.19;95.85;172.79;151.77;141.84;112.41;199.09;92.58;123.62;766.83;147.94;256.59;195.31;81.64;133.19;178.61;149.74
27/03/2024;96.3;123.66;113.68;94.2;99.71;94.74;87.83;87.83;95.15;103.45;235.86;376.72;140.86;305.97;65.82;160.28;122.73;89.55;88.47;85.74;87.58;115.92;98.13;110.22;103.94;166.66;96.43;173.1;152.15;143.03;113.28;198.54;91.48;124.19;767.41;148.08;258.99;196.97;80.69;134.15;179.17;150.84
28/03/2024;96.35;123.92;113.92;94.11;99.79;94.64;87.74;87.74;95.12;103.34;235.89;377.36;140.55;305.91;65.83;160.04;122.65;89.5;88.4;85.77;87.61;115.98;98.06;110.24;103.96;166.7;96.61;173.05;152.13;143.43;113.39;199.49;92.42;124.79;768.86;148.28;259.59;197.03;81.25;132.74;179.29;150.96
29/03/2024;96.35;123.92;113.92;94.11;99.79;94.64;87.74;87.74;95.12;103.34;235.89;377.36;140.55;305.91;65.83;160.04;122.65;89.5;88.4;85.77;87.61;115.98;98.06;110.24;103.96;166.7;96.61;173.05;152.13;143.43;113.39;199.49;92.42;124.79;768.86;148.28;259.59;197.03;81.25;132.74;179.29;150.96
01/04/2024;96.35;123.92;113.92;94.11;99.79;94.64;87.74;87.74;95.12;103.34;235.89;377.36;140.55;305.91;65.83;160.04;122.65;89.5;88.4;85.77;87.61;115.98;98.06;110.24;103.96;166.7;96.61;173.05;152.13;143.43;113.39;199.49;92.42;124.79;768.86;148.28;259.59;197.03;81.25;132.74;179.29;150.96
02/04/2024;96.15;123.85;113.85;93.5;99.33;93.97;87.12;87.12;94.92;102.93;235.71;375.24;139.52;303.21;65.85;158.65;122.35;89.28;88.17;85.49;87.31;115.26;97.79;109.84;103.59;166.24;95.78;170.9;150.43;142.44;112.36;201.26;94.53;125.21;763.34;147.09;258.3;195.48;82.66;131.36;177.86;149.29
03/04/2024;96.2;123.39;113.43;93.47;98.85;93.96;87.1;87.1;94.91;102.58;235.66;373.81;139.65;303.72;65.84;158.52;122.38;89.3;88.18;85.45;87.36;115.24;97.71;109.8;103.55;166.38;95.79;171.98;151.2;141.85;112.36;198.92;93.4;124.87;766.47;147.55;257.26;195.7;82.06;130.36;178.93;149.11
04/04/2024;96.38;123.39;113.43;93.84;98.82;94.23;87.35;87.35;95.09;102.88;236.1;374.2;140.21;305.26;65.88;159.32;122.67;89.51;88.43;85.7;87.53;115.04;97.87;109.71;103.47;166.31;95.31;171.94;151.11;140.42;111.57;199.18;93.4;124.3;768.22;147.67;252.91;193.13;82.06;130.95;179.13;148.18
05/04/2024;96.24;123.39;113.43;93.57;98.89;93.88;87.03;87.03;94.95;102.94;235.89;374.6;139.89;304.15;65.86;158.72;122.7;89.53;88.43;85.67;87.39;115.06;97.74;109.64;103.39;165.8;95.61;170.18;149.33;141.52;112.04;199.51;92.91;124.6;762.84;146.45;256.99;195.36;82.06;130.7;177.29;149.03
08/04/2024;96.12;123.12;113.18;93.41;98.46;93.62;86.79;86.79;94.8;102.43;235.98;373.59;139.68;304.32;65.82;158.44;122.67;89.51;88.5;85.61;87.28;115.07;97.7;109.56;103.33;166.09;95.54;171.31;150.54;141.18;112.07;199.49;92.64;123.36;766.59;147.2;256.14;195.33;81.22;131.19;178.41;149.05
09/04/2024;96.37;123.27;113.32;93.85;98.78;93.99;87.13;87.13;95.01;102.94;236.29;375.13;140.29;305.66;65.87;159.37;123.07;89.8;88.82;85.83;87.55;115.32;97.93;109.69;103.44;166.21;95.92;169.48;148.94;141.28;112.17;200.53;93.15;123.38;761.62;146.2;256.48;195.68;80.86;132;176.87;149.12
10/04/2024;96.08;123.84;113.85;93.43;98.82;93.32;86.51;86.51;94.71;102.33;235.83;375.47;139.77;302.91;65.8;158.69;122.56;89.43;88.36;85.62;87.28;114.6;97.63;109.24;103.02;165.66;95.24;169.44;149.26;141.28;111.41;202.74;95.11;123.81;760.83;146.56;256.64;193.93;81.14;131.67;177.13;147.69
11/04/2024;95.92;124.26;114.23;93.17;98.89;93.18;86.38;86.38;94.52;102.28;235.22;375;139.48;301.09;65.77;158.05;122.27;89.22;88.26;85.37;87.16;114.6;97.64;109.13;102.92;165.3;95.46;168.07;147.97;141.97;111.58;202.99;95.38;123.87;757.58;145.98;259.84;195.5;81.47;131.97;176.06;148.28
12/04/2024;96.27;125.24;115.13;93.87;99.67;93.67;86.83;86.83;94.79;102.56;235.17;377.4;141.08;300.85;65.85;159.57;122.44;89.34;88.4;85.51;87.53;114.44;97.76;109.21;102.99;165.35;95.21;168.08;148.13;141.48;110.55;201.82;94.23;124.67;757.48;146.46;257.69;192.43;81.74;134.08;175.83;146.45
15/04/2024;95.83;125.11;114.64;93.3;99.06;93.08;85.69;85.69;94.43;101.74;234.54;374.33;140.25;298.26;65.77;158.47;121.9;88.95;87.87;85.25;87.13;113.62;97.42;108.89;102.35;164.73;94.51;168.85;148.99;140.39;109.72;200.17;94.09;122.2;759.09;146.65;254.58;189.98;83.4;132.73;176.44;144.99
16/04/2024;95.4;124.93;114.48;92.88;98.3;92.66;85.3;85.3;93.99;100.12;233.51;371.49;139.98;296.05;65.65;157.76;121.02;88.31;87.18;84.88;86.82;112.89;96.96;108.41;101.9;163.61;93.91;166.22;146.71;139.57;109.15;195.85;92.39;121;748.51;144.54;254.03;189.64;82.34;130.59;174.15;144.27
17/04/2024;95.56;125.26;114.78;93.01;98.58;92.92;85.54;85.54;94.18;100.66;233.89;373.79;140;298.07;65.67;158.08;121.37;88.56;87.46;85.02;86.94;112.79;97.01;108.36;101.85;163.16;93.69;166.96;147.54;139.09;108.8;196.11;92.71;120.77;747.56;144.43;252.61;188.68;83.61;128.53;173.88;143.17
18/04/2024;95.47;125.01;114.55;92.82;98.4;92.73;85.37;85.37;94.15;100.41;233.95;373.18;139.42;298.08;65.67;157.74;121.43;88.6;87.51;85.09;86.84;112.7;97.01;108.31;101.8;163.34;93.56;168.04;148.58;138.92;108.81;196.97;93.17;120.29;749.37;144.68;251.5;188.13;83.61;129.16;174.57;143.33
19/04/2024;95.43;124.98;114.52;92.79;98.31;92.77;85.4;85.4;94.17;100.4;234.11;372.84;139.33;298.2;65.65;157.62;121.42;88.6;87.62;85.07;86.8;112.56;96.89;108.28;101.78;162.87;93.2;167.86;148.67;138.37;108.48;194.22;92.26;119.6;747.55;144.61;248.9;186.43;82.67;126.87;174.04;142.11
22/04/2024;95.65;125.41;114.91;93.04;98.69;92.96;85.58;85.58;94.37;100.75;234.61;374.44;139.67;298.76;65.72;158.05;121.51;88.66;87.72;85.14;86.94;113.16;97.2;108.73;102.2;163.44;93.84;168.83;149.74;139.62;109.29;196.05;93.84;119.67;754.17;145.66;251.69;188.07;82.53;128.96;175.13;143.45
23/04/2024;95.69;124.88;114.44;92.98;98.4;93.02;85.63;85.63;94.43;100.72;235.31;373.21;139.63;299.25;65.75;157.89;121.74;88.83;87.93;85.19;86.92;113.94;97.31;108.99;102.44;164.33;94.27;171.75;152.35;140.31;110.24;196.36;94.75;119.25;761.35;147.35;253.7;190.53;81.54;128.11;177.67;145.22
24/04/2024;95.39;124.78;114.34;92.44;98.08;92.68;85.32;85.32;94.26;100.28;234.95;372.12;138.59;298.11;65.7;156.68;121.47;88.64;87.68;84.99;86.6;114.02;97.22;108.86;102.32;164.4;94.1;171.67;151.89;140.55;110.38;199.05;96.62;119.42;758.59;146.86;253.73;190.33;82.25;129.92;177.29;145.4
25/04/2024;95.17;124.41;114;92.15;97.6;92.38;85.05;85.05;94.01;100.12;234.24;369.6;138.22;296.74;65.64;156.19;121.14;88.4;87.42;84.75;86.43;113.72;97.08;108.49;101.97;163.6;93.74;170.15;150.51;139.73;109.94;197.76;96.53;119.49;752.54;145.96;252.24;189.66;82.24;127.64;175.72;144.99
26/04/2024;95.39;124.64;114.22;92.51;97.99;92.56;85.21;85.21;94.07;100.8;234.62;371.73;138.81;297.51;65.69;156.93;121.37;88.56;87.63;84.85;86.64;114.29;97.37;108.82;102.28;164.54;94.37;172.21;152.07;140.93;110.68;200.8;99.01;120.28;760.72;147.64;255.92;191.88;84.01;127.4;177.91;146.43
29/04/2024;95.6;124.19;113.8;92.86;98.09;92.82;85.45;85.45;94.22;101.17;234.97;372.31;139.28;298.87;65.75;157.67;121.66;88.77;87.8;85.06;86.84;114.7;97.55;109.1;102.55;164.8;94.65;173.25;152.65;140.9;110.86;201.8;98.99;119.67;763.9;147.52;255.54;192.08;84.48;127.4;177.56;146.93
30/04/2024;95.39;124.44;114.03;92.48;97.89;92.48;85.14;85.14;94.06;100.68;234.7;371.52;139.02;297.65;65.69;156.97;121.41;88.59;87.64;84.94;86.64;113.95;97.34;108.61;102.09;164.1;93.88;171.01;150.44;139.58;109.73;201.24;98.68;120.04;759.37;146.81;251.97;189.04;84.24;128.74;175.86;145.36
01/05/2024;95.39;124.44;114.03;92.48;97.89;92.48;85.14;85.14;94.06;100.68;234.7;371.52;139.02;297.65;65.69;156.97;121.41;88.59;87.64;84.94;86.64;113.95;97.34;108.61;102.09;164.1;93.88;171.01;150.44;139.58;109.73;201.24;98.68;120.04;759.37;146.81;251.97;189.04;84.24;128.74;175.86;145.36
02/05/2024;95.59;124.44;114.03;92.85;98.61;92.93;85.55;85.55;94.32;101.83;235.1;372.84;139.31;298.56;65.75;157.49;121.86;88.92;88;84.9;86.85;114.67;97.64;108.85;102.31;164.32;94.28;171.05;150.48;139.99;109.85;202.61;101.03;120.2;759.99;146.4;253.66;190.21;84.24;130.38;175.39;146.66
03/05/2024;95.9;124.44;114.03;93.17;98.48;93.38;85.96;85.96;94.59;102.06;235.79;372.81;139.78;300.71;65.84;158.03;122.22;89.18;88.34;85.2;87.09;115.28;97.81;109.27;102.71;164.96;94.61;170.72;149.95;140.46;110.77;202.77;101.96;119.99;766.11;146.86;255.1;192.71;84.24;130.38;176.36;148.12
06/05/2024;96;124.43;114.02;93.31;98.6;93.49;86.06;86.06;94.62;102.3;235.85;373.36;139.93;301.49;65.87;158.32;122.4;89.31;88.44;85.31;87.18;115.68;97.85;109.49;102.91;165.56;95.11;172.39;151.44;141.23;111.52;203.31;102.51;120.68;771.14;147.52;257.55;194.77;85.38;130.38;177.7;149.42
07/05/2024;96.24;124.61;114.18;93.6;98.93;93.79;86.34;86.34;94.77;102.64;236.56;375.28;140.17;302.94;65.91;158.88;122.69;89.52;88.68;85.58;87.39;115.82;98;109.76;103.16;166.35;95.19;173.89;152.63;141.9;112.08;203.57;101.77;121.12;777.48;149.4;257.81;194.9;85.24;129.59;179.74;149.73
08/05/2024;96.13;124.71;114.28;93.4;98.85;93.67;86.23;86.23;94.77;102.4;236.73;375.23;139.92;302.11;65.9;158.41;122.51;89.39;88.51;85.51;87.26;115.63;97.92;109.81;103.22;166.26;95.08;173.47;152.32;142.1;112.07;203.83;101.03;121.02;779.62;149.96;258.79;195.2;84.52;127.72;180.4;149.44
09/05/2024;96.13;124.71;114.28;93.4;98.85;93.67;86.23;86.23;94.77;102.4;236.73;375.23;139.92;302.11;65.9;158.41;122.51;89.39;88.51;85.51;87.26;115.63;97.92;109.81;103.22;166.26;95.08;173.47;152.32;142.1;112.07;203.83;101.03;121.02;779.62;149.96;258.79;195.2;84.52;127.72;180.4;149.44
10/05/2024;95.99;124.55;114.13;93.06;98.61;93.53;86.11;86.11;94.74;102.21;236.67;374.73;139.37;302.04;65.89;157.7;122.46;89.36;88.45;85.44;87.09;116.13;98.02;110.04;103.43;166.83;95.48;174.68;153.92;143.04;112.92;204.55;103.75;120.67;787.76;151.67;260.11;196.37;85.2;127.46;182.59;150.82
13/05/2024;96.04;124.07;113.69;93.13;98.37;93.61;86.17;86.17;94.76;102.07;236.76;373.73;139.42;302.31;65.92;157.82;122.56;89.43;88.52;85.47;87.14;116.29;98;110.11;103.49;167.03;95.4;175.38;154.46;142.55;112.85;204.92;104.48;120.3;786.84;151.68;258.86;196.08;84.79;126.83;182.61;150.6
14/05/2024;95.87;123.96;113.59;92.96;98.28;93.61;86.17;86.17;94.52;102.02;236.71;373.35;139.18;302.58;65.89;157.48;122.61;89.47;88.57;85.48;87;116.42;98.07;110.14;103.52;167.03;95.59;177.04;155.8;142.65;113.12;204.94;104.36;120.57;790.31;151.77;259.85;197.24;84.44;126.73;182.91;151.13
15/05/2024;96.37;124.13;113.75;93.72;98.7;94.16;86.68;86.68;94.63;102.76;237.27;374.95;140.43;304.68;65.99;159.03;123.06;89.79;88.86;85.87;87.47;117.1;98.42;110.63;103.99;168.07;96.48;178.13;156.64;143.54;114.02;204.92;104.36;120.27;797.52;152.55;262.31;199.64;84.44;127.26;183.68;152.86
16/05/2024;96.27;123.86;113.5;93.58;98.7;94.06;86.59;86.59;94.72;102.89;237.61;374.85;140.24;304.94;65.98;158.79;123.14;89.85;88.96;86.01;87.35;117.21;98.37;110.54;103.9;168.05;96.19;178.43;156.73;143.53;114.11;207.22;105.31;120.82;797.47;152.35;261.76;199.51;83.91;127.09;183.01;152.45
17/05/2024;96.07;123.56;113.22;93.23;98.46;93.79;86.34;86.34;94.71;102.76;237.6;373.77;139.75;304.22;65.94;158.07;122.94;89.7;88.8;85.9;87.14;117.34;98.32;110.44;103.81;167.8;96.09;178.48;156.74;143.63;114.24;207.37;106.57;121.49;795.97;152.16;261.9;199.71;84.49;127.44;182.76;152.49
20/05/2024;96.07;123.56;113.22;93.23;98.46;93.79;86.34;86.34;94.71;102.76;237.6;373.77;139.75;304.22;65.94;158.07;122.94;89.7;88.8;85.9;87.14;117.34;98.32;110.44;103.81;167.8;96.09;178.48;156.74;143.63;114.24;207.37;106.57;121.49;795.97;152.16;261.9;199.71;84.49;127.44;182.76;152.49
21/05/2024;96.2;123.54;113.2;93.31;98.59;93.87;86.41;86.41;94.8;102.99;237.84;374.6;139.66;304.41;65.99;158.17;123.05;89.78;88.89;85.89;87.25;117.23;98.32;110.52;103.89;167.77;96.25;177.78;155.65;143.9;114.35;206.51;105.08;121.96;797.41;152.35;263.42;200.61;84.17;126.86;182.7;153.08
22/05/2024;96.08;123.79;113.43;93.05;98.49;93.6;86.16;86.16;94.79;102.62;237.77;374.38;139.42;303.49;65.97;157.79;122.73;89.55;88.61;85.76;87.12;116.87;98.17;110.35;103.72;167.4;95.97;177.35;155.04;143.8;114.1;207.2;105.12;121.85;794.83;151.63;262.99;199.74;84.21;125.73;181.9;152.51
23/05/2024;95.85;123.71;113.36;92.67;98.21;93.33;85.92;85.92;94.8;102.14;237.75;372.96;138.82;302.08;65.92;157.09;122.08;89.08;88.17;85.58;86.9;116.09;97.94;110.01;103.4;167.01;95.45;177.2;154.94;142.85;113.3;204.74;103.38;122.4;796.03;151.89;261.39;198.41;83.28;126.02;182.41;151.57
24/05/2024;95.87;123.49;113.16;92.73;98.1;93.3;85.89;85.89;94.8;101.85;237.77;372.2;138.74;302.01;65.92;157.21;122.03;89.04;88.14;85.54;86.92;116.16;97.95;110.11;103.49;167.22;95.7;177.29;155.17;142.98;113.56;202.94;102;121.71;797;151.69;263.21;200.22;82.09;125.37;182.42;151.75
27/05/2024;96.04;123.37;113.05;92.94;98.14;93.35;85.94;85.94;94.87;101.87;237.81;371.42;139.19;301.73;65.96;157.67;121.93;88.97;88.08;85.54;87.08;116.38;98.1;110.22;103.6;167.59;95.86;179.16;156.51;142.98;113.56;204.17;102.91;121.9;799.14;152.12;263.21;200.22;83.03;125.75;183.18;151.75
28/05/2024;95.94;123.14;112.84;92.72;97.83;93.16;85.76;85.76;94.93;101.73;238.04;370.71;138.73;301.59;65.96;157.08;122.07;89.07;88.21;85.53;86.96;116.12;97.93;110.04;103.43;167.2;95.49;178.6;156.06;142.24;113.17;203.31;102.46;122.6;795.87;151.3;262.57;200.26;82.35;125.49;182.42;151.33
29/05/2024;95.62;123.57;113.23;92.21;97.63;92.7;85.34;85.34;94.83;101.28;237.77;371.27;137.99;300.36;65.92;155.92;121.72;88.82;87.87;85.26;86.63;115.3;97.69;109.48;102.91;165.81;94.8;175.72;153.77;141.58;112.2;201.54;101.48;122.17;786.61;149.75;262.2;198.89;82.94;124.19;180.15;150.09
30/05/2024;95.75;123.59;113.25;92.41;97.62;92.9;85.52;85.52;94.84;100.88;237.77;371.52;138.43;301.28;65.95;156.32;121.95;88.98;88.08;85.3;86.76;115.18;97.75;109.58;103;165.69;94.57;177.42;155.26;141.12;111.97;198.53;100.46;121.67;792.08;150.58;259.99;197.67;82.29;124.46;180.75;149.15
31/05/2024;95.71;123.53;113.2;92.42;97.53;93.03;85.64;85.64;94.89;100.68;237.75;371.73;138.43;301.91;65.94;156.45;122.08;89.08;88.15;85.33;86.73;115.55;97.91;109.79;103.2;165.95;94.82;177.38;155.59;142.1;112.88;196.91;99.06;121.69;792.9;151.01;261.35;198.94;81.53;125.97;180.68;150.35
03/06/2024;96.07;123.67;113.32;92.94;97.89;93.45;86.03;86.03;95.12;100.81;238.17;372.21;138.92;302.77;66.01;157.41;122.28;89.22;88.38;85.39;87.07;115.91;98.08;109.96;103.35;166.59;94.93;178.07;156.28;142.15;112.95;199.8;100.35;122.37;796.43;151.55;261.24;199.11;82.1;127.45;181.49;150.6
04/06/2024;96.22;123.84;113.48;93.14;97.86;93.65;86.21;86.21;95.15;100.66;238.22;371.89;139;302.93;66.05;157.87;122.25;89.2;88.33;85.35;87.23;115.89;97.96;109.91;103.31;166.2;94.58;176.33;154.5;142.33;113.11;197.01;100.72;122.04;790.75;150.65;261.52;199.52;82.72;128.35;179.73;150.4
05/06/2024;96.27;124.13;113.75;93.33;98.15;93.83;86.38;86.38;95.22;100.81;238.37;373.18;139.39;303.48;66.06;158.36;122.31;89.24;88.35;85.43;87.31;116.32;98.04;110.25;103.63;167.32;95.31;177.35;155.35;143.42;113.95;199.07;100.62;122.45;793.28;152.04;265.21;202.1;82.21;126.25;182.09;151.71
06/06/2024;96.11;123.97;113.6;93.11;98.14;93.8;86.35;86.35;95.25;100.97;238.54;372.63;139.09;303.29;66.03;157.86;122.25;89.2;88.35;85.39;87.17;116.44;98.09;110.21;103.59;167.62;95.2;178.63;156.57;143.57;114.13;200.66;100.68;122.9;795.41;153.29;264.62;201.8;82.48;126.24;183.12;151.64
07/06/2024;95.82;124.38;113.98;92.61;97.81;93.27;85.86;85.86;95.22;100.33;238.47;372.24;138.43;301.36;65.98;156.9;121.67;88.78;87.86;85.02;86.89;115.91;97.8;109.91;103.31;166.92;94.93;178.05;155.92;144.07;114.01;202.19;100.75;123.71;793.39;152.99;265.94;201.58;82.42;126.18;182.53;151.1
10/06/2024;95.59;124.38;113.98;92.11;98;92.98;85.59;85.59;95.11;100.33;238.16;374.38;137.5;300.95;65.94;155.83;121.57;88.71;87.79;84.85;86.7;115.88;97.77;109.79;103.19;166.48;95.31;177.68;155.45;145.08;114.12;202.77;100.75;123.85;791.33;152.86;268.98;202.49;82.42;128.01;181.21;151.36
11/06/2024;95.67;125.23;114.75;92.27;98.19;93.16;85.76;85.76;95.07;100.56;237.91;375.43;137.3;301.43;65.96;156.1;121.81;88.88;88.03;84.78;86.83;115.78;97.71;109.69;103.11;166.11;95.2;174.3;152.33;145.17;114.11;201.87;100.53;123.59;783.66;151.47;270.03;203.06;82.14;127.37;179.17;150.79
12/06/2024;96.09;124.22;113.83;92.82;97.73;93.78;86.33;86.33;95.28;99.84;238.4;373.16;138.31;303.24;66.04;157.33;122.1;89.1;88.33;84.98;87.18;116.37;97.93;110.22;103.6;167.53;95.88;176.71;154.33;144.48;114.5;199.91;98.94;123.63;793.74;153.17;269.32;204.84;81.21;126.17;181.6;152.17
13/06/2024;96.27;125.21;114.74;92.94;98.58;93.95;86.49;86.49;95.29;100.73;238.28;377.56;138.28;304.5;66.08;157.47;122.51;89.39;88.65;85.15;87.41;116.32;97.88;110.09;103.48;166.67;95.82;173.14;151.11;145.24;114.52;202.36;100.24;124.49;783.95;151.37;271.77;205.26;81.62;125.6;178.22;151.86
14/06/2024;96.26;126.09;115.54;93.34;99.32;94.13;86.65;86.65;95.02;101.33;237.43;380.31;138.72;304.3;66.06;158.46;122.66;89.5;88.87;85.07;87.55;116.26;97.96;109.86;103.26;166.01;95.75;169.35;147.31;146.09;114.45;204.25;100.52;124.01;772.25;149.98;273.53;204.95;82.75;126.43;174.48;151.59
17/06/2024;95.96;125.67;115.16;93.02;98.84;93.82;86.37;86.37;94.98;100.8;237.3;377.55;138.5;302.93;66.01;157.97;122.28;89.22;88.67;84.91;87.28;116.29;97.8;110.02;103.42;166.32;95.87;170.4;148.28;146.56;115.11;203.22;100.11;123.84;772.07;150.11;274.58;206.22;82.82;124.31;175.57;152.09
18/06/2024;96.17;125.62;115.11;93.26;99.15;94.12;86.64;86.64;95.19;101.4;237.83;378.52;139.22;304.28;66.07;158.38;122.6;89.46;88.96;85.09;87.41;116.62;98.09;110.32;103.7;167.03;96.25;172.57;150.09;146.87;115.51;204;99.67;124.37;779.37;151.26;274.81;206.83;82.89;125.26;176.85;152.7
19/06/2024;96.17;125.53;115.02;93.15;99.06;94.05;86.58;86.58;95.25;101.38;237.83;377.65;138.64;303.87;66.08;158.08;122.54;89.41;88.88;85.13;87.41;116.85;98.09;110.28;103.66;166.9;96.25;171.77;149.7;146.87;115.51;206.16;101.57;124.02;778.36;150.98;274.81;206.83;82.67;125.71;176.07;152.7
20/06/2024;96.09;125.76;115.24;93.06;99.08;93.96;86.5;86.5;95.28;101.28;238.06;378.51;138.57;303.75;66.08;157.91;122.46;89.35;88.8;85.1;87.33;116.88;98.15;110.33;103.71;167.28;96.2;174.36;151.75;147.06;115.54;206.66;101.18;124.28;786.57;152.33;274.23;205.98;82.39;125.48;178.18;152.56
21/06/2024;96.21;126.08;115.53;93.13;99.39;94.04;86.57;86.57;95.29;101.89;238.01;379.82;138.5;303.63;66.12;157.96;122.57;89.44;88.77;85.14;87.44;116.73;98.11;110.26;103.64;166.66;96.21;172.55;150.24;147.2;115.35;206.25;100.08;124.29;779.55;151.24;274.76;205.6;82.28;125.2;176.56;152.62
24/06/2024;96.19;125.59;115.08;93.11;99.17;94.06;86.59;86.59;95.38;101.82;238.2;378.52;138.5;303.86;66.14;157.97;122.65;89.49;88.96;85.16;87.42;116.98;98.17;110.36;103.73;167.01;96.06;175.42;152.84;146.99;115.61;204.76;99.53;123.36;784.92;152.13;273.02;205.24;81.63;125.26;178.02;152.33
25/06/2024;96.27;125.91;115.38;93.18;99.36;94.07;86.6;86.6;95.44;101.98;238.33;379.75;138.32;304.06;66.16;158.11;122.65;89.49;88.91;85.18;87.48;117.2;98.19;110.36;103.73;166.91;96.05;174.15;152.05;147.56;115.8;205.46;99.89;124.26;781.1;152.05;274.69;205.91;81.25;127.23;177.31;152.67
26/06/2024;96.16;125.9;115.36;92.89;99.05;93.75;86.3;86.3;95.43;101.5;238.24;379.34;137.75;303.19;66.16;157.43;122.55;89.42;88.8;85.12;87.37;117.01;98.12;110.19;103.58;166.58;95.83;172.93;151.36;147.56;115.68;205.89;100.29;124.7;776.84;151.24;275.34;205.97;81.79;127.12;176.45;152.85
27/06/2024;96.2;125.71;115.19;92.85;98.76;93.8;86.35;86.35;95.41;100.83;238.2;378.39;137.76;303.28;66.17;157.27;122.51;89.39;88.79;85.08;87.41;116.89;98.06;110.14;103.52;166.45;95.82;171.98;150.14;147.18;115.65;204.67;98.13;123.83;774.84;150.59;274.9;206.18;80.85;126.74;175.83;153.18
28/06/2024;96.1;125.59;115.08;92.66;98.64;93.56;86.13;86.13;95.32;101.03;238.24;376.7;137.33;302.04;66.17;156.81;122.47;89.36;88.73;85.04;87.3;116.76;97.99;110.01;103.4;166.1;95.96;171.8;150.03;146.76;115.38;205.59;98.02;123.43;772.47;150.32;273.4;205.09;81.25;127.03;175.37;153.23
01/07/2024;95.98;125.17;114.7;92.28;98;93.2;85.79;85.79;95.5;100.31;238.65;373.73;136.78;300;66.17;155.88;122.01;89.03;88.27;84.78;87.15;116.78;98.04;110.08;103.46;166.3;95.63;173.79;152.28;146.82;115.61;205.72;98.02;123.63;775.58;150.7;273.77;205.59;81.25;126.35;176.81;153
02/07/2024;96.06;125.07;114.61;92.43;97.99;93.33;85.92;85.92;95.53;99.89;238.7;373.84;137.16;300.43;66.2;156.14;121.89;88.94;88.19;84.71;87.23;117.14;98.15;110.24;103.62;166.44;95.97;172.8;151.32;147.24;116.02;204.33;97.99;123.98;773.73;149.9;275.08;206.81;81.05;127.36;176.19;153.46
03/07/2024;96.35;124.69;114.26;92.82;98.03;93.72;86.28;86.28;95.62;100.45;239.09;374.19;137.92;302.36;66.25;156.96;122.26;89.21;88.54;84.94;87.46;117.58;98.38;110.58;103.94;167.51;96.31;174.87;152.95;147.13;116.42;205.26;98.67;124.03;782.85;150.9;274.96;207.89;80.59;127.6;178.34;154.23
04/07/2024;96.32;124.61;114.19;92.75;98.09;93.66;86.22;86.22;95.7;100.86;239.23;373.86;137.85;302.15;66.26;156.74;122.16;89.13;88.51;84.96;87.44;117.73;98.46;110.67;104.02;167.88;96.42;175.94;153.95;147.13;116.42;207.47;99.17;124.41;787.91;151.83;274.96;207.89;80.42;128.69;179.37;154.23
05/07/2024;96.59;124.69;114.26;93.13;98.36;94.09;86.61;86.61;95.78;101.08;239.48;375.79;138.73;304.17;66.32;157.52;122.53;89.4;88.78;85.16;87.68;117.92;98.56;110.9;104.24;168.18;96.57;175.82;153.66;147.59;116.92;207.33;98.08;124.53;787.2;151.52;275.88;208.93;80.01;128.06;179.13;154.69
08/07/2024;96.72;124.44;114.03;93.33;98.46;94.21;86.73;86.73;95.92;101.47;239.85;376.59;138.93;305.04;66.35;157.94;122.55;89.42;88.77;85.3;87.78;117.92;98.55;111.02;104.35;168.03;96.54;175.94;153.78;147.55;116.95;207.61;97.03;124.34;786.39;151.43;276.23;209.44;79.49;127.65;178.82;154.65
09/07/2024;96.59;124.58;114.16;93.01;98.38;94.06;86.59;86.59;95.99;101.62;239.87;376.77;138.09;304.66;66.33;157.22;122.62;89.47;88.91;85.26;87.65;117.88;98.51;110.82;104.16;167.55;96.37;174.92;153.11;147.6;116.87;208.66;97.61;124.34;782.11;149.99;276.72;209.42;80.96;128.15;176.6;154.14
10/07/2024;96.74;124.49;114.07;93.34;98.52;94.22;86.73;86.73;96.05;102.12;239.99;377.44;138.73;305.37;66.36;157.96;122.78;89.59;89.05;85.42;87.79;118.41;98.69;111.28;104.59;168.48;96.96;176.78;154.86;148.86;117.93;208.48;97.37;124.09;788.83;151.35;279.49;211.68;80.4;128.69;178.4;155.39
11/07/2024;97.06;124.33;113.93;93.88;98.8;94.72;87.2;87.2;96.18;102.63;240.31;378.23;139.47;307.45;66.45;158.85;123.28;89.95;89.46;85.77;88.08;118.74;98.85;111.46;104.77;168.9;97.39;177.36;155.18;148.02;117.57;209.86;98.56;124.15;794.35;152.12;276.34;210.42;80.98;131.92;179.09;155.74
12/07/2024;96.93;124.29;113.89;93.77;98.78;94.73;87.21;87.21;96.22;102.78;240.47;377.57;139.18;307.74;66.45;158.58;123.32;89.98;89.46;85.79;87.96;119.01;98.87;111.74;105.02;169.4;97.69;178.87;156.32;148.43;118.13;209.34;100.14;124.19;799.25;153.37;277.27;211.72;81.09;131.57;181.23;157.07
15/07/2024;97.05;124.11;113.34;93.93;98.6;94.74;86.62;86.62;96.22;102.34;240.53;376.55;139.53;307.12;66.48;158.92;123.19;89.89;89.38;85.78;88.06;119.16;98.78;111.76;104.7;169.12;97.79;177.7;155.42;148.47;118.24;208.62;98.59;124.26;791.76;151.94;277.27;211.72;81.08;131.57;179.44;157.24
16/07/2024;97.17;124.59;113.78;94.16;99.16;94.94;86.81;86.81;96.25;103.1;240.63;378.63;139.89;307.71;66.51;159.45;123.28;89.95;89.44;85.84;88.18;119.54;98.88;112.07;104.99;169.23;98.65;178.03;155.56;149.57;118.84;209.02;97.79;124.87;793.24;151.55;279.37;212.45;81.81;131.43;178.68;158.61
17/07/2024;97.14;124.2;113.42;94.2;98.83;94.89;86.76;86.76;96.32;102.58;240.62;376.14;140.11;307.15;66.5;159.47;123.16;89.87;89.29;85.83;88.18;119.29;98.84;111.79;104.73;168.3;97.66;177.76;155.55;148.14;118.01;206.99;97.06;123.79;788.13;150.51;273.62;209.01;80.79;133.39;176.83;157.3
18/07/2024;97.19;124.31;113.52;94.2;98.75;94.85;86.73;86.73;96.26;102.23;240.67;375.78;140.14;306.37;66.54;159.51;123;89.75;89.2;85.76;88.2;119.04;98.79;111.68;104.63;167.64;97.3;178.53;156.21;147.44;117.31;206.54;97.26;124.55;789.23;149.98;271.5;207;81.5;132.43;176.39;156.29
19/07/2024;97.06;124.25;113.46;93.9;98.54;94.6;86.5;86.5;96.11;101.69;240.62;375.51;139.52;305.46;66.52;158.88;122.85;89.64;89.05;85.65;88.08;118.53;98.58;111.34;104.3;166.77;96.62;176.91;155.03;146.66;116.53;204.16;95.96;124.06;782.41;149.1;270.26;205.57;81.4;132.06;174.86;155.39
22/07/2024;96.99;124.31;113.52;93.78;98.51;94.55;86.45;86.45;96.16;101.81;240.8;376.62;139.17;306.19;66.5;158.73;123.13;89.85;89.2;85.75;88;118.81;98.6;111.51;104.46;167.47;97.12;178.99;157.12;147.78;117.38;203.72;97.12;123.21;788.95;150.47;273.07;207.55;80.98;131.43;177.23;156.93
23/07/2024;97.28;124.84;114;94.05;98.9;94.71;86.6;86.6;96.15;102.04;240.99;378.49;139.11;306.57;66.57;159;123.37;90.02;89.36;85.8;88.24;118.88;98.52;111.51;104.46;167.74;97.24;178.97;157.23;148;117.18;204.62;96.22;123;788.9;150.87;273.94;207.49;79.18;132.91;177.83;157.38
24/07/2024;97.34;124.8;113.97;94.01;98.81;94.67;86.56;86.56;96.07;101.72;241;377;138.96;305.54;66.61;158.86;123.28;89.95;89.28;85.79;88.29;118.08;98.38;111.33;104.3;166.37;96.26;177.74;156.38;145.97;115.49;203.77;95.58;122.75;784.52;149.8;267.51;202.83;78.6;132.99;176.01;154.47
25/07/2024;97.37;125.8;114.88;94.11;99.01;94.7;86.59;86.59;95.99;101.81;240.74;376.85;138.84;305.43;66.62;159.13;123.24;89.92;89.22;85.74;88.34;117.92;98.2;111.27;104.24;165.22;96.14;174.85;153.95;145.22;114.93;202.27;94.13;122.12;776.11;148.76;266.21;201.83;78.17;129.65;173.89;153.98
26/07/2024;97.46;125.48;114.59;94.2;99.11;94.88;86.75;86.75;96.02;102.19;240.89;377.92;138.91;306.29;66.64;159.31;123.48;90.1;89.3;85.84;88.41;118.43;98.36;111.66;104.6;166.01;96.91;175.4;154.24;146.51;115.98;202.36;94.29;122.5;781.54;149.9;269.18;204.08;78.22;129.03;175.31;155.56
29/07/2024;97.65;125.98;115.05;94.5;99.56;95.04;86.9;86.9;96.03;102.26;241.12;379.93;139.36;306.79;66.69;159.92;123.68;90.25;89.56;86.01;88.57;118.56;98.54;111.77;104.71;165.98;97.08;174.19;153.46;147.22;116.21;203.68;95.06;123.33;782.47;149.52;270.08;203.95;78.19;131.58;173.87;155.61
30/07/2024;97.8;126.5;115.52;94.66;99.79;95.16;87.01;87.01;96.14;102.6;241.44;380.41;139.53;306.86;66.74;160.15;123.72;90.28;89.74;86.07;88.68;118.53;98.6;111.92;104.84;166;97.1;175.4;154.55;147.06;116.01;202.74;93.95;123.3;786.57;150.38;268.63;202.57;77.51;130.86;174.56;155.07
31/07/2024;97.98;126.89;115.88;95.01;100.32;95.45;87.28;87.28;96.24;103.53;241.8;381.37;140.2;308.07;66.79;160.82;124.15;90.59;89.96;86.22;88.83;119.29;98.89;112.23;105.14;167.34;98.02;174.62;153.85;148.6;117.14;204.88;95.97;123.49;791.99;151.77;272.63;205.91;79.33;136.11;175.7;156.88
01/08/2024;98.22;127.24;116.2;95.41;100.97;95.9;87.69;87.69;96.27;104.51;241.92;382.85;140.75;308.41;66.86;161.38;124.46;90.82;90.19;86.46;89.04;118.61;98.75;111.93;104.86;166.09;97.05;170.15;149.95;147.49;115.96;205.82;95.54;122.47;782.03;149.91;269.88;203.34;78.94;132.71;171.71;154.42
02/08/2024;98.22;127.07;116.04;95.77;100.87;96.36;88.11;88.11;95.96;104.72;241.16;379.87;140.46;309.66;66.88;161.94;124.77;91.04;90.37;86.57;89.09;117.7;98.51;111.46;104.42;164.15;95.61;166.37;146.5;143.89;114.04;198.8;93.2;120.85;759.52;145.72;261.25;199.14;76.96;127.23;166.98;151.69
05/08/2024;97.69;127.56;116.49;95.61;100.85;96.11;87.88;87.88;95.32;104.44;239.78;375.72;139.89;307.86;66.74;161.86;124.44;90.8;90.06;86.4;88.68;115.81;97.54;110.66;103.67;161.37;94.46;162.75;143.26;139.26;110.63;190.59;91.95;117.09;742.49;142.53;252.07;193.21;75.94;116.95;164.24;147.04
06/08/2024;97.8;127.48;116.42;95.61;100.69;95.98;87.76;87.76;95.5;104.26;240.21;376.58;140.3;307.29;66.76;161.99;124.38;90.76;90.02;86.4;88.77;116.15;97.82;110.81;103.81;161.76;94.78;162.21;142.71;140.98;111.69;193.81;92.4;119.24;744.38;143.02;255.24;194.76;76.38;124.93;164.4;148.94
07/08/2024;97.77;126.97;115.95;95.18;100.19;95.73;87.53;87.53;95.81;104.09;240.98;377.2;140;307.73;66.79;161.1;124.45;90.81;90.1;86.36;88.68;116.09;97.89;110.76;103.76;162.02;94.53;165.32;145.69;141.07;111.89;197.24;93.34;120.01;755.95;145.07;253.28;193.24;76.04;124.46;167.56;148.63
08/08/2024;97.78;127.21;116.17;95.17;100.39;95.73;87.53;87.53;95.83;104.63;241.02;378.21;139.84;307.8;66.82;161.08;124.49;90.84;90.15;86.31;88.69;116.9;97.97;111.18;104.15;162.93;95.53;164.52;145.15;143.25;113.4;197.21;93.78;120.09;753.6;145.39;259.81;197.71;76.5;124.09;167.48;150.86
09/08/2024;97.94;126.91;115.89;95.46;100.79;95.99;87.77;87.77;95.89;105.44;241.34;379.15;140.07;308.99;66.84;161.65;124.86;91.11;90.45;86.49;88.84;117.28;98.06;111.35;104.32;163.75;95.78;164.94;145.48;143.83;113.94;199.84;94.4;120.76;758.62;146.28;260.51;198.5;76.27;124.43;167.85;151.56
12/08/2024;97.96;126.36;115.39;95.45;100.59;96.02;87.8;87.8;95.96;105.32;241.62;379.66;140.34;309.61;66.86;161.61;124.96;91.18;90.39;86.53;88.86;117.51;98.2;111.37;104.33;163.8;95.63;165.64;146.08;143.52;113.82;200.62;94.79;120.93;760.39;146.25;260.94;198.96;76.2;124.43;167.8;151.33
13/08/2024;98.13;126.59;115.6;95.82;100.9;96.32;88.07;88.07;95.99;105.74;241.71;379.91;140.77;310.48;66.91;162.33;125.19;91.35;90.63;86.61;89.02;118.5;98.49;111.84;104.78;165.06;96.53;165.94;146.4;145.17;115.27;200.58;94.9;120.92;763.93;147.01;264.43;201.99;76.48;126.65;168.44;153.74
14/08/2024;98.17;126.42;115.45;95.82;100.62;96.43;88.17;88.17;96.16;105.97;242.12;378.37;140.59;311.4;66.92;162.36;125.39;91.5;90.72;86.68;89.03;118.68;98.43;112;104.92;165.68;96.55;167.38;147.75;145.03;115.8;200.28;93.53;120.74;768.68;147.63;263.97;203.06;75.41;127.25;169.53;154.22
15/08/2024;98.17;126.42;115.45;95.82;100.62;96.43;88.17;88.17;96.16;105.97;242.12;378.37;140.59;311.4;66.92;162.36;125.39;91.5;90.72;86.68;89.03;118.68;98.43;112;104.92;165.68;96.55;167.38;147.75;145.03;115.8;200.28;93.53;120.74;768.68;147.63;263.97;203.06;75.41;127.25;169.53;154.22
16/08/2024;98.08;126.46;115.48;95.42;100.44;96.19;87.95;87.95;96.35;105.77;242.98;380.62;140.02;311.93;66.92;161.52;125.39;91.49;90.64;86.7;88.91;119.62;98.61;112.4;105.29;167.14;97.6;170.27;150.5;147.75;117.65;203.99;95.48;122.23;778.04;149.89;269.81;206.63;76.42;129.94;173.04;156.97
19/08/2024;98.15;126.31;115.34;95.5;100.35;96.23;87.99;87.99;96.42;106.03;243.29;379.02;140.02;312.69;66.95;161.59;125.59;91.64;90.84;86.77;88.95;120.02;98.71;112.68;105.56;168.07;98.05;171.23;151.31;148.1;118.4;204.37;95.85;122.03;783.28;150.58;270.51;208.46;76.59;128.97;174.11;158.1
20/08/2024;98.29;125.92;114.99;95.71;100.26;96.44;88.18;88.18;96.45;105.85;243.36;378.74;140.14;313.73;66.98;161.99;125.73;91.74;91.02;86.89;89.07;119.89;98.71;112.62;105.51;168.23;97.82;170.19;150.44;147.62;118.31;203.89;94.69;122.06;779.09;150;269.04;208.2;75.8;131.09;173.59;158
21/08/2024;98.43;125.94;115;95.89;100.26;96.57;88.3;88.3;96.53;105.71;243.64;378.6;140.37;314.01;67.03;162.32;125.79;91.78;91.05;86.94;89.2;120.23;98.86;112.89;105.76;168.56;98.26;171.43;151.52;148.1;118.79;203.14;94.1;122.24;780.96;150.44;269.67;208.92;75.61;131.04;174.52;158.63
22/08/2024;98.22;125.83;114.9;95.54;99.89;96.31;88.06;88.06;96.53;104.87;243.73;378.11;140.01;313.27;67;161.71;125.49;91.57;90.76;86.88;89;119.76;98.6;112.61;105.5;167.89;97.66;171.39;151.42;147.51;118.23;203.33;95.03;122.23;783.09;151.02;267.36;206.94;75.78;131.01;174.42;157.78
23/08/2024;98.33;125.49;114.6;95.77;99.95;96.49;88.23;88.23;96.61;105.49;243.96;377.12;140.6;314.18;67.04;162.08;125.8;91.79;91.01;86.96;89.09;120.45;98.87;113.02;105.88;168.94;98.58;173.26;152.98;147.99;119.04;202.2;94.08;122.38;787.88;151.57;268.95;209.28;75.42;131.95;175.49;159.48
26/08/2024;98.28;125.73;114.82;95.65;100.11;96.45;88.19;88.19;96.67;105.62;244.08;377.29;140.71;314.24;67.04;161.82;125.84;91.82;91.14;86.96;89.02;120.27;98.75;112.95;105.81;168.65;98.35;172.88;152.7;147.85;118.84;203.01;93.56;122.36;788.02;151.45;268.16;208.62;75.62;132.65;175.18;159
27/08/2024;98.2;125.52;114.62;95.37;99.81;96.29;88.04;88.04;96.76;105.21;244.31;377.67;139.91;314.27;67.05;161.08;125.74;91.75;91.08;86.94;88.93;120.35;98.76;112.94;105.8;168.58;98.36;173.42;153.29;148.19;119;202.66;93.43;122.35;789.01;151.72;268.89;209;75.27;133.76;175.29;159.3
28/08/2024;98.29;126;115.06;95.51;100.14;96.35;88.09;88.09;96.85;105.45;244.52;379.03;140.02;314.36;67.07;161.41;125.78;91.78;91.19;87;89.01;120.16;98.73;112.86;105.73;168.45;98.33;174.13;153.88;148.24;118.73;202.85;92.48;122.12;791.63;152.14;268.23;207.82;75.19;134.45;175.8;158.86
29/08/2024;98.29;126.84;115.83;95.47;100.26;96.32;88.07;88.07;96.96;105.37;244.65;380.76;139.74;314.06;67.09;161.28;125.73;91.74;91.13;86.99;89;120.31;98.68;112.98;105.84;168.66;98.67;175.3;154.91;149.13;119;203.35;93.41;122.96;796.08;153.38;270.03;208.11;75.5;134.01;177.41;159.23
30/08/2024;98.21;127.06;116.03;95.32;100.13;96.23;87.99;87.99;97.06;105.3;245.09;380.43;139.45;313.73;67.08;161.04;125.72;91.73;91.14;87.01;88.93;120.66;98.73;113.18;106.03;169.13;99.05;176.48;155.85;150.2;119.84;204.01;94.59;122.82;798.45;153.41;272.87;210.24;76.71;134.37;177.39;160.67
02/09/2024;98.08;126.81;115.8;95.12;99.83;96.08;87.85;87.85;97.06;104.74;245.14;380.17;139.25;313.54;67.07;160.69;125.59;91.64;91.06;86.96;88.82;120.61;98.66;113.14;105.99;169.08;98.87;175.44;155.23;150.2;119.84;203.24;93.38;122.86;796.25;153.32;272.87;210.24;75.22;133.02;177.77;160.67
03/09/2024;98.3;127.24;116.2;95.48;100.31;96.31;88.06;88.06;97.09;104.93;245.12;381.36;139.67;313.74;67.1;161.36;125.8;91.79;91.22;86.98;89.04;119.85;98.61;112.65;105.53;167.8;97.79;172.75;153.19;148.69;118.45;202.63;93.5;122.63;789.25;151.73;268.05;206.15;75.42;135.63;175.61;158.09
04/09/2024;98.49;127.08;116.05;95.92;100.56;96.62;88.34;88.34;96.99;105.49;244.93;380.45;140.1;314.33;67.14;162.24;125.95;91.9;91.51;87.09;89.21;119.85;98.65;112.66;105.54;167.35;97.61;172.05;152.47;147.58;117.89;199.18;92.38;122.17;784.32;150.17;266.37;205.75;74.4;132.91;173.63;157.56
05/09/2024;98.57;127.6;116.52;96.06;100.89;96.74;88.45;88.45;97.03;106.1;245.09;381.74;140.26;315.01;67.17;162.46;126.19;92.08;91.7;87.23;89.29;119.8;98.74;112.61;105.5;167.03;97.44;171.58;152.47;147.1;117.4;200;92.43;122.08;783.82;149.32;266.21;205.44;74.59;132.46;172.86;156.93
06/09/2024;98.72;127.4;116.34;96.29;100.97;96.92;88.62;88.62;97.06;106.24;245.19;380.69;140.49;315.29;67.22;162.86;126.33;92.18;91.8;87.32;89.42;119.32;98.57;112.23;105.13;165.95;96.74;169.64;150.74;144.71;115.74;199.05;92.02;121.56;777.12;147.68;260.72;202.02;73.72;132.65;170.27;155.46
09/09/2024;98.81;127.83;116.73;96.34;101.34;97.01;88.7;88.7;97.09;106.33;245.33;383.28;140.47;315.23;67.25;162.89;126.41;92.24;91.89;87.29;89.49;119.75;98.74;112.58;105.46;166.46;97.3;171.08;152;146.72;116.76;198.53;91.3;121.88;783.14;148.73;265.11;203.83;73.19;132.34;171.7;156.9
10/09/2024;98.91;128.18;117.06;96.5;101.65;97.14;88.82;88.82;96.98;106.5;245.35;384.53;140.44;315.55;67.27;163.22;126.58;92.37;92.04;87.36;89.57;119.84;98.82;112.64;105.52;166.65;97.3;169.58;150.62;147.35;117.05;198.81;91.71;121.67;779.92;147.88;267.35;205.16;73.43;132.84;170.58;157.41
11/09/2024;98.87;128.49;117.34;96.69;102.07;97.31;88.98;88.98;96.75;106.99;245.05;385;140.55;315.64;67.26;163.74;126.58;92.36;92.09;87.4;89.55;120.13;98.83;112.83;105.7;167.46;97.58;169.18;150.37;148.04;117.47;198.05;91.51;121.54;776.94;148.01;270.43;207.33;73.47;131.97;171.08;158.16
12/09/2024;98.69;128.04;116.92;96.42;101.69;97.18;88.86;88.86;96.86;106.72;245.41;384.47;140.4;316.04;67.21;163.3;126.61;92.38;92.1;87.39;89.4;120.37;98.88;112.93;105.8;168.28;97.81;170.46;151.58;148.91;118.47;200.31;91.7;121.5;781.82;149.31;271.44;208.54;72.97;133.28;172.8;159.27
13/09/2024;98.82;128.17;117.05;96.57;102.02;97.32;88.99;88.99;97;107.71;245.75;384.35;140.85;317.25;67.26;163.45;126.94;92.62;92.37;87.51;89.49;120.66;99;113.26;106.1;168.79;98.38;171.36;152.19;149.26;119.01;201.07;91.73;121.27;790.92;150.38;271.51;209.44;72.86;132.89;174.02;159.84
16/09/2024;99;128.17;117.05;96.77;102.01;97.53;89.18;89.18;97.21;107.73;246.18;385.14;141.37;318.84;67.32;163.79;127.19;92.81;92.61;87.61;89.63;120.8;99.06;113.4;106.24;169.03;98.46;171.22;152.15;149.21;119.23;200.93;91.86;120.51;789.44;150.09;271.08;209.74;72.86;132.89;173.75;160
17/09/2024;98.96;128.17;117.05;96.65;101.88;97.48;89.13;89.13;97.33;107.81;246.57;386.04;141.47;319.61;67.32;163.58;127.34;92.92;92.73;87.78;89.58;120.83;99.02;113.46;106.29;169.17;98.36;172.02;152.87;148.96;119.1;201.62;92.64;121.15;793.75;150.53;271.05;209.7;72.86;130.99;175.03;159.92
18/09/2024;98.83;128.17;117.04;96.33;101.69;97.28;88.95;88.95;97.43;108.04;246.68;385.51;140.86;318.98;67.3;162.83;127.28;92.87;92.66;87.72;89.45;120.59;98.79;113.26;106.1;168.7;98.07;171.65;152.51;148.46;118.65;201.1;92.64;121.11;790.52;149.69;270.26;208.93;72.86;131.15;174.3;159.46
19/09/2024;99.06;128.43;117.28;96.36;101.61;97.35;89.02;89.02;97.65;108.2;247.42;386.14;140.62;319.74;67.4;162.77;127.48;93.02;92.82;87.81;89.58;121.34;99.02;113.87;106.68;170.34;99.12;173.95;154.21;150.1;120.07;202.96;94.46;120.65;800.33;151.81;274.31;212.18;73.53;132.02;177.58;161.86
20/09/2024;99.05;128.58;117.42;96.28;101.31;97.27;88.94;88.94;97.66;107.93;247.5;384.63;140.45;318.88;67.39;162.54;127.39;92.95;92.75;87.77;89.56;121.11;99.02;113.58;106.4;169.68;98.65;172.17;152.96;149.61;119.88;203.72;95.3;120.35;791.25;149.56;273.89;212.14;73.62;131.55;174.97;161.04
23/09/2024;99.27;128.69;117.52;96.56;101.51;97.4;89.06;89.06;97.7;108.19;247.65;384.26;140.85;318.24;67.47;163.08;127.38;92.94;92.73;87.79;89.75;121.32;99.16;113.8;106.61;169.92;98.99;172.1;152.76;150.14;120.11;204.6;95.61;120.4;794.31;150.01;274.75;212.55;73.68;131.55;175.06;161.17
24/09/2024;99.38;128.86;117.67;96.73;101.58;97.54;89.19;89.19;97.79;108.51;247.93;383.88;141.44;318.45;67.53;163.52;127.47;93.01;92.87;87.85;89.85;121.77;99.33;114.05;106.84;170.83;99.18;172.85;153.49;150.18;120.27;207.89;100.25;121.11;797.51;151.1;274.96;213.06;76.88;132.11;176.82;161.4
25/09/2024;99.22;128.89;117.7;96.45;101.25;97.34;89;89;97.83;108.3;247.91;382.82;141.1;318.16;67.51;162.96;127.48;93.02;92.82;87.88;89.72;121.4;99.22;113.87;106.67;170.48;98.72;172.87;153.46;149.58;120.02;208.01;100.69;121.66;799.36;150.83;274.1;212.83;77.79;131.26;176.53;160.61
26/09/2024;99.25;128.93;117.74;96.47;101.2;97.4;89.05;89.05;97.95;108.34;248.19;383.47;141.14;318.52;67.53;163.17;127.45;93;92.82;87.92;89.74;121.97;99.44;114.34;107.11;171.73;99.48;175.56;155.9;150.44;120.65;212.75;106.65;121.6;806.74;152.79;275.15;213.47;80.59;133.97;180.25;161.93
27/09/2024;99.47;128.48;117.32;96.75;101.42;97.57;89.21;89.21;97.98;108.71;248.36;383.72;141.24;319.04;67.58;163.62;127.59;93.1;92.99;88.06;89.92;122.34;99.69;114.6;107.35;172.15;99.81;176.95;157.16;150.56;120.72;214.45;110.6;121.69;811.64;153.38;274.44;213.16;84.26;137.16;181.5;162.1
30/09/2024;99.54;128.16;117.04;96.81;101.47;97.56;89.21;89.21;98;108.54;248.37;384.67;141.43;319.29;67.6;163.69;127.58;93.09;92.98;88.12;89.96;122.1;99.48;114.6;107.36;171.52;99.6;174.57;155.01;150.62;120.64;214.14;115.02;121.65;804.87;151.85;276.03;214.01;90.88;133.74;178.85;161.94
01/10/2024;99.89;128.16;117.04;97.43;102.24;97.92;89.53;89.53;98.03;108.68;248.46;388.6;142.49;320.15;67.66;164.93;127.79;93.25;93.14;88.33;90.3;122.24;99.66;114.53;107.29;171.16;99.54;173.16;153.51;150.71;120.05;216.05;115.02;122.21;801.84;151.45;275.52;211.99;90.88;135.84;177.41;160.65
02/10/2024;99.7;128.16;117.04;97.02;102.11;97.68;89.32;89.32;98.01;108.52;248.47;389.32;142.23;319.69;67.65;164.22;127.74;93.21;93.04;88.25;90.13;122.2;99.59;114.48;107.25;170.91;99.51;172.61;153.06;150.79;119.89;219.33;123.4;122.07;800.3;151.61;276.72;212.12;90.88;131.77;177.52;160.59
03/10/2024;99.56;128.16;117.04;96.73;101.73;97.53;89.18;89.18;97.9;107.64;248.38;388.64;142.12;318.59;67.63;163.66;127.48;93.02;92.8;88.09;90.01;121.86;99.47;114.26;107.04;170.27;99.21;169.98;150.91;150.52;119.6;217.14;121.75;121.58;793.53;150.48;276.62;211.67;90.88;133.08;175.81;159.94
04/10/2024;99.31;128.16;117.04;96.3;101.51;97.09;88.77;88.77;97.85;107.66;248.28;388.68;141.69;317.28;67.56;163.05;127.15;92.78;92.55;87.89;89.81;122.05;99.43;114.35;107.13;170.77;99.46;172.18;152.86;151.75;120.26;219.04;125.28;121.94;798.45;151.2;280.22;213.48;90.88;132.7;177.26;160.84
07/10/2024;99.19;128.16;117.04;96.04;100.9;96.83;88.54;88.54;97.8;106.68;248.07;387.49;141.56;316.45;67.53;162.5;126.92;92.61;92.38;87.81;89.71;121.85;99.34;114;106.8;170.32;99.12;172.95;153.73;150.7;119.47;219.88;127.02;122.13;797.31;151.54;277.42;211.44;90.88;134.68;177.59;160.03
08/10/2024;99.23;128.78;117.6;96.08;100.81;96.85;88.56;88.56;97.93;106.42;248;387.52;141.24;316.32;67.55;162.6;126.96;92.64;92.45;87.83;89.75;121.7;99.15;114.16;106.94;170.49;99.21;172.44;153.38;151.56;120.14;215.06;117.34;121.93;794.16;150.69;279.9;213.24;97.41;132.54;176.86;160.99
09/10/2024;99.17;128.62;117.45;95.95;100.74;96.77;88.48;88.48;97.88;106.32;247.95;387.93;141.13;315.99;67.54;162.45;126.96;92.64;92.41;87.85;89.7;121.91;99.13;114.42;107.19;171.1;99.64;173.48;154.23;152.87;121.03;213.64;114.44;122.91;799.88;151.84;282.57;214.82;91.32;132.41;178.04;162.06
10/10/2024;99.28;128.86;117.68;96.07;100.83;96.78;88.49;88.49;97.84;106.31;247.9;388.55;141.82;315.73;67.57;162.62;126.94;92.63;92.42;87.84;89.8;121.97;99.25;114.4;107.17;171.08;99.59;173.64;154.67;152.92;120.83;215.76;117.7;123.34;796.28;151.64;283.17;214.75;91.68;133.27;177.75;161.76
11/10/2024;99.28;129.08;117.87;96.02;100.64;96.74;88.45;88.45;97.9;106.43;248.01;387.62;141.86;315.55;67.58;162.42;126.9;92.6;92.46;87.87;89.8;122.24;99.24;114.59;107.35;171.49;100.01;174.91;155.67;153.54;121.51;215.66;117.7;123.73;800.18;152.58;284.37;216.06;91.68;131.69;178.66;162.56
14/10/2024;99.29;129.03;117.83;96;100.72;96.71;88.43;88.43;98.04;106.42;248.3;388.59;141.67;315.54;67.59;162.47;126.91;92.61;92.49;87.88;89.79;122.5;99.37;114.83;107.57;172.09;100.43;176.34;157.15;154.9;122.4;216.31;116.68;123.71;803.24;153.47;287.38;217.81;90.83;131.69;179.71;163.96
15/10/2024;99.58;128.81;117.23;96.42;101.15;97.08;88.15;88.15;98.1;106.42;248.66;390.99;141.77;317.14;67.66;163.34;127.26;92.86;92.78;88.1;90.02;122.38;99.39;114.67;107.08;171.39;100.12;175.88;156.81;154.51;121.95;214.26;112;122.95;801.63;151.85;285.31;215.98;88.01;133.21;177.03;163.35
16/10/2024;99.8;129.08;117.48;96.73;101.25;97.36;88.39;88.39;98.02;106.38;248.83;392.38;142.1;317.58;67.71;163.97;127.41;92.97;92.94;88.23;90.2;122.74;99.56;114.93;107.32;171.83;100.39;175.26;157.11;154.99;122.17;213.8;111.97;123.42;803.28;151.44;287.18;216.93;87.5;131.69;176.24;163.84
17/10/2024;99.89;129.53;117.89;96.69;101.53;97.28;88.33;88.33;98.24;106.44;249.17;392.85;141.99;316.42;67.75;163.79;127.35;92.93;92.86;88.23;90.24;122.72;99.56;114.99;107.37;172.12;100.52;176.71;158.63;155.77;122.32;213.15;110.86;124.07;808.75;152.88;288.37;216.78;86.77;131.85;177.62;164.27
18/10/2024;100.08;129.53;117.88;96.96;101.52;97.44;88.47;88.47;98.35;106.59;249.37;391.74;142.35;316.37;67.81;164.29;127.37;92.94;92.88;88.3;90.4;123.01;99.74;115.2;107.57;172.66;100.72;177.54;159.36;155.81;122.6;216.04;114.82;124.14;809.29;153.15;288.69;217.6;90.62;131.74;178.7;164.59
21/10/2024;99.72;129.37;117.73;96.25;100.93;96.93;88.01;88.01;98.34;105.79;249.38;390.06;141.14;314.34;67.76;162.78;126.4;92.23;92.18;88.14;90.11;122.49;99.39;114.75;107.15;171.84;100.02;175.96;158.17;155.31;122.05;215.17;113.42;124.2;803.69;152.11;288.86;217.27;90.92;131.37;177.04;163.71
22/10/2024;99.55;129.27;117.65;96.04;100.89;96.73;87.83;87.83;98.32;105.86;249.11;389.45;141.17;313.11;67.74;162.37;126.25;92.12;92.03;87.93;89.99;122.22;99.31;114.54;106.95;171.46;99.75;175.02;157.17;155.16;121.72;214.37;114.21;124.07;801.18;151.81;289.6;217.32;91.47;129.79;176.61;163.2
23/10/2024;99.65;129.34;117.71;96.12;100.79;96.72;87.82;87.82;98.35;105.2;249.03;389.62;141.24;312.24;67.79;162.57;126.12;92.03;91.94;87.89;90.1;121.79;99.26;114.29;106.72;170.63;99.34;174.52;156.83;154.56;121.03;214.68;115.72;124.45;798.13;151.21;287.89;215.3;91.65;128.04;175.98;162.42
24/10/2024;99.86;129.36;117.72;96.46;101;96.88;87.96;87.96;98.29;105.57;249.17;389.86;141.36;313.04;67.83;163.31;126.4;92.23;92.19;88.01;90.28;122.03;99.36;114.46;106.87;170.9;99.61;174.81;156.83;154.32;120.99;213.18;113.73;124.01;796.88;151.27;287.56;215.48;90.53;128.28;176.19;162.9
25/10/2024;99.74;128.78;117.2;96.22;100.52;96.76;87.85;87.85;98.29;105.19;249.18;389.17;140.63;313.47;67.81;162.79;126.48;92.29;92.25;88.08;90.17;121.98;99.21;114.35;106.77;170.88;99.39;174.79;157.04;153.64;120.77;212.79;113.98;123.6;797.13;151.18;286.23;215.15;90.77;127.04;176.33;162.65
28/10/2024;99.8;128.69;117.11;96.27;100.37;96.71;87.81;87.81;98.34;104.7;249.33;389.29;140.41;313.17;67.83;162.89;126.53;92.33;92.3;88.12;90.23;122.05;99.3;114.45;106.87;171.11;99.62;175.77;157.99;154.12;121.09;213.38;114.47;123.94;801.98;151.73;287.03;215.48;90.67;127.92;177.41;163.4
29/10/2024;99.61;128.71;117.14;96;100.38;96.53;87.65;87.65;98.3;104.73;249.28;390.17;139.66;313.28;67.8;162.24;126.65;92.41;92.37;88.11;90.09;121.94;99.14;114.25;106.68;170.9;99.72;175.22;157.49;154.32;121.09;213.37;114.78;124.43;797.14;150.91;288.02;215.82;89.84;128.8;176.64;163.12
30/10/2024;99.24;128.31;116.77;95.61;99.71;96.25;87.39;87.39;98.34;103.96;249.28;388.31;139.42;313.68;67.7;161.61;126.44;92.26;92.19;88.1;89.81;121.51;98.84;113.83;106.29;170.15;99.03;173.56;155.95;152.94;120.59;209.83;112.23;123.74;789.01;149.33;285.39;215.12;88.73;128.93;174.54;162.57
31/10/2024;99.16;128.57;117.01;95.58;99.74;96.06;87.21;87.21;98.22;103.94;248.89;387.63;139.59;312.87;67.65;161.45;126.27;92.14;92.04;87.94;89.78;120.89;98.65;113.35;105.84;169.01;98.11;172.26;154.87;150.8;118.81;208.57;111.76;123.78;778.11;147.73;280.4;211.15;88.92;129.58;172.77;159.92
01/11/2024;99.16;128.57;117.01;95.58;99.74;96.06;87.21;87.21;98.22;103.94;248.89;387.63;139.59;312.87;67.65;161.45;126.27;92.14;92.04;87.94;89.78;120.89;98.65;113.35;105.84;169.01;98.11;172.26;154.87;150.8;118.81;208.57;111.76;123.78;778.11;147.73;280.4;211.15;88.92;129.58;172.77;159.92
04/11/2024;99.22;128.43;116.88;95.54;99.55;96.03;87.19;87.19;98.34;103.8;248.96;385.4;139.86;312.28;67.69;161.49;126.2;92.08;91.95;87.87;89.83;121;98.76;113.56;106.03;168.85;98.34;172.39;155.64;150.77;119.12;209.57;113.26;122.96;784.65;148.77;279.37;211.19;90.45;129.58;173.57;160.43
05/11/2024;99.15;128.45;116.9;95.38;99.44;95.91;87.08;87.08;98.36;103.76;248.99;384.82;140.05;311.88;67.68;161.26;126.13;92.03;91.91;87.76;89.76;121.2;98.75;113.67;106.14;169.57;98.71;172.71;155.77;152.08;120.18;211.4;115.83;123.16;788.48;148.99;282.9;213.93;92.67;128.59;174.43;161.69
06/11/2024;99.56;128.88;117.3;95.5;100.11;95.93;87.1;87.1;98.5;104.24;249.33;389.15;140.07;310.52;67.81;161.1;126.37;92.21;92.15;87.83;90.04;122.07;98.82;114.16;106.6;170.56;100.34;170.92;153.65;156.5;122.3;213.3;114.93;125.22;785.13;148.51;294.02;219.14;92.71;130.36;172.43;163.79
07/11/2024;99.4;128.62;117.06;95.33;99.99;96.1;87.26;87.26;98.47;105.1;249.27;390.2;139.65;313.54;67.79;160.89;126.83;92.55;92.48;87.99;89.91;122.52;99.01;114.32;106.75;171.6;100.6;172.84;154.53;156.81;123.11;213.61;117.14;124.95;791.52;149.16;294.54;220.98;94.77;131.7;174.29;165.15
08/11/2024;99.69;129.21;117.59;95.78;100.73;96.41;87.54;87.54;98.56;105.26;249.51;394.04;140.19;314.76;67.83;161.82;127.01;92.68;92.69;88.24;90.14;122.72;98.99;114.42;106.84;171.71;100.91;172.29;153.89;158.05;123.49;213.67;115.9;125.38;789.83;148.13;297.49;221.92;94.38;132.53;172.95;165.55
11/11/2024;99.94;129.84;118.16;96.15;101.4;96.58;87.69;87.69;98.63;105.08;249.7;397.26;140.43;314.3;67.9;162.49;127.08;92.73;92.65;88.33;90.33;122.88;99.17;114.57;106.98;172.09;101.41;174.68;155.96;159.29;123.58;213.84;115.81;126.48;798.4;149.95;300.82;222.34;96;132.35;174.77;166.31
12/11/2024;99.84;129.48;117.83;96.05;101.17;96.36;87.49;87.49;98.66;104.56;249.62;396.93;140.13;312.82;67.91;162.15;127.01;92.68;92.56;88.34;90.24;122.27;98.89;114.24;106.68;171.41;100.94;171.31;152.96;159.08;123.08;210.48;113.11;126.75;783.66;147.09;301.14;221.75;94.68;132.35;171.11;165.63
13/11/2024;99.72;129.82;118.15;96;101.22;96.26;87.4;87.4;98.68;104.61;249.62;397.4;139.97;312.55;67.89;161.95;127.03;92.69;92.56;88.32;90.15;122.23;98.92;114.25;106.68;171.14;100.68;171.54;153.18;159.2;123.02;209.24;113.22;126.82;782.62;146.96;301.65;221.7;95.38;130.94;170.69;165.79
14/11/2024;100;129.77;118.1;96.36;101.28;96.43;87.56;87.56;98.75;104.59;249.77;397.51;140.52;312.18;67.95;162.67;127.12;92.76;92.74;88.41;90.39;121.97;99.01;114.31;106.74;170.94;100.47;174.25;155.83;158.57;122.46;207.7;111;126.75;790.01;148.54;300.63;220.61;93.65;129.97;173.73;165.38
15/11/2024;99.93;130.31;118.59;96.39;101.77;96.42;87.55;87.55;98.83;105.11;249.68;397.82;140.52;311.19;67.93;162.72;127.13;92.76;92.62;88.4;90.34;121.43;98.95;114.14;106.58;170.05;99.9;173.27;155.04;157.21;120.94;208.6;111.06;126.65;787.13;147.25;297.51;217.36;91.79;132.33;172.54;163.73
18/11/2024;99.78;129.53;117.88;96.21;101.48;96.35;87.48;87.48;98.84;105.16;249.64;396.05;140.43;310.92;67.89;162.44;127;92.67;92.64;88.33;90.22;121.64;98.99;114.21;106.65;170.34;99.85;173.31;155.08;157.17;121.27;209.13;111.53;126.14;786.64;147.24;297.42;218.09;90.59;131.27;172.59;164.22
19/11/2024;99.81;129.64;117.98;96.35;101.68;96.5;87.62;87.62;98.81;105.39;249.6;396.65;140.59;311.76;67.9;162.83;127.21;92.82;92.82;88.37;90.27;121.82;99.01;114.11;106.55;170.54;99.91;171.44;153.38;157.34;121.44;209.99;111.92;125.94;783.33;146.65;298.78;219.36;91.4;132.89;171.18;164.62
20/11/2024;99.77;130.15;118.45;96.26;102.09;96.43;87.56;87.56;98.77;105.77;249.58;399.32;140.21;311.91;67.9;162.57;127.36;92.93;92.82;88.39;90.23;121.76;99.04;114.09;106.53;170.35;100.05;171.26;153.22;158.3;121.62;211.07;112.89;126.48;783.06;146.65;301.18;219.74;92.32;131.8;170.46;164.4
21/11/2024;99.8;130.33;118.61;96.37;102.2;96.53;87.65;87.65;98.72;105.8;249.48;400.04;140.21;312.17;67.9;162.81;127.49;93.03;92.91;88.45;90.26;122.07;99.15;114.25;106.69;170.87;100.77;171.42;153.46;159.54;122.4;209.93;112.04;126.71;786.69;147.46;303.26;221.05;92.39;132.24;171.19;166.04
22/11/2024;100.08;131.49;119.66;96.78;103.13;96.79;87.88;87.88;98.69;106.55;249.55;404.09;140.72;312.33;67.99;163.6;127.66;93.15;93.08;88.56;90.47;122.45;99.36;114.57;106.98;171.53;101.57;172.45;154.25;161.66;123.07;212.3;110.37;127.02;797.3;149.04;307.11;221.75;90.4;133.34;172.41;166.7
25/11/2024;100.19;131.03;119.25;97;103.05;97.09;88.16;88.16;98.78;106.51;249.88;403.69;140.9;314.4;68;164.1;127.89;93.32;93.26;88.61;90.55;122.74;99.35;114.84;107.23;172.01;101.94;172.94;154.06;161.13;123.43;211.34;109.25;126.46;798.2;148.83;305.4;222.14;88.9;133.97;172.68;167.97
26/11/2024;100.28;130.89;119.12;97.02;102.99;97.08;88.15;88.15;98.79;106.16;249.91;403.63;140.74;314.13;68;164.04;127.82;93.27;93.22;88.66;90.62;122.82;99.33;114.76;107.16;172.1;101.74;171.62;152.96;161.73;123.8;210.5;109.05;127.06;792.55;148.14;307.57;223.59;88.62;133.92;171.24;168.04
27/11/2024;100.33;130.13;118.42;97.28;102.67;97.24;88.29;88.29;98.83;105.65;249.9;401.5;140.99;315.11;67.99;164.57;127.9;93.33;93.28;88.77;90.67;122.94;99.27;114.78;107.18;172.03;101.45;171.24;152.7;160.33;123.47;208.91;110.49;126.64;792.05;147.55;303.58;222.48;89.52;133.99;170.21;167.55
28/11/2024;100.51;130.42;118.69;97.56;102.9;97.36;88.4;88.4;98.92;105.97;249.91;401.88;141.62;314.88;68.03;165.24;127.85;93.29;93.19;88.82;90.82;122.99;99.37;114.86;107.25;172.06;101.67;172.14;153.4;160.33;123.47;207.8;109.29;126.37;795.17;148.29;303.58;222.48;88.8;134.72;171.25;167.55
29/11/2024;100.76;130.86;119.1;97.92;103.42;97.64;88.65;88.65;98.96;106.35;250.19;403.08;142.36;316.06;68.1;166.02;128.15;93.51;93.42;88.91;91.02;123.5;99.54;115.09;107.47;172.61;101.95;172.68;153.99;161.26;124.04;207.69;109.61;126.07;798.07;149.16;305.48;223.68;90.16;135.28;172.48;168.19
02/12/2024;101.03;131.54;119.71;98.19;104.11;97.87;88.86;88.86;99.02;106.56;250.42;406.77;142.22;316.16;68.16;166.39;128.29;93.61;93.58;89.13;91.25;123.88;99.75;115.25;107.62;173.02;102.5;172.64;154.13;162.73;124.29;210.91;111.54;126.92;799.48;150.31;308.4;223.83;91.41;137.7;173.42;168.46
03/12/2024;101.04;130.71;118.96;98.21;103.79;97.82;88.82;88.82;99.25;106.39;250.87;404.86;142.22;316.1;68.16;166.38;128.23;93.56;93.53;89.17;91.24;123.96;99.86;115.24;107.61;173.01;102.38;174.1;155.54;162.37;124.45;211.82;111.83;126.2;801.67;150.87;307.42;224.13;90.73;139.15;174.56;168.41
04/12/2024;101.14;131.27;119.46;98.23;103.67;97.89;88.88;88.88;99.39;106.47;251.33;405.41;142.52;316.88;68.2;166.43;128.27;93.59;93.58;89.22;91.3;124.23;99.9;115.31;107.67;173.34;102.68;175.76;156.71;162.71;124.87;212.32;111.62;126.62;807.56;151.52;309.98;226.26;90.36;137.33;175.75;169.47
05/12/2024;101.07;130.93;119.15;98.14;103.32;97.85;88.84;88.84;99.5;106.4;251.66;404.41;142.62;317.37;68.19;166.36;128.29;93.61;93.61;89.27;91.23;124.16;99.99;115.28;107.65;173.36;102.34;178.25;158.96;161.98;124.71;212.11;110.4;127.34;811.76;152;308.49;226.06;89.72;136.79;177.21;169.32
06/12/2024;101.2;131.06;119.27;98.23;103.42;97.94;88.92;88.92;99.61;106.5;251.96;405.94;142.66;318.27;68.22;166.42;128.39;93.68;93.72;89.41;91.33;124.36;100.02;115.32;107.68;173.49;102.47;178.77;159.28;162.17;124.75;212.77;112.28;127.8;811.5;152.33;309.21;226.37;90.99;136.86;178.06;169.36
09/12/2024;101.27;130.77;119.01;98.17;103.01;97.9;88.89;88.89;99.7;106.58;252.22;404.98;142.49;318.36;68.26;166.38;128.42;93.71;93.76;89.49;91.38;124.33;100.15;115.32;107.68;173.35;102.11;178.1;158.48;160.91;124.07;213.56;115.41;128.17;809.91;152.7;306.39;224.89;90.58;136.28;178.46;168.69
10/12/2024;101.33;132.43;120.52;98.18;103.65;97.89;88.88;88.88;99.79;107.12;252.42;407.78;142.59;317.9;68.3;166.31;128.52;93.78;93.79;89.52;91.43;124.01;100;115.1;107.47;172.95;101.85;178.13;158.43;161.26;123.55;214.83;115.18;128.63;807.25;151.79;308.04;224.24;91.89;136.79;177.48;168
11/12/2024;101.32;132.35;120.45;98.14;103.65;97.9;88.89;88.89;99.91;107.25;252.52;407.89;142.7;317.47;68.31;166.26;128.55;93.8;93.8;89.53;91.42;124.27;100.1;115.12;107.5;173.34;102.27;179.35;159.32;162.11;124.07;214.79;114.61;128.71;811.63;152.35;311.31;226.3;91.58;137;177.78;169.13
12/12/2024;101.04;132.46;120.55;97.64;103.45;97.66;88.68;88.68;99.91;107.13;252.57;407.48;141.91;316.63;68.27;165.18;128.48;93.75;93.77;89.51;91.16;123.99;99.95;114.9;107.29;172.92;101.93;179.56;159.79;161.79;123.68;215.91;116.24;128.75;808.8;152.37;309.97;224.95;92.47;138.14;177.73;168.08
13/12/2024;100.82;132.19;120.31;97.24;102.76;97.36;88.4;88.4;99.93;106.4;252.44;405.07;141.47;315.21;68.23;164.45;128.14;93.5;93.53;89.38;90.98;123.4;99.83;114.8;107.19;172.61;101.52;179.65;159.87;160.98;123.31;214.39;113.51;128.62;805.43;151.4;309.16;224.67;89.77;135.46;177.65;167.22
16/12/2024;100.86;132.18;120.29;97.2;102.55;97.25;88.3;88.3;99.97;106.12;252.45;403.95;141.17;314.87;68.24;164.37;128.09;93.46;93.49;89.38;91.02;123.22;99.74;114.72;107.12;172.54;101.64;178.99;159.5;160.76;123.32;213.39;112.24;128.33;803.83;151.37;309.93;225.61;88.77;133.73;176.61;167.19
17/12/2024;100.87;132.36;120.46;97.25;102.43;97.15;88.2;88.2;99.95;105.58;252.32;403.6;140.83;314.32;68.23;164.39;128.07;93.45;93.46;89.35;91.03;122.87;99.53;114.54;106.95;172.11;101.19;177.16;157.72;160.11;122.74;211.64;112.06;128.2;798.05;150.78;308.16;224.14;89.12;134.5;176.05;166.53
18/12/2024;100.83;132.25;120.36;97.12;102.32;96.95;88.02;88.02;99.96;105.49;252.2;402.81;140.8;312.88;68.24;164.17;127.78;93.23;93.17;89.25;91;121.38;99.22;113.96;106.41;170;99.7;177.66;158.1;157;120.09;212.21;113.14;127.61;798.76;150.93;299.53;217.27;89.73;134.29;176.57;162.41
19/12/2024;100.45;132.91;120.96;96.73;102.25;96.63;87.73;87.73;99.81;105.03;251.69;403.56;140.22;310.6;68.18;163.41;127.46;93.01;92.87;88.85;90.73;120.86;99.17;113.6;106.08;169.32;99.2;174.44;155.55;157.33;119.56;211.79;113.66;127.22;789.48;148.5;302.28;217.21;90.64;132.04;173.84;162.01
20/12/2024;100.52;133.06;121.1;96.85;102.36;96.75;87.84;87.84;99.83;105.43;251.63;403.15;140.4;310.86;68.19;163.74;127.55;93.07;92.92;88.83;90.79;121.28;99.13;113.8;106.26;170.02;99.7;175.73;155.53;158.24;120.39;209.91;113.04;127.52;788.49;146.9;304.64;219.34;90.22;132.5;173.45;163.29
23/12/2024;100.41;133;121.04;96.61;102.18;96.63;87.73;87.73;99.88;105.14;251.71;403.49;139.9;310.91;68.18;163.17;127.44;92.99;92.84;88.84;90.7;121.48;99.22;113.85;106.31;170.42;99.82;175.5;155.41;159.04;120.99;212.16;113.81;128.16;788.81;147.05;307.08;220.94;90.29;133.3;173.18;164.03
24/12/2024;100.41;133;121.04;96.61;102.18;96.63;87.73;87.73;99.88;105.14;251.71;403.49;139.9;310.91;68.18;163.17;127.44;92.99;92.84;88.84;90.7;121.48;99.22;113.85;106.31;170.42;99.82;175.5;155.41;159.04;120.99;212.16;113.81;128.16;788.81;147.05;307.08;220.94;90.29;133.3;173.18;164.03
25/12/2024;100.41;133;121.04;96.61;102.18;96.63;87.73;87.73;99.88;105.14;251.71;403.49;139.9;310.91;68.18;163.17;127.44;92.99;92.84;88.84;90.7;121.48;99.22;113.85;106.31;170.42;99.82;175.5;155.41;159.04;120.99;212.16;113.81;128.16;788.81;147.05;307.08;220.94;90.29;133.3;173.18;164.03
26/12/2024;100.41;133;121.04;96.61;102.18;96.63;87.73;87.73;99.88;105.14;251.71;403.49;139.9;310.91;68.18;163.17;127.44;92.99;92.84;88.84;90.7;121.48;99.22;113.85;106.31;170.42;99.82;175.5;155.41;159.04;120.99;212.16;113.81;128.16;788.81;147.05;307.08;220.94;90.29;133.3;173.18;164.03
27/12/2024;100.19;132.55;120.63;96.28;101.48;96.41;87.54;87.54;99.94;104.63;251.73;401.94;139.46;310.6;68.17;162.53;127.45;93;92.86;88.82;90.51;121.62;99.31;113.86;106.32;170.35;99.76;177.38;157.08;158.93;121.25;211.76;114.49;128.12;793.68;148.18;305.93;220.74;91.22;136.35;174.79;164.11
30/12/2024;100.33;133.13;121.16;96.47;102.08;96.56;87.67;87.67;100;105;251.92;404.14;139.65;310.98;68.19;162.89;127.66;93.15;93.01;88.82;90.63;121.38;99.38;113.72;106.19;169.88;99.33;177.38;157.25;158.15;120.22;211.68;114.4;128.28;791.53;147.4;304.35;218.65;92;136.47;173.86;162.46
31/12/2024;100.22;133.4;121.41;96.39;102.3;96.55;87.67;87.67;99.87;104.99;251.36;404.49;139.59;310.46;68.14;162.82;127.5;93.04;92.76;88.73;90.52;121.37;99.38;113.7;106.17;169.9;99.3;177.38;157.25;158.27;120.04;211.59;114.41;128.39;795.38;148.21;303.53;217.5;90.53;136.47;174.73;162.14
01/01/2025;100.22;133.4;121.41;96.39;102.3;96.55;87.67;87.67;99.87;104.99;251.36;404.49;139.59;310.46;68.14;162.82;127.5;93.04;92.76;88.73;90.52;121.37;99.38;113.7;106.17;169.9;99.3;177.38;157.25;158.27;120.04;211.59;114.41;128.39;795.38;148.21;303.53;217.5;90.53;136.47;174.73;162.14
02/01/2025;100.28;134.91;122.78;96.4;103.12;96.63;87.74;87.74;100.12;105.93;252.01;408.43;139.93;311.05;68.19;162.76;127.89;93.32;93.05;88.85;90.57;121.26;99.59;113.84;106.3;169.51;99.45;178.31;158.06;159.36;120.08;212.55;112.73;130.1;798.76;149.17;305.83;217.45;88.64;136.47;175.6;161.92
03/01/2025;100.07;134.49;122.4;96.09;102.84;96.49;87.61;87.61;100.14;105.58;252.05;408.33;139.42;311.41;68.14;162.07;127.98;93.38;93.12;88.83;90.39;121.57;99.59;113.86;106.32;169.98;99.8;177.09;157.05;160.27;120.93;212.36;112.85;130.49;794.62;148.22;309.16;220.15;87.47;136.47;173.95;163.62
06/01/2025;99.95;133.04;121.08;96.01;101.93;96.33;87.47;87.47;100.22;104.96;252.02;404.49;139.87;311.58;68.12;162.02;127.91;93.33;93.02;88.74;90.3;121.44;99.41;113.9;106.36;170.21;99.83;179.78;159.5;159.33;121.24;211.04;111.47;129.39;799.68;149.74;308.1;221.61;86.15;134.35;177.68;163.91
07/01/2025;99.86;133.09;121.12;95.81;101.96;96.13;87.28;87.28;100.24;105.17;251.93;404.31;139.62;310.78;68.12;161.56;127.8;93.25;92.88;88.68;90.21;120.89;99.38;113.72;106.19;169.59;99.57;180.5;160.12;158.82;120.65;211.69;110.6;129.24;800.62;150.36;305.1;218.98;86.97;136.01;178.31;162.57
08/01/2025;99.69;133.81;121.78;95.58;102.29;95.95;87.12;87.12;100.12;105.31;251.63;406.16;139.28;310.07;68.11;161.05;127.73;93.2;92.89;88.55;90.07;120.99;99.42;113.69;106.16;169.46;99.6;180.51;160.72;160.04;120.93;211.74;110.52;129.87;796.39;150.2;307.84;219.39;87.06;135.77;177.75;162.34
09/01/2025;99.59;133.55;121.54;95.41;102.17;95.93;87.1;87.1;100;105.35;251.35;406.99;138.85;310.6;68.08;160.69;127.89;93.32;93.1;88.51;89.98;121.05;99.4;113.69;106.16;169.49;99.55;181.12;161.58;160.04;120.93;211.27;110.41;129.97;798.35;150.85;307.84;219.39;87.23;134.82;178.39;162.34
10/01/2025;99.44;133.97;121.93;95.19;102.18;95.75;86.94;86.94;99.9;105;250.86;407.06;138.61;309.13;68.04;160.22;127.62;93.12;92.93;88.31;89.86;120.05;99.24;113.14;105.65;168.42;98.89;179.49;160.53;158.56;119.29;210.54;109.29;129.71;791.98;149.58;304.9;216.21;86.88;134.51;177.16;159.87
13/01/2025;99.31;134.45;122.36;95.04;102.21;95.65;86.85;86.85;99.7;104.82;250.19;407.75;138.54;308.08;68.01;159.9;127.4;92.96;92.72;88.03;89.76;119.93;99.23;113.15;105.66;168.16;99.15;177.89;159.3;159.39;119.43;208.66;109.23;130.27;787.87;148.72;306.67;216.34;86.91;134.51;176.38;159.93
14/01/2025;99.17;133.48;121.48;94.85;101.49;95.5;86.71;86.71;99.62;104.43;250.39;404.47;138.38;308.42;68;159.58;127.37;92.94;92.7;87.97;89.65;120.16;99.19;113.1;105.61;168.35;99.24;178.81;160.62;158.45;119.63;209.15;110.62;129.1;788.4;148.71;304.01;216.45;88.58;132.03;177.3;160.38
15/01/2025;99.67;133.66;121.34;95.5;102.09;96.06;86.76;86.76;99.87;105.21;251.25;407;139.51;310.76;68.1;161;127.86;92.38;93.06;88.17;90.03;121.49;99.69;113.99;106.07;169.56;100.28;181.23;162.78;160.47;121.18;209.7;110.71;129.63;801.04;150.61;309.51;220.66;87.84;134.08;179.36;162.75
16/01/2025;99.81;133.8;121.46;95.64;102.35;96.22;86.92;86.92;100.07;105.13;251.55;407.87;139.54;311.19;68.14;161.25;127.95;92.45;93.21;88.29;90.13;121.78;99.71;114.16;106.22;169.98;100.45;182.61;163.59;160.94;121.44;211.41;111.67;130.25;805.25;152.34;309.18;220.29;88.28;134.79;181.57;162.99
17/01/2025;99.96;133.77;121.44;95.79;102.42;96.31;87;87;100.43;105.26;251.85;408.23;139.89;311.43;68.18;161.52;127.92;92.43;93.17;88.42;90.24;122.31;99.85;114.52;106.56;170.56;100.99;185.13;165.55;162.03;122.32;211.97;112.22;130.28;813.08;153.54;312.11;222.37;88.49;133.81;183.18;164.18
20/01/2025;100.05;132.96;120.7;95.85;101.7;96.3;86.98;86.98;100.46;104.9;252;404.14;139.79;311.32;68.2;161.63;127.79;92.34;93.03;88.42;90.3;122.38;99.88;114.54;106.58;170.7;100.83;185.07;165.39;162.03;122.32;211.39;113.16;129.59;813.82;153.66;312.11;222.37;88.61;134.45;183.84;164.18
21/01/2025;100.16;133.66;121.34;95.96;102.09;96.47;87.14;87.14;100.59;105.35;252.35;406.03;139.81;312.76;68.23;161.91;128.13;92.58;93.37;88.52;90.39;122.71;99.92;114.86;106.88;170.94;101.41;185.17;165.37;162.08;123.28;211.71;113.95;129.89;817.02;154.28;312.1;224.48;89.47;135.06;183.79;165.73
22/01/2025;100.15;133.4;121.1;95.95;101.95;96.41;87.09;87.09;100.68;105.88;252.51;405.48;139.68;312.88;68.23;161.78;128.18;92.61;93.42;88.55;90.36;122.51;99.91;114.84;106.86;171.09;101.71;184.81;164.64;162.47;123.81;211.8;111.77;129.84;819.59;154.94;313.64;225.97;88.44;134.6;184.59;166.5
23/01/2025;100.08;133.37;121.08;95.79;101.99;96.36;87.04;87.04;100.66;106.01;252.47;405.54;139.54;312.21;68.23;161.38;128.16;92.6;93.38;88.51;90.3;122.72;100.05;115;107.01;171.25;101.98;185.81;165.71;163.4;124.28;212.32;111.98;130.79;824.46;155.62;316.07;227.21;88.42;135.43;185.15;167.18
24/01/2025;99.98;132.84;120.6;95.66;101.38;96.29;86.97;86.97;100.66;105.96;252.65;401.68;139.49;312.88;68.2;161.21;128.22;92.65;93.39;88.51;90.22;122.67;99.95;114.84;106.86;171.26;101.38;185.96;165.84;161.64;124.1;211.19;113.04;129.71;824;155.58;311.37;226.4;89.04;134.51;185.32;166.86
27/01/2025;100.08;133.03;120.77;95.81;101.63;96.45;87.12;87.12;100.65;105.73;252.63;403.15;139.54;313.43;68.23;161.65;128.33;92.72;93.48;88.57;90.31;122.71;99.86;114.66;106.69;170.69;100.82;185.46;165.61;160.98;123.34;210.78;114.1;129.44;819.31;154.97;304.76;221.23;88.23;136.89;184.44;165.5
28/01/2025;100.07;133.03;120.77;95.73;102.07;96.45;87.12;87.12;100.8;106.36;252.85;406.34;139.48;313.62;68.24;161.45;128.42;92.79;93.54;88.58;90.28;122.96;100;114.67;106.7;170.86;101.04;185.46;165.37;162.82;124.06;212.54;115.06;130.3;824.92;155.24;310.2;223.53;88.23;137.76;184.84;166.09
29/01/2025;100.1;133.03;120.77;95.7;102.12;96.56;87.22;87.22;100.98;106.58;253.24;406.86;139.39;313.85;68.26;161.35;128.49;92.84;93.66;88.66;90.28;122.94;100.03;114.69;106.72;170.92;101.05;186.7;166.33;162.67;123.88;212.54;115.06;130.55;829.53;156.14;308.78;222.42;88.23;139.41;186.04;165.66
30/01/2025;100.44;133.03;120.77;96.08;102.31;96.71;87.35;87.35;101.06;106.96;253.61;407.39;139.91;314.56;68.35;162.01;128.72;93;93.85;88.78;90.55;123.31;100.24;115.15;107.14;171.31;101.7;187.4;166.65;163.93;124.9;212.54;115.06;130.9;836.07;157.61;310.22;223.66;88.23;139.71;187.6;165.99
31/01/2025;100.84;133.03;120.77;96.48;102.48;96.87;87.5;87.5;101.1;106.7;253.98;408.56;140.24;314.34;68.45;162.63;128.78;93.05;93.88;88.89;90.88;123.12;100.3;115.22;107.22;171.29;101.61;188.25;166.99;163.77;124.46;213.84;115.06;131.01;837.09;157.88;309.82;222.61;88.23;139.45;187.75;165.34
03/02/2025;101.02;133.03;120.77;96.94;103.25;97.04;87.66;87.66;100.99;107.21;253.67;411.67;141.18;314.21;68.49;163.62;128.76;93.04;93.88;88.93;91.04;123.03;100.23;115.06;107.07;171.09;101.15;187.14;166.06;163.79;123.65;212.27;115.71;130.69;829.76;156.4;309.75;220.83;88.23;137.43;185.42;163.33
04/02/2025;101.08;133.03;120.77;96.94;102.85;97.03;87.65;87.65;101.17;107.34;254.1;409.71;141;314.75;68.51;163.53;128.84;93.09;93.94;88.96;91.1;123.8;100.39;115.47;107.45;171.25;101.36;188.49;167.65;163.69;124.18;213.93;118.46;131.12;830;157.04;308.82;221.56;88.23;137.29;186.62;164.08
05/02/2025;101.25;134.1;121.74;97.2;103.06;97.3;87.89;87.89;101.28;107.38;254.59;410.29;141.2;316.42;68.55;164.14;129.11;93.29;94.18;89.16;91.26;124.13;100.48;115.62;107.59;171.64;101.66;188.05;167.19;164.2;124.83;213.59;116.89;131.07;833.51;157.87;308.92;222.48;88.39;138.97;186.89;165.29
06/02/2025;101.27;134.56;122.15;97.21;103.45;97.31;87.89;87.89;101.43;108;254.94;412.59;141.27;316.54;68.57;164.14;129.24;93.38;94.26;89.26;91.26;124.58;100.69;115.87;107.82;171.89;101.66;190.11;169.38;165.54;125.31;215.71;119.16;131.64;841.13;159.98;311.54;223.22;90.26;140.61;190.01;165.33
07/02/2025;101.31;134.75;122.33;97.17;103.51;97.26;87.85;87.85;101.42;108.21;254.95;412.68;141.15;315.82;68.58;163.91;129.17;93.33;94.24;89.28;91.28;124.42;100.54;115.69;107.65;171.87;101.31;189.8;169.22;164.78;124.48;217.14;120.82;131.56;837.58;159.41;308.87;220.78;91.64;140.68;189.39;163.9
10/02/2025;101.37;134.67;122.26;97.28;103.59;97.32;87.91;87.91;101.44;108.21;255.02;413.56;141.31;315.58;68.62;164.11;129.24;93.38;94.3;89.34;91.32;125.09;100.75;116;107.94;172.02;101.71;190.75;169.82;165.97;125.08;217.37;123.21;131.41;842.44;160.32;311.74;222.2;91.66;141.11;190.33;164.42
11/02/2025;101.07;134.31;121.93;96.81;103.13;97.11;87.72;87.72;101.58;107.75;255.06;411.29;140.65;314.62;68.57;163.2;129.06;93.25;94.18;89.21;91.06;124.74;100.65;115.94;107.88;172.18;101.44;192.26;171.23;165.75;125.23;216;121.52;131.07;843.32;160.83;311.13;222.29;91.09;141.11;191.28;164.38
12/02/2025;100.87;133.71;121.39;96.55;102.5;96.91;87.54;87.54;101.61;107.02;254.89;408.46;140.3;313.45;68.54;162.75;128.81;93.07;93.94;89.1;90.92;124.54;100.57;115.79;107.74;172.03;101.05;191.6;171;164.78;124.9;216.2;123.97;131.44;844.41;161.06;308.99;221.45;91.95;137.61;191.49;164.14
13/02/2025;101.22;133.51;121.21;96.96;102.55;97.17;87.77;87.77;101.86;107.16;255.46;407.95;140.71;314.84;68.61;163.59;129.04;93.23;94.22;89.26;91.2;125.17;100.72;116.35;108.27;172.6;101.6;193.51;172.57;165.76;126.13;215.38;122.99;131.96;854.9;162.81;310.83;223.97;91.03;139.07;194.1;164.84
14/02/2025;101.19;133.12;120.86;96.83;102.26;97.2;87.8;87.8;101.98;107.44;255.84;406.58;140.4;316.04;68.61;163.38;129.19;93.35;94.37;89.34;91.15;125.55;100.67;116.3;108.22;172.76;101.48;193.79;172.81;164.31;125.71;215.21;126.76;131.65;856.39;162.45;308.85;224.09;91.7;139.05;194.21;164.12
17/02/2025;101.05;133.31;121.03;96.61;102.43;97.12;87.73;87.73;101.84;107.48;255.85;407.37;140.01;315.77;68.61;162.93;129.14;93.31;94.36;89.29;91.04;125.69;100.71;116.37;108.28;172.74;101.67;195.17;174.27;164.31;125.71;216.84;126.87;132.15;863.98;163.42;308.85;224.09;92.15;140.69;195.28;164.12
18/02/2025;101.09;132.93;120.68;96.62;102.26;97.1;87.71;87.71;101.97;107.5;256.07;407.26;140.25;315.3;68.63;162.9;129.06;93.26;94.3;89.24;91.07;125.91;100.86;116.47;108.38;172.83;101.96;196.16;175.25;165.36;126.06;218.38;128.61;132.72;866.08;163.88;310.4;224.31;91.67;140.77;195.78;164.76
19/02/2025;100.85;133.43;121.14;96.21;102.4;96.97;87.59;87.59;101.89;107.49;255.8;408.58;139.73;314.99;68.59;162.09;128.93;93.16;94.14;89.09;90.87;125.79;100.75;116.31;108.22;172.76;102.03;194.93;174.31;166.17;126.22;218.84;128.53;133.18;856.61;162.56;312.66;225.02;92.99;141.46;193.16;164.75
20/02/2025;100.95;133.23;120.95;96.31;102.26;97.05;87.66;87.66;102.18;107.5;255.79;406.77;139.94;315.1;68.61;162.31;128.86;93.11;94.1;89.04;90.97;125.47;100.69;116.19;108.11;172.69;101.6;194.14;173.68;165.04;125.76;217.3;126.3;132.73;852.64;162.23;309.26;223.61;92.59;141.25;192.88;164.32
21/02/2025;101.22;133.52;121.22;96.65;102.73;97.23;87.83;87.83;102.22;108.17;255.95;408.9;140.18;316.12;68.66;163.01;129.09;93.27;94.26;89.23;91.2;125.35;100.65;116.13;108.06;172.35;101.09;195.39;174.55;163.68;124.52;219.35;131.26;132.6;853.93;162.86;303.8;219.28;94.17;141.8;193.59;162.32
24/02/2025;101.19;133.25;120.97;96.65;102.67;97.27;87.86;87.86;102.3;108.12;256.09;408.63;140;316.32;68.68;162.99;129.15;93.31;94.27;89.21;91.17;124.91;100.58;116.19;108.11;172.18;100.82;195.34;174.74;163.31;124.38;217.12;129.75;132.82;854.66;162.42;301.61;217.99;93.61;141.8;193.44;161.86
25/02/2025;101.23;132.89;120.64;96.79;102.7;97.44;88.02;88.02;102.28;107.96;256.06;409.18;140.16;317.6;68.68;163.33;129.23;93.37;94.34;89.25;91.23;124.79;100.57;116.24;108.16;172.06;100.75;196.13;175.71;162.86;124.32;214.25;127.38;132.68;853.55;162.41;298.91;216.65;92.11;141.99;193.51;161.41
26/02/2025;101.36;133.04;120.78;97;102.8;97.59;88.15;88.15;102.33;108.06;256.24;409.85;140.64;318.35;68.69;163.75;129.4;93.5;94.5;89.39;91.33;125.4;100.67;116.39;108.3;172.28;101.07;198.55;177.97;162.7;124.31;215.99;131.03;133.12;864.53;164.43;299.35;217.12;92.97;141.45;196.33;162.23
27/02/2025;101.42;133.52;121.21;97.06;103.31;97.62;88.18;88.18;102.47;108.44;256.43;413.5;140.82;318.23;68.72;163.87;129.43;93.52;94.52;89.44;91.36;124.42;100.73;116.25;108.17;171.55;100.65;196.29;175.89;162.26;123.08;215.88;131.38;134.09;860.44;164.08;297.07;213.53;93.56;142.97;194.59;160.2
28/02/2025;101.44;133.67;121.35;97.14;103.43;97.71;88.26;88.26;102.54;108.21;256.54;414.9;140.67;318.88;68.72;164.05;129.45;93.53;94.52;89.48;91.38;124.93;100.82;116.66;108.55;171.91;100.92;195.94;175.91;163.93;124.25;211.73;127.01;133.4;858.23;164.07;302.42;217.09;91.4;139.96;194.22;161.83
03/03/2025;101.18;132.79;120.55;96.71;102.81;97.62;88.18;88.18;102.61;107.57;256.72;411.58;140.28;318.95;68.7;163.23;129.44;93.52;94.53;89.36;91.18;124.08;100.71;116.29;108.21;171.42;100.64;197.67;177.86;161.68;123.34;210.16;126.22;132.67;868.5;165.77;294.16;212.91;90.59;141.14;196.88;160.17
04/03/2025;101.1;132.45;120.24;96.63;102.45;97.53;88.09;88.09;102.52;107.12;256.42;409.45;140.04;318.58;68.71;163.17;129.54;93.59;94.54;89.32;91.11;123.56;100.49;115.63;107.59;170.22;99.61;191.05;172.42;159.13;121.73;208.46;125.57;131;851.14;162.16;288.62;209.78;90.15;141.67;191.74;158.47
05/03/2025;100.09;130.08;118.1;95.14;100.45;96.88;87.51;87.51;102.53;105.68;256.07;399.46;138.83;317.92;68.54;160.28;129.3;93.42;94.36;88.69;90.41;123.47;100.41;115.4;107.38;171.41;99.41;195.02;175.51;157.35;122.67;207.75;126.35;129.59;864.24;163.53;285.16;211.97;89.1;138.69;196.57;160.24
06/03/2025;99.92;129.42;117.49;94.83;100.08;96.69;87.33;87.33;102.31;105.29;255.31;395.9;138.4;316.71;68.5;159.67;129.05;93.24;94.14;88.14;90.37;122.72;100.5;115.2;107.19;170.81;99.08;196.26;176.5;155.15;121.43;208.82;129.54;129.78;864.85;163.45;278.36;208.08;90.23;139.72;198.4;158.74
07/03/2025;99.92;128.47;116.63;94.83;99.72;96.69;87.33;87.33;102.28;104.95;255.35;394.42;137.98;317.02;68.51;159.86;129.1;93.28;94.16;88.16;90.28;122.83;100.38;115.38;107.36;170.73;98.85;195.45;175.69;155.16;121.87;207.43;128.53;130;859.09;162.57;278.07;208.82;89.4;138.16;196.63;159.03
10/03/2025;100.03;128.36;116.53;94.92;99.96;96.77;87.41;87.41;102.2;105.19;255.19;396.06;138.03;317.35;68.53;160.01;129.16;93.32;94.12;88.21;90.35;121.72;100.21;114.84;106.86;168.86;98.23;193.45;174.15;152.94;119.88;205.42;126.53;129.55;848.23;159.97;270.92;203.08;88.81;139.4;193.63;155.41
11/03/2025;99.75;127.42;115.68;94.59;99.15;96.59;87.25;87.25;101.99;104.22;254.65;392.25;138.2;316.89;68.51;159.5;128.98;93.19;94.01;87.99;90.17;121.07;99.94;114.24;106.3;167.9;97.31;191.29;172.16;150.07;118.54;203.27;126.17;128.87;837.27;157.42;267.26;202.07;88.45;136.56;190.98;153.9
12/03/2025;99.73;127.41;115.67;94.58;99.03;96.51;87.18;87.18;101.84;104.16;254.5;392.19;138.1;316.75;68.49;159.59;128.98;93.19;94;87.91;90.17;121.08;100;114.24;106.31;168.29;97.45;194.19;174.71;150.46;118.82;203.89;125.5;129;845.94;159.21;268.82;203.11;88.11;137.03;192.92;154.55
13/03/2025;99.59;128.14;116.33;94.59;99.66;96.52;87.18;87.18;101.53;105.03;253.92;394.56;137.8;316.65;68.47;159.67;129;93.2;94;87.89;90.06;120.81;99.95;113.87;105.96;167.52;97.19;193.34;173.77;149.95;117.82;204.22;125.46;129.4;843.27;158.87;266.61;200.3;88.25;138.04;191.97;152.7
14/03/2025;99.51;128.15;116.34;94.41;99.49;96.5;87.17;87.17;101.34;105.09;253.71;393.77;137.91;316.45;68.46;159.56;128.94;93.16;93.98;87.82;89.99;121.72;100.28;114.44;106.49;169.16;97.95;196.75;176.62;152.02;119.56;206.45;128.75;129.61;855.77;160.72;272.12;204.51;90.66;137.87;194.86;155.48
17/03/2025;99.73;127.27;115.54;94.8;99.37;96.64;87.29;87.29;101.37;104.89;253.97;392.48;138.6;316.87;68.49;160.44;128.98;93.19;94.01;87.87;90.17;122.29;100.51;114.85;106.87;170.1;98.49;198.52;178.08;152.68;120.45;207.32;129.28;130.05;860.8;161.92;272.71;205.84;89.85;138.5;196.4;156.97
18/03/2025;99.82;127.55;115.79;94.77;99.35;96.65;87.3;87.3;101.4;104.95;254.25;392.26;138.49;316.84;68.52;160.3;128.73;93.01;93.97;87.87;90.22;122.04;100.57;114.87;106.89;169.91;98.78;200.57;180.21;151.76;119.8;209.12;131.99;129.73;868.29;162.89;269.52;203.52;90.57;139.24;198.12;156.02
19/03/2025;99.83;128;116.2;94.88;99.72;96.79;87.42;87.42;101.43;105.27;254.52;394.84;138.68;317.46;68.52;160.57;128.57;92.9;93.82;87.91;90.25;122.55;100.77;115.04;107.05;170.42;99.12;201.23;180.94;153.35;120.64;209.73;132.27;130.13;868.53;163.36;273.54;205.61;90.93;139.83;198.69;157.28
20/03/2025;99.93;128.5;116.66;94.95;100.03;96.88;87.51;87.51;101.41;105.59;254.81;396.99;138.59;318.27;68.55;160.61;128.71;92.99;93.95;88.08;90.34;122.19;100.72;114.76;106.79;170.05;98.78;198.9;178.92;153.37;120.32;210.06;129.96;130.66;864.25;162.6;273.89;205.28;90.27;139.83;196.67;156.43
21/03/2025;99.98;128.68;116.82;95.03;100.17;96.85;87.48;87.48;101.27;105.62;254.62;397.58;138.62;317.62;68.57;160.8;128.35;92.74;93.63;88.08;90.39;122.12;100.71;114.67;106.71;169.84;98.54;198.04;178.28;153.67;120.21;209.29;127.45;130.84;857.61;161.74;274.81;205.25;88.78;141.79;195.74;156.18
24/03/2025;99.99;128.78;116.91;94.98;100;96.79;87.43;87.43;101.37;105.42;254.86;397.06;138.63;316.75;68.59;160.66;128.26;92.67;93.67;88.03;90.38;122.61;100.77;115.05;107.06;170.7;98.91;197.96;178.09;155.39;121.49;210.32;128.83;131.93;858.26;161.55;280.1;208.94;89.6;139.85;195.58;158.15
25/03/2025;99.92;128.61;116.76;94.91;100;96.79;87.43;87.43;101.34;105.47;254.85;397.16;138.4;317;68.59;160.5;128.37;92.75;93.79;88.02;90.33;122.65;100.94;115.1;107.1;171.28;99.11;199.74;179.69;155.76;121.77;209.34;125.94;132.09;862.35;162.71;280.2;209.13;89.24;141.48;197.59;158.33
26/03/2025;100;128.8;116.93;94.93;100.06;96.74;87.39;87.39;101.28;105.43;254.72;396.86;138.33;316.2;68.6;160.49;128.29;92.7;93.74;88.01;90.41;121.96;100.83;114.85;106.87;170.36;98.88;198.37;178.36;154.98;121.02;209.85;126.59;131.96;859.37;161.41;276.94;206.32;88.92;141.25;195.65;156.98
27/03/2025;99.98;128.61;116.76;94.98;99.87;96.68;87.32;87.32;101.18;105.08;254.26;395.33;138.4;315.38;68.61;160.72;128.22;92.64;93.65;87.98;90.4;121.88;100.84;114.74;106.77;170;98.61;198.26;178.56;154.71;120.95;209.54;127.05;132.19;858.73;160.99;275.27;205.33;89.16;141.01;194.55;156.52
28/03/2025;100.08;128.45;116.62;95.22;100.06;96.82;87.46;87.46;101.03;104.99;254.03;394.76;138.58;315.64;68.63;161.15;128.18;92.61;93.62;88.04;90.51;121.14;100.53;114.18;106.25;168.46;98.05;196.56;177.27;152.32;119.27;207.48;125.87;132.02;850.42;159.82;269.05;201.12;88.52;139.48;192.6;153.94
31/03/2025;99.86;128.92;117.04;95.14;100.37;96.83;87.46;87.46;100.85;105.35;253.38;395.63;138.92;315.71;68.58;161.15;128.09;92.55;93.55;88.01;90.32;120.96;100.35;113.99;106.07;167.92;97.73;193.33;174.44;152.7;119.39;205.04;124.47;131.73;837.99;157.41;271.1;202.25;88.01;136.93;189.38;153.97
01/04/2025;100.07;128.62;116.77;95.51;100.64;97.06;87.67;87.67;100.89;105.78;253.65;396.5;139.3;316.64;68.62;161.9;128.23;92.65;93.64;88.12;90.53;121.52;100.53;114.36;106.42;168.56;98.24;195.1;176.38;153.32;119.91;206.26;125;132.31;846.66;159.01;271.94;203.04;87.75;137.14;191.7;154.76
02/04/2025;99.95;128.27;116.45;95.35;100.3;96.96;87.58;87.58;100.91;105.1;253.64;394.79;138.91;316.59;68.61;161.6;128.24;92.66;93.61;88.14;90.44;121.51;100.42;114.44;106.49;168.85;98.2;194.83;175.93;153.31;120.34;205.71;124.52;131.78;843.71;158.35;272.66;204.43;87.18;135.31;191.09;155.36
03/04/2025;100.01;125.67;114.09;95.69;99.37;96.99;87.61;87.61;100.28;104.52;252.38;384.81;139.11;315.9;68.61;162.17;128.09;92.55;93.38;88.23;90.48;119.52;99.8;112.85;105.01;165.56;96.34;188.98;170.88;145.48;116.24;199.31;120.07;125.75;829.16;154.23;252.74;194.16;83.66;132.74;185.15;148.7
04/04/2025;99.63;125.67;114.09;95.77;100.3;96.79;87.43;87.43;99.15;104.54;249.84;386.56;139.12;313.65;68.51;162.78;127.62;92.21;92.85;88;90.27;116.47;98.64;111.14;103.42;160.48;94.37;177.54;160.5;139.14;110.17;199.31;120.07;123.79;786.06;146.51;240.22;182.28;83.66;131.33;176.22;140.94
07/04/2025;99.06;127.39;115.65;95.26;99.83;96.09;86.8;86.8;97.85;103.58;246.46;383;138.29;308.89;68.35;161.92;126.82;91.63;92.04;87.52;89.86;114.31;98.03;109.65;102.03;158.62;92.9;169.95;153.04;137.44;108.36;185.87;106.76;120.79;752.49;139.68;241.57;182.13;77.85;121.35;168.57;138.54
08/04/2025;99.39;126.63;114.96;95.23;99.41;96.04;86.75;86.75;98.23;102.9;247.91;383.63;138.39;309.05;68.4;161.79;126.99;91.75;92.23;87.61;90.11;113.82;98.34;109.74;102.12;158.55;93.25;174.74;156.75;137.22;108.06;186.6;108.65;120.47;774.6;143.62;238.13;179.37;78.38;127.88;172.65;137.49
09/04/2025;98.95;124.89;113.38;95.3;98.33;95.73;86.47;86.47;97.24;100.8;245.66;377.01;138.12;307.31;68.32;162.03;126.44;91.36;91.71;87.15;89.82;116.85;98.45;110.47;102.79;161.73;93.89;169.87;152.62;143.45;113.9;183.79;109.1;116.88;750.44;138.68;258.11;196.51;77.87;125.81;167.41;145.47
10/04/2025;99.52;123.7;112.3;95.48;97.68;95.89;86.61;86.61;98.29;100.9;248.2;372.59;138.7;307.64;68.41;162.34;126.75;91.58;92.09;87.46;90.23;115.89;98.7;110.67;102.98;161.67;94.56;177.16;158.85;140.23;112.31;186.97;109.29;120.07;778.7;143.96;246.15;189.63;78.23;132.96;174.02;143.17
11/04/2025;99.34;122.32;111.05;95.63;96.81;95.69;86.44;86.44;97.95;100.01;247.35;365.21;138.41;305.94;68.39;162.66;126.42;91.34;91.82;87.36;90.09;116.5;98.67;110.72;103.03;162.28;94.52;176.22;157.97;140.34;113.62;187.16;109.26;120.43;778.34;143.73;246.84;192.8;78.45;128.86;173.36;144.9
14/04/2025;99.69;122.49;111.2;95.97;97.2;96.06;86.76;86.76;98.28;100.88;248.49;368.9;139.35;309.64;68.45;163.42;127.26;91.95;92.53;87.74;90.36;117.6;99.12;111.59;103.84;163.74;95.56;181.11;162.16;141.62;114.8;189.09;111.17;122.37;802.1;147.39;247.86;194.04;79.06;130.12;177.93;146.78
15/04/2025;99.88;122.83;111.28;95.9;97.47;96.15;86.85;86.85;98.67;101.32;249.66;371.4;138.75;310.62;68.52;163.06;127.44;91.2;92.75;87.96;90.51;118.01;99.29;112.12;103.96;164.41;96.12;184.91;165.65;142.24;114.94;191.51;111.69;123.19;818.86;150.19;248.63;193.95;79.14;132.13;180.99;147.32
16/04/2025;100.07;122.45;110.93;96.1;97.39;96.28;86.96;86.96;98.66;101.39;249.92;370.3;139.22;311.06;68.56;163.34;127.53;91.26;92.8;88.09;90.65;117.26;99.26;111.86;103.71;163.43;95.98;185.59;166.46;139.66;113.31;189.19;108.81;121.7;814.62;150.02;241.78;189.57;78.6;131.92;180.85;145.04
17/04/2025;100.42;122.96;111.4;96.4;97.73;96.46;87.13;87.13;98.77;101.77;250.62;372.08;139.58;311.67;68.66;163.8;127.74;91.41;92.99;88.27;90.92;117.54;99.4;112.03;103.88;163.13;96.16;184.97;166.08;140.25;113.51;190.94;110.38;121.99;814.26;149.95;242.35;189.48;79.11;133.53;179.69;145.6
18/04/2025;100.42;122.96;111.4;96.4;97.73;96.46;87.13;87.13;98.77;101.77;250.62;372.08;139.58;311.67;68.66;163.8;127.74;91.41;92.99;88.27;90.92;117.54;99.4;112.03;103.88;163.13;96.16;184.97;166.08;140.25;113.51;190.94;110.38;121.99;814.26;149.95;242.35;189.48;79.11;133.53;179.69;145.6
21/04/2025;100.42;122.96;111.4;96.4;97.73;96.46;87.13;87.13;98.77;101.77;250.62;372.08;139.58;311.67;68.66;163.8;127.74;91.41;92.99;88.27;90.92;117.54;99.4;112.03;103.88;163.13;96.16;184.97;166.08;140.25;113.51;190.94;110.38;121.99;814.26;149.95;242.35;189.48;79.11;133.53;179.69;145.6
22/04/2025;100.6;121.35;109.94;96.69;97.13;96.51;87.18;87.18;99.11;101.42;250.9;367.42;140.05;311.11;68.7;164.26;127.84;91.48;93.02;88.46;91.08;117.81;99.54;112.31;104.14;163.45;96.25;185.64;166.93;139.32;113.69;189.97;110.49;120.75;815.91;150.51;239.69;189.5;79.04;134.43;180.77;145.55
23/04/2025;100.64;122.97;111.4;96.42;97.77;96.59;87.25;87.25;99.78;102.3;252.57;373.99;139.88;313.14;68.73;163.73;128.22;91.76;93.37;88.68;91.04;118.66;99.7;112.82;104.61;164.86;96.76;188.42;169;142.51;115.31;195.47;113.9;122.71;825.31;153.21;246.37;192.51;80.18;136.32;185.1;148.08
24/04/2025;100.92;122.88;111.33;96.89;97.95;96.9;87.53;87.53;99.86;102.67;252.87;374.31;140.8;313.96;68.81;164.6;128.3;91.81;93.46;88.84;91.28;119.82;99.88;113.27;105.03;166.24;97.67;190.32;170.57;144.2;116.83;194.8;113.2;123.18;828.67;153.94;251.64;196.88;79.87;135.01;185.99;150.64
25/04/2025;100.88;123.19;111.61;96.72;97.94;96.92;87.54;87.54;100.11;102.81;253.38;376.06;140.38;315.24;68.81;164.17;128.53;91.98;93.66;89.02;91.23;120.07;99.92;113.47;105.22;166.78;97.81;192.98;172.83;144.83;117.35;195.13;113.64;123.8;833.91;154.6;253.54;198.24;79.89;134.76;187.73;151.65
28/04/2025;100.75;123.1;111.53;96.53;98.03;96.94;87.57;87.57;100.18;103.12;253.82;375.83;139.95;315.32;68.83;163.79;128.62;92.05;93.75;89.03;91.13;120.2;100.02;113.58;105.32;167.09;97.99;194.1;173.48;145.05;117.52;195.83;113.47;123.58;837.09;155.21;253.46;198.34;79.54;136.96;188.44;151.93
29/04/2025;100.72;123.78;112.15;96.58;98.28;96.99;87.61;87.61;100.1;103.62;253.57;376.17;139.91;315.68;68.82;163.85;128.66;92.07;93.79;89;91.13;120.72;100.06;113.69;105.42;167.67;98.35;196.38;175.37;145.83;118.17;196.28;113.4;123.54;844.58;155.8;255.08;199.63;79.7;136.96;189;152.79
30/04/2025;100.78;123.89;112.24;96.82;98.62;97.06;87.67;87.67;100.19;103.92;252.97;375.5;140.56;314.65;68.83;164.39;128.54;91.99;93.62;89;91.18;120.88;100.14;113.77;105.49;167.9;98.66;196.02;174.66;146.45;118.5;197.71;114.02;123.11;850.34;156.57;255.76;199.84;79.96;137.7;189.35;153.14
01/05/2025;100.78;123.89;112.24;96.82;98.62;97.06;87.67;87.67;100.19;103.92;252.97;375.5;140.56;314.65;68.83;164.39;128.54;91.99;93.62;89;91.18;120.88;100.14;113.77;105.49;167.9;98.66;196.02;174.66;146.45;118.5;197.71;114.02;123.11;850.34;156.57;255.76;199.84;79.96;137.7;189.35;153.14
02/05/2025;100.51;123.89;112.24;96.33;98.18;96.87;87.5;87.5;100.44;103.65;253.16;374.68;140.1;314;68.8;163.52;128.45;91.92;93.59;88.9;90.92;121.71;100.17;114.29;105.97;169.71;99.38;199.79;177.65;148.57;120.22;200.71;116.19;123.58;865.44;159.5;261.03;203.9;79.96;137.02;193.54;155.31
05/05/2025;100.58;123.89;112.24;96.36;98.36;96.89;87.52;87.52;100.52;104;253.3;374.98;140.18;313.44;68.83;163.65;128.47;91.94;93.58;88.74;90.98;121.59;100.15;114.29;105.97;169.74;99.58;200.75;178.45;148.42;119.86;202.49;116.19;124.01;870.59;159.94;260.68;203.13;79.96;137.02;194.07;154.75
06/05/2025;100.59;124.8;113.06;96.3;98.5;96.93;87.55;87.55;100.57;103.96;253.39;375.46;140.2;313.89;68.84;163.49;128.53;91.98;93.67;88.7;90.97;121.52;100.1;114.26;105.94;169.36;99.48;200.96;178.69;147.67;119.23;202.12;116.92;123.67;871.74;159.49;258.8;201.75;81.54;137.02;193.55;153.43
07/05/2025;100.89;124.37;112.68;96.71;98.55;97.1;87.71;87.71;100.75;103.83;253.67;376.1;140.79;315.06;68.88;164.21;128.69;92.09;93.84;88.82;91.21;121.53;100.26;114.45;106.12;169.19;99.52;199.87;177.84;147.72;119.5;201.72;116.07;123.79;868.89;158.69;259.36;202.59;81.45;137.86;192.5;153.68
08/05/2025;100.75;125.02;113.26;96.4;98.57;96.97;87.59;87.59;100.96;103.97;254.09;378.12;140.31;314.25;68.88;163.76;128.6;92.03;93.77;88.65;91.06;121.6;100.17;114.59;106.26;170.01;99.91;202.3;180.25;149.02;119.87;202.36;117.43;124.63;875.74;159.46;262.42;203.35;82.58;137.48;194.78;154.52
09/05/2025;100.75;125.02;113.26;96.4;98.57;96.97;87.59;87.59;100.96;103.97;254.09;378.12;140.31;314.25;68.88;163.76;128.6;92.03;93.77;88.65;91.06;121.6;100.17;114.59;106.26;170.01;99.91;202.3;180.25;149.02;119.87;202.36;117.43;124.63;875.74;159.46;262.42;203.35;82.58;137.48;194.78;154.52
12/05/2025;100.6;126.81;114.89;95.75;98.97;96.86;87.49;87.49;101.62;104.58;255.52;385.08;139.68;315.36;68.88;162.61;128.83;92.19;94.05;88.48;90.9;122.96;100.42;115.11;106.74;172.42;100.87;206.75;183.81;153.89;122.48;210.24;122.61;127.61;887.48;161.87;274.13;209.36;84.82;138.65;198.83;158.37
13/05/2025;100.58;126.49;114.6;95.67;98.63;96.9;87.53;87.53;101.8;104.26;255.89;384.11;139.49;315.95;68.9;162.34;128.89;92.23;94.18;88.52;90.86;123.06;100.44;115.16;106.78;173.25;101.09;208.05;184.66;154.22;123.13;208.43;120.45;127.69;890.18;162.01;274.62;210.59;84.5;139.24;199.57;158.9
14/05/2025;100.48;125.79;113.96;95.56;98.17;96.8;87.44;87.44;101.8;103.99;255.86;381.83;139.39;315.47;68.9;162.13;128.85;92.21;94.2;88.47;90.79;123.25;100.4;115.18;106.8;173.42;100.64;208.79;185.5;153.68;123.08;210.01;122.26;128.21;891.72;161.89;273.31;210.51;85.24;139.21;199.49;158.58
15/05/2025;100.74;126.05;114.19;95.99;98.65;96.99;87.61;87.61;101.72;104.43;255.68;382.83;140.07;315.5;68.93;163.04;128.95;92.28;94.24;88.46;91.04;123.44;100.58;115.4;107;173.74;101.4;209.09;185.87;154.81;123.72;210.61;121.5;128.3;898.24;162.85;274.48;210.88;84.45;139.01;199.99;159.74
16/05/2025;100.91;126.44;114.56;96.21;98.97;97.11;87.72;87.72;101.76;104.7;255.84;384.44;140.37;315.94;68.96;163.5;129.04;92.34;94.32;88.6;91.18;123.9;100.62;115.64;107.23;174.19;101.86;210.24;186.97;156.09;124.46;211.37;121.23;128.97;902.21;163.7;277.25;212.41;84.4;139.46;200.4;161.02
19/05/2025;100.91;125.41;113.62;96.28;98.42;97.1;87.71;87.71;101.78;104.39;255.65;380.97;140.43;315.76;68.97;163.56;129.12;92.4;94.38;88.81;91.2;123.84;100.64;115.65;107.23;174.45;101.83;211.4;188.08;155.35;124.66;208.92;119.94;129.49;905.21;164.34;275.38;212.74;83.4;139.17;201.15;161
20/05/2025;100.87;125.14;113.37;96.16;98.19;97.08;87.69;87.69;101.95;104.41;255.84;380.74;140.27;315.96;68.98;163.3;129.14;92.42;94.46;88.88;91.16;123.93;100.7;115.81;107.38;174.43;102;213.66;189.6;155.07;124.57;208.64;120.92;129.53;912.93;165.45;273.93;211.89;83.77;139.21;202.27;161.02
21/05/2025;100.71;124.51;112.8;95.96;97.58;96.85;87.48;87.48;102.02;103.85;255.7;376.79;140.04;314.65;68.95;162.84;129.04;92.34;94.39;88.86;91.02;123.27;100.55;115.49;107.08;173.83;101.49;214.03;189.81;152.73;123.27;208.22;120.93;129.4;912.49;165.36;268.04;208.66;83.99;139.03;202.25;159.24
22/05/2025;100.71;125.2;113.43;95.89;98.02;96.85;87.49;87.49;101.93;104.28;255.43;378.52;139.81;314.32;68.97;162.75;128.96;92.29;94.35;88.75;91.05;123.17;100.54;115.25;106.87;173.28;101.32;212.82;188.83;153.04;122.95;207.83;120.65;130.05;906.25;164.56;269.59;208.69;84.19;138.82;201.05;159.03
23/05/2025;100.87;124.9;113.16;96.24;98.04;96.97;87.59;87.59;101.79;104.49;255.18;376.58;140.21;314.46;68.99;163.49;128.95;92.28;94.34;88.84;91.19;123.08;100.49;115.16;106.78;172.7;101.24;209.95;185.99;151.63;122.3;207.47;120.07;129.27;901.19;162.91;266.16;207.21;83.31;139.37;198.05;158.09
26/05/2025;100.96;124.63;112.92;96.41;97.98;97.01;87.63;87.63;101.89;104.37;255.33;375.31;140.42;314.51;69;163.78;128.97;92.29;94.36;88.88;91.26;123.03;100.58;115.19;106.81;173.11;101.53;213.06;188.17;151.63;122.3;207.07;117.92;129.95;910.49;164.51;266.16;207.21;82.49;139.88;200.7;158.09
27/05/2025;101.14;124.98;113.23;96.6;98.34;97.21;87.81;87.81;102.09;104.7;255.79;378.18;140.48;315.69;69.03;164.16;129.18;92.45;94.56;89.02;91.4;123.8;100.7;115.67;107.25;173.93;102.22;213.85;188.76;153.88;124.16;206.71;118.09;130.82;916.01;165.14;271.58;211.31;82.06;139.6;201.48;160.88
28/05/2025;101.12;125.4;113.61;96.53;98.41;97.2;87.79;87.79;102.25;104.82;256;379.07;140.53;315.34;69.04;164.03;129.13;92.41;94.51;89.06;91.38;123.6;100.67;115.52;107.11;173.73;101.93;213.47;188.69;153.51;123.55;207.45;118.01;131.08;912.2;163.97;271.21;210.31;82.28;139.46;200.48;160.14
29/05/2025;101.12;125.4;113.61;96.53;98.41;97.2;87.79;87.79;102.25;104.82;256;379.07;140.53;315.34;69.04;164.03;129.13;92.41;94.51;89.06;91.38;123.6;100.67;115.52;107.11;173.73;101.93;213.47;188.69;153.51;123.55;207.45;118.01;131.08;912.2;163.97;271.21;210.31;82.28;139.46;200.48;160.14
30/05/2025;101.44;124.89;113.14;96.87;98.32;97.42;88;88;102.62;104.39;256.7;378.63;140.87;316.25;69.11;164.61;129.29;92.53;94.62;89.26;91.65;123.71;100.73;115.62;107.21;173.79;101.95;212.96;188.57;153.64;124.03;205.09;117.09;130.77;911.62;164.02;270.97;210.96;81.87;140.56;199.95;160.8
02/06/2025;101.37;124.89;113.14;96.82;97.92;97.38;87.96;87.96;102.68;104.14;256.85;375.41;140.82;315.79;69.11;164.46;129.27;92.51;94.63;89.21;91.59;123.79;100.79;115.59;107.18;173.9;101.85;212.32;188.09;153.09;124.23;203.19;115.66;131.15;911.41;163.86;270.22;211.83;81.87;140.09;199.52;160.79
03/06/2025;101.42;124.52;112.81;96.83;98.15;97.41;87.99;87.99;102.81;104.38;257.18;377.56;140.74;316.4;69.14;164.55;129.4;92.6;94.74;89.33;91.63;124.1;100.77;115.95;107.51;174.21;102.23;212.37;188.25;154.02;124.65;204.7;117.81;132.22;909.4;164.05;272.63;212.92;81.97;139.45;200;161.32
04/06/2025;101.51;124.36;112.66;96.85;98.2;97.54;88.11;88.11;103.01;104.68;257.54;377.81;140.54;317.67;69.16;164.47;129.59;92.74;94.93;89.46;91.7;124.35;100.89;116.05;107.61;174.41;102.45;212.8;188.22;153.68;124.69;205.97;118.31;132.99;911.66;164.87;272.1;213.22;82.2;139.89;200.84;161.73
05/06/2025;101.26;124.24;112.56;96.52;97.97;97.4;87.98;87.98;103.06;104.61;257.7;376.75;140.33;317.38;69.12;163.84;129.44;92.63;94.91;89.44;91.49;124.03;100.69;115.97;107.53;174.37;102.43;214.34;189.46;152.99;124.36;207.11;119.16;133.27;917;165.14;270.33;212.23;82.57;138.19;201.6;161.24
06/06/2025;101.34;124.7;112.98;96.62;98.04;97.32;87.91;87.91;103.13;104.5;257.83;378.23;140.72;316.77;69.14;164.06;129.37;92.58;94.85;89.43;91.54;124.37;100.74;116.23;107.77;174.76;102.52;214.83;190.25;154.73;125.21;208.44;119.32;133.39;916.61;165.93;274.85;214.5;82.96;138.2;202.05;162.41
09/06/2025;101.34;124.7;112.98;96.62;98.04;97.32;87.91;87.91;103.13;104.5;257.83;378.23;140.72;316.77;69.14;164.06;129.37;92.58;94.85;89.43;91.54;124.37;100.74;116.23;107.77;174.76;102.52;214.83;190.25;154.73;125.21;208.44;119.32;133.39;916.61;165.93;274.85;214.5;82.96;138.2;202.05;162.41
10/06/2025;101.68;124.54;112.83;96.97;98.04;97.53;88.09;88.09;103.37;104.51;258.34;378.29;141.19;317.75;69.21;164.64;129.61;92.75;95.1;89.64;91.8;124.74;100.87;116.68;108.18;174.93;102.56;213.47;188.42;154.88;125.64;210.68;120.79;132.87;915.38;165.42;275.41;215.55;82.56;138.23;201.33;162.87
11/06/2025;101.71;124.23;112.55;96.94;97.71;97.6;88.16;88.16;103.44;104.39;258.5;377.61;141.16;318.66;69.23;164.46;129.77;92.87;95.2;89.66;91.81;124.71;100.88;116.69;108.19;174.96;102.52;213.51;188.35;153.91;125.35;210.95;121.5;132.63;914.48;165.04;273.42;214.98;82.95;138.18;200.86;162.22
12/06/2025;101.88;123.37;111.77;97.25;97.48;97.74;88.28;88.28;103.39;104.07;258.44;375.21;141.73;319.33;69.25;165.08;129.85;92.92;95.25;89.73;91.97;124.81;100.88;116.73;108.22;175.07;102.52;212.06;187.35;153.37;125.74;208.29;119.51;131.95;910.89;164.59;272;215.64;82.17;137.82;200.11;162.6
13/06/2025;101.55;123.57;111.95;96.82;97.31;97.48;88.05;88.05;103.29;103.84;258.16;375.13;141.28;318.2;69.2;164.22;129.65;92.78;95.04;89.62;91.69;123.7;100.44;116.19;107.74;174.11;101.88;209.37;185.22;152.3;124.54;206.75;118.82;131.11;902.07;163.16;269.59;213.07;81.9;136.48;197.89;160.27
16/06/2025;101.69;123.08;111.51;96.92;97.08;97.53;88.1;88.1;103.31;103.74;258.27;373.49;141.43;318.13;69.23;164.43;129.72;92.83;95.14;89.6;91.79;124.33;100.68;116.64;108.14;174.85;102.41;211.24;186.99;152.67;125.25;207.31;119.25;131.44;908.02;163.8;271.19;215.15;81.86;136.58;199.66;161.67
17/06/2025;101.65;123.78;112.15;96.84;97.49;97.5;88.07;88.07;103.25;104.06;258.19;376.03;141.49;318.48;69.22;164.23;129.72;92.83;95.15;89.62;91.76;123.84;100.51;116.31;107.85;174;102.08;209.13;184.99;152.26;124.4;208.08;119.57;132.17;899.79;162.36;270.61;213.51;82.25;136.53;197.58;160.14
18/06/2025;101.78;123.97;112.32;97.06;97.63;97.6;88.16;88.16;103.24;104.21;258.12;376.62;142.02;318.42;69.23;164.69;129.69;92.81;95.12;89.67;91.86;123.98;100.52;116.23;107.77;173.78;102.15;209.32;185.02;152.24;124.22;207.79;118.72;131.96;899.24;161.75;271;213.45;82.55;138.08;196.9;159.65
19/06/2025;101.64;124.32;112.63;96.82;97.62;97.46;88.03;88.03;103.09;104.15;257.77;377.06;141.77;317.69;69.21;164.19;129.52;92.69;94.91;89.6;91.75;123.66;100.34;115.93;107.49;173.22;101.78;206.73;182.97;152.24;124.22;205.83;116.89;131.7;892.35;160.41;271;213.45;82.04;137.05;194.32;159.65
20/06/2025;101.68;124.03;112.37;96.87;97.42;97.53;88.1;88.1;103.25;103.97;258.09;376.23;141.83;318.24;69.22;164.3;129.62;92.76;95.03;89.62;91.79;123.57;100.34;115.99;107.55;173.31;101.78;207.99;184.14;151.59;123.81;207.02;117.54;131.64;894.06;160.57;269.69;212.52;81.96;135.7;195.56;158.79
23/06/2025;101.68;124.03;112.37;96.87;97.42;97.53;88.1;88.1;103.25;103.97;258.09;376.23;141.83;318.24;69.22;164.3;129.62;92.76;95.03;89.62;91.79;123.57;100.34;115.99;107.55;173.31;101.78;207.99;184.14;151.59;123.81;207.02;117.54;131.64;894.06;160.57;269.69;212.52;81.96;135.7;195.56;158.79
24/06/2025;101.76;123.3;111.71;96.94;97.34;97.77;88.31;88.31;103.45;104.19;258.62;375.58;141.46;320.39;69.27;164.41;130.01;93.04;95.42;89.82;91.85;124.97;100.86;116.69;108.2;175.01;102.31;209.77;185.6;152.99;125.71;208.84;119.45;132.68;899.57;162.03;272.89;216.81;82.8;135.65;197.92;161.19
25/06/2025;101.7;123.26;111.67;96.81;97.17;97.7;88.25;88.25;103.51;104.25;258.66;375.96;141.33;320.77;69.28;164.11;130.08;93.09;95.44;89.87;91.78;124.91;100.79;116.67;108.18;174.83;102.11;208.93;184.95;152.42;125.33;210.28;120.71;132.94;895.03;160.75;273.42;217.28;84.16;134.46;196.41;160.46
26/06/2025;101.72;122.64;111.11;96.89;97.01;97.8;88.34;88.34;103.52;104.23;258.58;374.06;141.57;321.47;69.29;164.23;130.2;93.18;95.56;89.88;91.81;125.55;101.03;116.81;108.31;175.29;102.6;209.86;185.33;152.45;125.98;209.75;119.31;132.59;899.64;160.82;274;219.22;83.31;135.59;196.53;160.8
27/06/2025;101.68;122.48;110.96;96.77;96.78;97.75;88.3;88.3;103.61;103.97;258.62;373.5;141.53;321.24;69.28;164.02;130.2;93.18;95.56;89.82;91.77;125.6;101.07;116.85;108.34;175.95;102.67;211.61;186.81;153.22;126.72;209.97;118.79;133.42;907.82;162.69;274.8;220.02;82.83;136.68;199.45;162.12
30/06/2025;101.71;122.41;110.9;96.76;96.9;97.84;88.38;88.38;103.68;104.17;258.87;374.06;141.45;322.24;69.3;164;130.45;93.35;95.78;89.82;91.77;125.86;101.21;116.96;108.44;176.06;102.93;212.33;187.3;153.73;127.27;208.65;117.87;133.76;903.65;162.04;275.71;221.08;82.84;137.16;198.71;162.79
01/07/2025;101.92;122.2;110.71;97;96.87;97.98;88.5;88.5;103.76;104.35;259.15;373.86;141.76;323.12;69.33;164.4;130.55;93.43;95.93;89.9;91.94;125.81;101.08;117.12;108.59;175.9;102.92;211;186.17;153.41;127.31;208.97;117.87;133.92;901.93;161.49;274.15;220.55;82.84;136.86;197.79;162.74
02/07/2025;101.85;122.28;110.78;96.68;96.56;97.85;88.39;88.39;103.83;104.19;259.28;373.89;141.21;322.77;69.35;163.66;130.46;93.36;95.86;89.87;91.87;125.88;101.1;117.23;108.69;176.25;102.93;211.85;186.83;153.82;127.57;209.44;118.07;134.24;901.81;161.69;275.99;221.74;82.61;136.77;199.09;163.31
03/07/2025;102.14;122.39;110.88;96.95;96.76;97.95;88.48;88.48;103.99;104.58;259.66;374.5;141.51;322.86;69.39;164.16;130.55;93.42;95.94;90;92.12;126.17;101.26;117.47;108.91;176.71;103.29;212.92;187.58;154.93;128.37;211;117.86;134.81;907.91;162.44;278.62;223.53;83.48;136.02;199.76;164.31
04/07/2025;102.22;122.13;110.65;97.02;96.57;97.99;88.51;88.51;103.99;104.34;259.58;373.35;141.31;322.58;69.42;164.23;130.48;93.37;95.84;90.07;92.2;126.18;101.21;117.44;108.88;176.44;103.23;211.52;186.32;154.93;128.37;209.67;117.43;134.91;903.7;161.68;278.62;223.53;83.51;135.8;198.15;164.31
07/07/2025;102.14;122.28;110.78;96.76;96.36;97.85;88.39;88.39;104.11;103.98;259.9;374.17;140.92;322.19;69.43;163.67;130.4;93.32;95.8;90.03;92.13;125.64;101.07;117.24;108.7;176.29;102.91;212.69;187.5;154.06;127.57;209.27;117.84;135.69;906.96;162.52;276.77;221.81;83.13;134.46;199.73;162.98
08/07/2025;101.99;122.58;111.05;96.46;96.36;97.67;88.22;88.22;104.08;103.97;259.87;374.8;140.46;321.47;69.41;163.1;130.25;93.21;95.7;89.85;91.99;125.67;101.11;117.26;108.72;176.41;102.89;214.29;188.66;154.44;127.53;210.76;119.44;136.74;908.72;163.18;277.49;221.55;83.98;134.44;200.77;162.94
09/07/2025;102.11;122.35;110.85;96.55;96.38;97.8;88.34;88.34;104.18;104.15;260.08;375.17;140.53;322.37;69.44;163.25;130.39;93.31;95.77;89.92;92.1;126;101.34;117.38;108.83;177.11;103.26;216.82;191.01;155.01;128.15;209.6;118.07;137.01;913;164.67;278.55;222.78;83.42;135.6;203.48;163.57
10/07/2025;102.01;122.64;111.11;96.34;96.53;97.75;88.3;88.3;104.19;104.25;260.23;376.54;140.01;322.5;69.44;162.85;130.36;93.29;95.76;89.9;92.01;126.14;101.3;117.51;108.95;177.15;103.17;216.42;190;155.69;128.38;210.73;119.17;138.33;917.06;165.37;279.97;223.21;84.04;135.39;203.3;163.33
11/07/2025;101.89;122.47;110.95;96.21;96.13;97.63;88.19;88.19;104.17;103.8;260.11;374.99;139.88;321.52;69.42;162.58;130.26;93.22;95.71;89.83;91.93;125.72;101.1;117.27;108.73;176.72;102.65;214.78;188.28;154.78;127.79;209.95;119.34;139.04;910.76;163.8;279.09;222.74;84.24;135.22;201.39;162.34
14/07/2025;101.91;122.58;111.05;96.14;96.06;97.58;88.14;88.14;104.11;103.83;259.98;374.74;139.7;321.03;69.45;162.43;130.2;93.17;95.61;89.78;91.95;125.9;101.21;117.28;108.73;176.65;102.66;214.93;188.87;155.04;127.92;210.35;119.92;139.71;908.88;163.77;279.7;223.02;84.17;134.95;201.01;162.65
15/07/2025;101.98;123.09;111.52;96.26;96.31;97.56;87.69;87.69;104.12;104.19;260;376.35;140.04;320.58;69.46;162.67;130.1;91.92;95.56;89.81;92.01;125.77;101.13;117.24;108.33;176.38;102.31;213.55;187.68;154.99;127.36;213.22;122.35;140.52;907.49;163.19;280.27;222.24;84.85;134.23;200.32;161.8
16/07/2025;102.05;123.29;111.7;96.39;96.51;97.62;87.74;87.74;104.01;104.39;259.71;376.86;140.13;320.41;69.47;162.87;130.07;91.89;95.52;89.8;92.06;126.11;101.19;117.31;108.39;176.12;102.34;212.6;186.98;155.57;127.63;213.6;122.3;141.44;901.99;162.19;281.57;222.85;84.81;134.48;198.31;162.2
17/07/2025;102.08;123.38;111.78;96.44;96.49;97.68;87.79;87.79;104.09;104.39;259.82;377.18;140.08;320.37;69.47;163.01;130.07;91.89;95.6;89.83;92.09;126.41;101.36;117.5;108.57;176.93;102.99;214.64;188.68;156.48;128.3;214.12;122.68;142.96;908.05;163.9;283.5;224.19;85.4;135.91;200.64;163.25
18/07/2025;102.08;122.92;111.37;96.34;96.22;97.69;87.8;87.8;104.1;104.32;259.9;376.2;139.93;321.14;69.47;162.73;130.13;91.93;95.65;89.88;92.1;126.56;101.35;117.56;108.62;176.95;103.06;215.64;189.66;155.81;128.26;214.02;123.67;143.18;914.61;163.77;282.47;224.47;85.68;134.88;200.54;163.33
21/07/2025;102.39;122.52;111;96.9;96.29;97.93;88.02;88.02;104.19;104.22;260.14;375.99;140.87;322.28;69.53;163.86;130.3;92.05;95.8;90.07;92.31;126.94;101.54;117.75;108.79;177.03;103.15;215.02;189.47;155.4;128.31;213.7;124.13;142.55;914.07;163.75;281.69;224.76;85.88;134.88;200.57;163.22
22/07/2025;102.49;122.28;110.78;97.06;96.32;98.02;88.09;88.09;104.23;104.33;260.23;375.51;141.2;322.55;69.54;164.12;130.33;92.08;95.85;90.09;92.39;127.17;101.47;117.92;108.95;176.78;103.45;214.68;189.43;155.53;128.59;212.52;124.66;143.52;913.13;162.85;281.04;224.71;86.34;135.71;199.41;163.6
23/07/2025;102.38;122.21;110.72;96.89;96.2;97.95;88.03;88.03;104.27;104.3;260.42;375.08;140.98;322.44;69.55;163.84;130.34;92.08;95.87;90.06;92.3;127.65;101.78;118.18;109.19;177.54;103.84;216.65;191.46;156.61;129.54;215.05;126.42;143.66;921.65;164.63;283.48;226.83;86.94;139.71;201.04;164.95
24/07/2025;102.19;121.78;110.33;96.46;95.84;97.82;87.92;87.92;104.67;103.95;260.95;374.43;140.28;322.68;69.5;162.91;130.34;92.08;95.92;90.05;92.15;127.45;101.71;118.1;109.12;177.74;103.74;215.81;190.75;156.56;129.8;214.38;126.57;143.71;926.31;164.83;282.9;226.92;87.46;141.03;201.32;165.24
25/07/2025;102.17;121.89;110.43;96.38;95.87;97.79;87.89;87.89;104.73;103.94;261.01;376.1;140.16;323.12;69.5;162.74;130.34;92.08;95.95;90.04;92.14;127.33;101.66;118.02;109.04;177.71;103.78;215.9;191.26;157.17;130.06;213.62;125.7;144.65;923.4;164.2;285.07;227.98;87.16;139.48;200.93;165.56
28/07/2025;102.37;122.7;111.16;96.59;96.37;97.86;87.95;87.95;104.85;104.23;261.42;379.33;140.49;323.33;69.55;163.16;130.45;92.16;96.07;90.13;92.3;127.42;101.59;118.01;109.04;177.55;103.73;216.04;191.14;157.87;129.8;214.78;126.93;146.77;921.22;163.9;287.8;228.44;88.16;139.49;200.34;165.16
29/07/2025;102.35;123.67;112.04;96.61;97.16;97.93;88.02;88.02;104.95;104.97;261.65;384.22;140.46;324.32;69.55;163.24;130.54;92.22;96.15;90.12;92.28;127.57;101.61;118;109.02;177.67;104.02;218.33;193.33;158.99;129.68;216.57;128.09;145.91;924.62;164.57;289.89;227.87;89.26;139.7;202.06;165.15
30/07/2025;102.35;123.95;112.29;96.56;97.26;97.88;87.97;87.97;104.93;105.03;261.64;385.09;140.46;323.85;69.55;163.08;130.5;92.19;96.12;90.1;92.28;127.5;101.58;117.91;108.94;177.68;103.86;219.13;194.66;159.24;129.52;217.37;127.24;146.39;920.91;164.83;290.76;227.72;89.13;140.22;202.56;164.58
31/07/2025;102.38;124.23;112.55;96.64;97.33;97.89;87.98;87.98;105.05;105.06;261.87;386.43;140.69;323.96;69.55;163.32;130.63;92.29;96.21;90.19;92.3;127.22;101.43;117.82;108.86;177.23;103.63;216.81;192.08;158.73;128.83;216.25;125.48;146.79;916.85;163.44;290.95;227.14;87.41;140.15;200.56;163.88
01/08/2025;102.33;123.26;111.67;96.76;97.12;98;88.08;88.08;104.89;104.89;261.62;383.7;140.59;324.65;69.54;163.5;130.73;92.36;96.22;90.22;92.29;126.82;101.18;117.59;108.66;175.95;103;212.17;188.02;155.7;127.24;211.32;123.19;145.17;901.09;160.03;283.42;223.2;85.7;141.79;196.06;161.77
04/08/2025;102.54;123.73;112.09;97.1;97.52;98.16;88.23;88.23;104.9;105.56;261.75;384.45;141.03;325.54;69.57;164.2;130.88;92.46;96.33;90.33;92.46;127.52;101.48;117.89;108.93;176.71;103.8;215.78;191.09;157.36;128.66;213.37;124.23;146.78;908.88;161.57;287.58;226.69;86.76;141.29;198.78;163.52
05/08/2025;102.58;123.59;111.97;97.16;97.47;98.21;88.27;88.27;104.95;105.56;261.96;384.97;141.19;326.01;69.58;164.27;130.89;92.47;96.36;90.43;92.5;127.52;101.43;117.93;108.96;176.81;103.78;216.85;191.55;157;128.38;214.66;125.13;147.94;911.58;161.76;286.16;225.59;87.33;141.79;199.28;163.13
06/08/2025;102.5;123;111.44;97.02;97.09;98.17;88.24;88.24;105.03;105.44;262.09;383.02;141.12;325.94;69.58;163.94;130.99;92.54;96.45;90.43;92.43;127.6;101.59;117.87;108.91;177.19;103.76;217.91;192.8;157.12;129.03;213.21;124.64;148.41;912.22;161.53;285.94;226.54;87;142.1;200.03;164.02
07/08/2025;102.6;123.22;111.63;97.11;97.23;98.23;88.29;88.29;105.11;105.68;262.23;383.73;141.23;326.39;69.59;164.15;131.15;92.65;96.57;90.51;92.52;127.59;101.72;117.99;109.02;177.38;103.6;219.17;194.02;157.38;129.18;215.67;125.14;149.65;923.42;162.91;285.43;226.02;87.33;142.49;201.81;163.71
08/08/2025;102.42;122.8;111.25;96.82;96.86;98.15;88.21;88.21;105.06;105.53;262.28;382.66;140.65;326.34;69.57;163.49;131.21;92.7;96.62;90.5;92.37;127.64;101.89;117.99;109.02;177.68;103.58;219.88;194.68;157.97;129.97;214.11;123.99;149.82;923.64;163.2;286.91;227.79;86.67;144.12;202.49;164.16
11/08/2025;102.45;123.21;111.62;96.75;97.17;98.15;88.22;88.22;105.14;105.82;262.55;385.09;140.56;326.82;69.58;163.34;131.26;92.73;96.67;90.5;92.38;127.62;101.81;117.97;109;177.63;103.52;219.21;194.5;158.4;129.8;215.34;124.61;150.84;920.25;163.1;287.6;227.21;87.16;144.12;202.22;163.54
12/08/2025;102.32;122.43;110.91;96.5;96.66;98.12;88.19;88.19;105.19;105.57;262.73;383.51;140.01;327.09;69.58;162.68;131.3;92.76;96.72;90.42;92.29;127.87;102.07;118.12;109.14;178.06;104.04;220.42;195.81;158.88;130.74;214.71;124.41;150.65;923.76;163.32;289.62;229.92;86.95;145.33;202.55;164.76
13/08/2025;102.61;122.24;110.75;96.96;96.69;98.35;88.39;88.39;105.31;105.73;262.97;383.32;140.72;328.53;69.63;163.61;131.47;92.88;96.91;90.56;92.53;128.39;102.28;118.56;109.54;178.48;104.7;221.44;196.89;158.95;131.27;216.65;126.67;150.95;925.89;164.25;289.05;230.59;87.82;146.48;204.17;165.92
14/08/2025;102.54;122.68;111.15;96.75;96.79;98.27;88.32;88.32;105.36;105.84;262.95;384.66;140.33;328.05;69.63;163.16;131.63;92.99;96.99;90.55;92.47;128.24;102.21;118.5;109.48;178.62;104.45;223.09;198.69;159.62;131.31;216.89;127.23;152.01;930.7;165.34;290.71;230.73;88.56;145.45;205.66;165.53
15/08/2025;102.54;122.68;111.15;96.75;96.79;98.27;88.32;88.32;105.36;105.84;262.95;384.66;140.33;328.05;69.63;163.16;131.63;92.99;96.99;90.55;92.47;128.24;102.21;118.5;109.48;178.62;104.45;223.09;198.69;159.62;131.31;216.89;127.23;152.01;930.7;165.34;290.71;230.73;88.56;145.45;205.66;165.53
18/08/2025;102.4;122.1;110.62;96.36;96.36;98.11;88.17;88.17;105.27;105.51;263;384.22;139.45;327.73;69.62;162.24;131.54;92.93;96.91;90.44;92.36;128.01;102.14;118.32;109.32;178.63;104.29;223.75;198.92;159.48;131.24;216.76;127.33;151.59;931.38;165.28;289.55;229.86;89.7;147.59;205.8;165.66
19/08/2025;102.45;122.08;110.6;96.43;96.3;98.13;88.2;88.2;105.25;105.42;262.97;384.32;139.51;328.01;69.63;162.39;131.54;92.93;96.91;90.45;92.4;127.83;102.04;118.47;109.46;178.41;104.26;225.01;200.04;159.26;131.14;216.48;127.15;151.46;938.52;166.42;287.42;228.31;89.09;147.94;206.85;165.79
20/08/2025;102.51;122.2;110.71;96.6;96.43;98.16;88.22;88.22;105.13;105.55;262.71;384.15;139.78;327.56;69.63;162.79;131.49;92.89;96.86;90.47;92.45;127.87;102.06;118.56;109.54;178.33;104.25;224.1;199.45;159.27;131.01;215.5;127.37;151.53;940.01;166.72;287.17;227.92;90.21;148.6;206.5;165.38
21/08/2025;102.24;122.62;111.09;96.23;96.4;97.98;88.06;88.06;105.05;105.61;262.35;384.67;139.23;326.72;69.57;162.14;131.34;92.79;96.76;90.35;92.25;127.61;101.92;118.38;109.38;178.24;104.17;224.84;200.2;159.24;130.61;216.5;127.81;152.1;940.93;166.67;287.12;226.95;91.05;147.33;206.37;164.7
22/08/2025;102.38;121.8;110.34;96.54;96.31;98.21;88.27;88.27;105.08;105.59;262.42;382.98;139.73;327.96;69.59;162.69;131.45;92.86;96.9;90.42;92.35;128.39;102.31;118.72;109.69;178.93;104.9;226.77;201.62;159.79;131.91;215.52;128.38;150.93;947.04;167.23;289.22;230.52;92.68;148.09;207.34;166.75
25/08/2025;102.26;122.62;111.09;96.23;96.4;98.12;88.19;88.19;105.15;105.85;262.54;383.37;139.17;327.52;69.57;162;131.32;92.77;96.75;90.34;92.24;128.21;102.15;118.66;109.63;178.74;104.65;226.74;201.42;159.34;131.31;218.4;131.2;150.74;943.9;166.48;288.67;229.54;94.8;148.14;206.06;165.71
26/08/2025;102.35;122.87;111.32;96.35;96.6;98.16;88.22;88.22;105.21;105.99;262.42;384.28;139.36;327.31;69.59;162.26;131.26;92.73;96.73;90.36;92.33;128.31;102.16;118.57;109.55;178.46;104.62;224.68;199.41;159.74;131.31;217.37;130.54;152.12;937.93;165.19;290.82;230.55;95.04;147.09;203.9;165.6
27/08/2025;102.4;123.42;111.82;96.36;96.94;98.19;88.25;88.25;105.28;106.21;262.46;386.25;139.37;327.34;69.6;162.3;131.19;92.68;96.7;90.35;92.38;128.37;102.12;118.54;109.52;178.3;104.78;223.91;198.24;160.7;131.53;217.68;129.19;153.02;934.59;165.47;292.83;230.95;94.04;147.43;203.38;166.03
28/08/2025;102.38;123.06;111.49;96.5;96.8;98.27;88.32;88.32;105.31;106.1;262.47;385.02;139.67;328.26;69.59;162.56;131.31;92.77;96.8;90.43;92.36;128.43;102.12;118.45;109.45;178.49;104.85;224.54;198.68;160.19;131.75;215.14;127.42;152.52;933.26;165.07;292.22;231.89;95.15;148.25;203.34;166.22
29/08/2025;102.28;122.78;111.24;96.32;96.48;98.19;88.25;88.25;105.31;105.61;262.52;383.65;139.25;328.01;69.58;162.14;131.29;92.76;96.77;90.42;92.29;128.19;102;118.41;109.41;178.04;104.6;223.03;197.57;159.13;131.17;213.82;127.73;152.42;927.64;163.88;289.03;230.01;95.99;147.22;202.05;165.57
01/09/2025;102.16;122.67;111.13;96.15;96.35;98.12;88.18;88.18;105.26;105.72;262.37;383.04;139.01;327.69;69.57;161.81;131.22;92.71;96.71;90.37;92.19;128.16;101.98;118.47;109.46;178.06;104.69;223.79;198.36;159.13;131.17;214.98;130.3;152.64;930.39;164.28;289.03;230.01;96.67;146.4;202.52;165.57
02/09/2025;101.91;122.85;111.3;95.77;96.25;97.93;88.02;88.02;105.16;105.6;261.98;383.78;138.56;327.01;69.53;161.13;131.07;92.59;96.52;90.15;92;127.74;101.83;118.19;109.2;177.33;104.26;219.67;195.31;158.52;130.38;215.68;130.3;152.94;913.42;161.95;288.15;228.5;96.38;147.11;199.19;164.22
03/09/2025;102.07;123.06;111.49;96.07;96.53;98.07;88.14;88.14;105.14;105.94;261.9;384.96;138.95;328.01;69.55;161.78;131.13;92.64;96.59;90.22;92.12;127.95;101.84;118.24;109.26;177.46;104.34;219.35;195.34;159.11;130.85;215.76;129.91;153.32;918.19;162.92;289.36;229.45;95.84;145.87;199.95;164.79
04/09/2025;102.23;123.53;111.91;96.28;96.84;98.2;88.26;88.26;105.19;106.18;262.09;387.26;139.31;329.14;69.57;162.19;131.21;92.7;96.67;90.31;92.23;128.26;101.99;118.33;109.34;177.81;104.64;220.25;196.05;160.49;131.76;215.54;128.31;153.88;921.52;164.12;292.65;231.47;93.57;146.91;201;166
05/09/2025;102.49;122.68;111.14;96.67;96.75;98.46;88.49;88.49;105.36;106.15;262.47;386.16;139.69;330.9;69.63;162.84;131.36;92.8;96.83;90.49;92.43;128.43;102.08;118.62;109.6;177.95;105.09;219.07;194.69;159.18;131.49;215.77;129.37;152.62;924.39;163.52;289.07;230.54;95.28;148.77;200.52;166.22
08/09/2025;102.6;122.64;111.11;96.87;96.82;98.56;88.58;88.58;105.47;106.43;262.62;386.33;140.03;331.28;69.65;163.27;131.19;92.68;96.69;90.52;92.5;128.56;102.17;118.67;109.64;178.23;105.44;220.08;195.18;159.49;131.82;216.27;130.41;151.76;929.57;164.48;289.75;231.23;95.88;149.35;202.19;166.79
09/09/2025;102.61;122.75;111.21;96.8;96.9;98.55;88.57;88.57;105.52;106.59;262.73;386.71;140.05;331.19;69.65;163.12;131.16;92.66;96.67;90.51;92.5;128.85;102.16;118.79;109.75;178.49;105.28;221;196.36;159.86;131.97;218.6;131.87;152.1;930.5;164.34;290.95;231.9;95.34;149.51;202.73;166.4
10/09/2025;102.69;122.72;111.18;96.86;97;98.63;88.65;88.65;105.55;106.72;262.85;388.29;140.16;332.41;69.67;163.21;131.29;92.76;96.8;90.57;92.56;128.88;102.22;118.89;109.84;178.65;105.36;221.08;196.66;160.1;132.13;220.69;132.71;152.7;930.68;164.24;292.01;232.65;95.64;149.81;202.74;166.43
11/09/2025;102.68;122.71;111.17;96.93;97.13;98.72;88.72;88.72;105.62;107.04;263.01;389.78;140.18;333.63;69.66;163.38;131.47;92.88;96.98;90.64;92.53;129.26;102.51;119.13;110.07;179.19;106.02;223.44;198.27;161.26;133.05;221.3;132.62;153.38;934.72;165.09;294.41;234.52;97.77;149.82;203.88;168.11
12/09/2025;102.55;122.72;111.18;96.61;96.94;98.63;88.64;88.64;105.66;107.1;263.1;389.28;139.71;333.17;69.65;162.74;131.36;92.8;96.86;90.51;92.41;129.22;102.46;119.11;110.05;179.32;105.74;224.3;199.13;161.04;132.88;223.34;134.11;153.84;934.45;164.93;294.26;234.36;97.82;150.04;204.19;167.65
15/09/2025;102.7;122.56;111.03;96.8;96.95;98.77;88.77;88.77;105.75;107.11;263.37;388.8;140.02;333.58;69.68;163.09;131.49;92.89;96.93;90.54;92.51;129.45;102.65;119.2;110.14;179.72;105.95;226.93;201.12;161.08;133.15;223.3;134.11;153.72;938.1;165.66;294.68;235.27;98.12;150.04;205.76;167.91
16/09/2025;102.71;121.95;110.48;96.84;96.59;98.79;88.79;88.79;105.77;106.76;263.45;386.65;140.05;334.26;69.69;163.06;131.59;92.97;97.07;90.64;92.53;129.29;102.58;119.16;110.09;179.35;105.67;224.63;198.93;159.69;132.79;223.25;133.12;152.83;927.76;163.72;291.85;234.79;97.17;150.31;203.09;167.09
17/09/2025;102.73;122.23;110.73;96.94;96.68;98.78;88.78;88.78;105.82;106.85;263.55;386.28;140.2;333.85;69.69;163.35;131.62;92.99;97.08;90.69;92.55;129.28;102.56;119.22;110.15;179.23;105.67;222.58;196.83;159.61;132.7;224.53;135.92;152.73;926.38;163.75;291.46;234.43;98.23;149.76;202.82;166.92
18/09/2025;102.68;122.7;111.17;96.65;96.75;98.7;88.7;88.7;105.94;107.18;263.92;387.34;139.59;332.75;69.7;162.65;131.32;92.78;96.74;90.52;92.51;129.27;102.64;119.09;110.03;179.57;105.99;224.36;198.25;161.13;133.39;225.59;134.7;153.48;929.07;165.41;294.94;235.76;98.38;149.72;205.03;167.85
19/09/2025;102.62;122.62;111.09;96.5;96.66;98.62;88.64;88.64;105.97;107.04;264.05;386.86;139.36;331.82;69.7;162.4;131.26;92.73;96.65;90.33;92.45;129.43;102.7;119.26;110.19;179.74;105.82;224.19;198.32;161.79;133.77;225.24;134.88;153.39;925.81;165.08;296.51;236.65;98.4;149.19;205.22;168.15
22/09/2025;102.64;122.42;110.91;96.47;96.49;98.59;88.61;88.61;105.99;106.94;264.06;387.47;139.28;332.73;69.72;162.32;131.52;92.91;96.97;90.45;92.47;129.6;102.78;119.36;110.28;179.87;105.85;225.05;199.09;162.11;134.17;224.99;134.02;152.28;926.18;165.05;297.02;237.31;99.47;150.17;204.97;168.52
23/09/2025;102.64;122.2;110.71;96.49;96.47;98.64;88.65;88.65;106.03;106.98;264.1;388.1;139.36;333.85;69.72;162.33;131.76;93.08;97.16;90.55;92.47;129.38;102.74;119.52;110.43;179.86;105.89;225.13;199.38;161.27;133.68;224.84;132.6;151.57;930.53;165.61;294.68;235.89;99.81;150.17;205.76;167.69
24/09/2025;102.66;122.26;110.76;96.46;96.55;98.6;88.62;88.62;106.06;106.92;264.17;389.98;139.34;334.07;69.73;162.26;131.77;93.09;97.21;90.55;92.48;129.53;102.66;119.41;110.33;179.75;105.9;224.42;199.1;161.33;133.33;226.62;135.16;152.87;930.55;165.48;295.22;235.3;101.73;149.44;205.84;167.17
25/09/2025;102.51;122.66;111.13;96.27;96.59;98.47;88.5;88.5;106.01;106.84;263.86;390.98;139.16;333.1;69.7;162;131.71;93.04;97.11;90.42;92.37;129.36;102.44;119.26;110.19;179.55;105.59;222.63;198.16;161.3;132.79;226.24;136.12;153.95;924.36;164.43;295.8;234.42;102.94;150;205.13;165.79
26/09/2025;102.59;122.47;110.95;96.4;96.44;98.51;88.54;88.54;105.94;106.59;263.75;390.08;139.55;332.73;69.71;162.3;131.64;93;97.01;90.4;92.43;129.53;102.52;119.41;110.32;179.8;105.87;224.04;199.67;161.97;133.45;223.33;134.12;153.8;928.39;165.79;297.26;235.88;101.44;150.19;206.83;166.99
29/09/2025;102.75;122.39;110.88;96.67;96.54;98.64;88.65;88.65;105.98;106.69;263.87;389.32;139.87;333.03;69.74;162.83;131.67;93.01;97.04;90.49;92.55;129.99;102.53;119.67;110.57;179.98;106.11;224.69;199.65;161.94;133.71;224.97;135.97;153.67;929.94;166.1;296.92;236.32;103.8;149.02;206.94;167.48
30/09/2025;102.77;122.27;110.78;96.72;96.5;98.64;88.65;88.65;105.96;106.61;263.71;388.19;139.69;332.54;69.74;162.84;131.63;92.99;96.99;90.48;92.57;130.14;102.6;119.73;110.62;180.25;106.27;225.33;200.35;162.37;134.17;225.47;137.11;153.65;933.09;166.99;297.81;237.4;105;150.1;207.82;168.25
01/10/2025;102.79;122.27;110.78;96.76;96.72;98.72;88.72;88.72;105.93;107.07;263.69;388.96;139.81;332.99;69.75;162.86;131.7;93.04;97.11;90.48;92.59;130.36;102.72;119.83;110.71;180.55;106.32;226.43;201.56;163.01;134.6;226.5;137.11;153.02;938.8;169.17;299.36;238.52;105;148.83;209.32;168.73
02/10/2025;102.94;122.27;110.78;96.85;96.8;98.77;88.77;88.77;105.98;106.99;263.96;390.66;139.79;333.58;69.78;163;131.62;92.98;96.96;90.51;92.69;130.58;102.75;119.95;110.82;180.75;106.62;227.86;202.07;163.58;134.84;229.28;139.21;153.19;942.83;170.26;300.46;238.75;105;148.16;210.68;169.19
03/10/2025;102.95;122.27;110.78;96.88;96.62;98.77;88.77;88.77;105.99;106.89;263.95;390.2;139.95;333.94;69.79;163.09;131.66;93.01;97.03;90.58;92.71;130.67;102.83;120.05;110.92;180.84;106.77;229.55;202.99;163.61;135.07;229.56;138.18;153.48;947.58;171.06;299.7;238.65;105;149.47;211.02;169.5
06/10/2025;102.88;122.27;110.78;96.68;96.51;98.69;88.7;88.7;105.82;106.98;263.68;390.56;139.62;333.61;69.79;162.69;131.77;93.09;97.14;90.54;92.67;130.67;103.04;120.03;110.9;180.84;107.04;228.83;202.56;164.41;135.61;229.86;137.61;155.31;948.42;170.98;301.32;239.47;105;151.23;210.18;169.97
07/10/2025;102.91;122.27;110.78;96.64;96.81;98.71;88.72;88.72;105.54;107.39;263.24;392.08;139.61;333.47;69.79;162.62;131.75;93.07;97.07;90.47;92.7;130.51;102.94;119.98;110.85;180.59;106.71;228.58;202.16;164.36;135.16;231.17;137.61;154.73;946.14;170.69;300.9;238.09;105;150.53;209.57;169.24
08/10/2025;103.04;122.27;110.78;96.89;97.18;98.8;88.8;88.8;105.4;107.8;262.75;393.65;140.14;333.63;69.8;163.25;131.75;93.08;97.15;90.53;92.82;131.04;103.12;120.08;110.95;180.99;107.13;230.6;204.07;165.59;135.84;231.78;138.27;155.53;952.78;171.94;303.87;239.58;105;149.85;210.62;169.83
09/10/2025;102.95;123.92;112.27;96.75;97.32;98.71;88.72;88.72;105.24;108.07;262.12;395.41;140.11;333.97;69.79;163.04;131.81;93.11;97.16;90.59;92.73;130.79;103.03;119.84;110.72;180.75;106.74;228.27;201.39;165.6;135.54;233.35;139.04;155.64;950.31;170.95;304.28;239.05;108.5;150.55;210.27;169.44
10/10/2025;103;124.08;112.42;96.98;97.47;98.77;88.77;88.77;104.82;107.88;261.19;394.39;140.52;333.08;69.78;163.66;131.88;93.17;97.24;90.62;92.82;129.82;102.73;119.64;110.54;179.21;105.8;224.24;198.18;1.621.349;1.326.618;231.33;136.22;156.62;940.54;168.76;295.63;232.08;105.04;148.63;207.08;165.64
13/10/2025;103;124.18;112.5;97.07;97.7;98.8;88.8;88.8;104.69;108.12;260.91;394.9;140.7;332.97;69.78;163.82;131.89;93.17;97.23;90.64;92.83;130.41;102.98;119.71;110.6;179.89;106.33;224.91;198.52;164.06;134.07;230.5;134.91;157.62;945.45;169.52;301.21;236.17;104.07;148.63;208.3;167.63
14/10/2025;103.06;123.75;112.11;97.31;97.52;98.92;88.91;88.91;104.63;107.68;261.24;393.98;141.19;333.28;69.79;164.35;131.99;93.25;97.31;90.67;92.88;130.26;102.94;119.88;110.76;179.83;106.32;223.42;197.86;163.36;133.8;227.6;132.27;157.64;940.82;168.44;300.19;235.98;101.19;146.41;208.02;166.92
15/10/2025;103.36;123.71;112.08;97.66;97.73;99.04;88.75;88.75;105.01;108.08;262.33;394.76;141.58;334.59;69.87;165.04;131.95;92.46;97.26;90.9;93.1;130.55;103.26;120.25;110.64;180.1;106.65;222.44;196.81;163.82;134.39;231.14;134.37;157.43;942.98;169.1;301.31;237.44;103.08;148.14;208.51;167.57
16/10/2025;103.45;123.37;111.77;97.73;97.65;99.16;88.85;88.85;104.96;108.06;262.37;394.5;141.63;335.72;69.89;164.97;132.08;92.55;97.38;91.06;93.19;130.64;103.43;120.49;110.86;180.34;106.84;224.41;198.6;162.76;133.93;232.18;133.96;158.04;945.49;170.18;297.86;235.72;103.03;148.49;209.9;167.11
17/10/2025;103.27;123.55;111.93;97.53;97.54;99.05;88.76;88.76;104.75;107.98;261.95;393.97;141.26;335.03;69.86;164.7;131.94;92.45;97.04;90.93;93.04;130;102.93;120.15;110.55;179.92;106.24;222.14;196.09;163.01;134.05;229.78;130.9;156.51;935.04;168.47;299.29;236.65;100.65;147.59;207.74;167.4
20/10/2025;103.33;123.71;112.08;97.59;97.86;99.14;88.84;88.84;104.94;108.29;262.25;396.14;141.29;336.25;69.88;164.83;132.04;92.52;97.04;91.05;93.08;130.71;103.38;120.43;110.8;180.74;106.93;225.13;198.68;164.92;135.46;233.4;133.47;154.75;942.82;170.34;302.9;239.2;101.45;151.1;210.46;169.15
21/10/2025;103.44;124.4;112.7;97.76;98.19;99.25;88.93;88.93;104.98;108.54;262.51;398.86;141.64;337.2;69.9;165.15;132.16;92.61;97.17;91.22;93.17;130.55;103.18;119.9;110.32;180.79;106.8;226.5;199.94;165.42;135.48;234.13;135.23;156.79;946.04;170.64;303.7;238.85;103.72;150.74;210.71;169.49
22/10/2025;103.42;124.21;112.53;97.74;98.19;99.27;88.95;88.95;105.05;108.47;262.59;398.41;141.73;336.99;69.91;165.04;132.06;92.54;97.08;91.17;93.16;130.26;103.17;119.76;110.19;180.59;106.48;224.91;198.35;164.66;134.92;233.56;134.05;157.21;946.77;169.85;302.2;237.8;103.04;151.68;209.53;168.52
23/10/2025;103.34;124.16;112.49;97.62;98.01;99.19;88.88;88.88;105.01;108.37;262.6;398.2;141.58;336.75;69.9;164.81;132.04;92.52;97.02;91.14;93.1;130.52;103.17;119.86;110.28;180.95;106.77;225.15;198.98;165.32;135.5;233.98;134.95;157.42;952.49;170.69;304.42;239.55;103.48;150.54;210.67;169.07
24/10/2025;103.26;123.93;112.28;97.35;97.86;99.14;88.83;88.83;105.09;108.38;262.87;398.38;141.06;337.21;69.88;164.22;132.11;92.57;97.14;91.13;93.02;130.73;103.25;119.93;110.34;181.27;106.8;225.88;199.61;166.14;136.3;235;135.84;157.31;956.89;171.06;306.34;241.27;105.14;150.87;210.93;169.75
27/10/2025;103.39;124.33;112.64;97.48;97.95;99.23;88.92;88.92;105.29;108.42;263.48;401.75;141.19;340.24;69.92;164.47;132.87;93.1;98.01;91.66;93.11;131.27;103.41;120.12;110.52;181.85;107.07;227.48;201.18;167.71;137.65;237.45;137.56;156.3;956.8;171.72;309.53;243.94;107.03;152.39;211.99;171.66
28/10/2025;103.43;124.35;112.66;97.53;97.96;99.26;88.94;88.94;105.41;108.55;263.78;401.43;141.12;340.59;69.94;164.48;132.85;93.09;97.98;91.74;93.14;131.41;103.5;120.14;110.54;181.98;106.82;228.02;201.99;167.67;137.78;236.14;136.04;157.38;954.34;171.26;309.93;244.7;106.24;151.23;212.01;172.22
29/10/2025;103.44;124.27;112.59;97.6;97.8;99.2;88.89;88.89;105.54;108.41;263.97;400.6;141.32;339.97;69.95;164.71;132.83;93.07;98;91.77;93.16;131.58;103.51;120.04;110.45;182.01;106.64;227.61;202.08;167.51;137.69;238.22;136.04;157.22;953.19;171.15;309.84;244.73;106.24;150.21;211.87;171.5
30/10/2025;103.35;125.04;113.28;97.49;98.08;99.09;88.79;88.79;105.44;108.53;263.77;403.27;141.29;339.2;69.93;164.58;132.83;93.07;97.95;91.68;93.09;131.08;103.38;119.92;110.34;181.65;106.48;227.6;201.93;167.32;136.75;239.27;136.78;157.26;953.12;171.14;309.53;242.44;107.16;150.25;212.21;169.66
31/10/2025;103.41;125.32;113.53;97.51;98.24;99.1;88.79;88.79;105.44;108.75;263.63;404.42;141.34;339.49;69.94;164.53;132.86;93.09;97.98;91.71;93.13;131.1;103.46;119.87;110.29;181.51;106.63;227.19;201.85;167.85;136.98;237.95;134.78;157;950.64;169.99;310.75;242.93;105.2;151.84;211.21;169.81
03/11/2025;103.23;125.37;113.59;97.36;98.24;99.05;88.75;88.75;105.46;108.92;263.61;404.73;141.23;339.14;69.92;164.27;132.79;93.05;97.97;91.71;92.96;131.03;103.37;119.84;110.26;181.77;106.55;227.33;202.04;168.19;137.12;240.11;135.82;156.35;949.56;169.99;311.41;243.08;105.22;151.84;211.82;170.06
04/11/2025;103.19;125.65;113.83;97.41;98.42;99.07;88.77;88.77;105.29;108.92;263.23;404.88;141.29;338.3;69.9;164.38;132.65;92.95;97.82;91.63;92.94;130.44;103.14;119.64;110.08;181.06;106.01;226.36;202.01;166.98;135.84;238;134.78;157.28;943.94;169.32;308.65;240.24;104.45;152.68;211.18;168.08
05/11/2025;103.12;125.65;113.83;97.25;98.22;98.94;88.66;88.66;105.3;108.99;263.25;404.8;141.1;337.78;69.9;164.15;132.6;92.91;97.72;91.61;92.88;130.51;103.08;119.77;110.2;181.15;106.13;226.64;202.45;167.49;136.18;236.93;135;156.93;946.04;169.86;310.43;241.35;104.68;150.25;211.4;168.43
06/11/2025;103.14;125.1;113.34;97.32;98.06;99.03;88.74;88.74;105.25;108.86;263.18;403.58;141.13;338.46;69.9;164.26;132.67;92.96;97.8;91.67;92.91;130.24;103.15;119.74;110.18;180.49;105.93;224.3;200.76;165.59;135.12;237.21;136.76;156.24;939.91;169.1;305.41;238.61;106.12;152.3;210.15;166.39
07/11/2025;102.99;124.68;112.96;97.17;97.78;98.97;88.68;88.68;105.06;108.76;262.91;402.06;140.93;338.09;69.88;163.96;132.62;92.92;97.72;91.62;92.81;130.05;103.09;119.71;110.14;180.19;105.73;223.82;200.3;165.17;135.04;234.72;135.06;154.44;935.21;167.9;305.02;238.94;105.37;151.91;208.78;166.2
10/11/2025;103.05;125;113.25;97.28;98.07;99.01;88.71;88.71;105.23;109.35;263.18;403.82;141.07;338.74;69.89;164.21;132.81;93.06;97.98;91.74;92.84;130.84;103.42;119.94;110.36;181.53;106.44;227.16;204.12;167.5;136.72;238.5;137.42;154.68;947.48;170.55;310.9;243.02;105.91;151.97;212.18;168.36
11/11/2025;103.11;124.52;112.81;97.41;97.93;99.12;88.82;88.82;105.27;109.22;263.21;402.08;141.29;338.62;69.91;164.31;132.75;93.02;97.92;91.79;92.89;130.9;103.52;120.08;110.49;181.97;106.43;229.91;206.28;167.59;137.21;237.98;136.82;154.48;956.07;172.64;310.63;243.79;104.62;151.17;213.85;168.65
12/11/2025;103.18;124.69;112.97;97.54;97.97;99.16;88.85;88.85;105.33;109.39;263.33;403.38;141.69;339.7;69.92;164.68;132.96;93.16;98.21;91.78;92.93;131.11;103.66;120.18;110.58;182.45;106.77;231.45;207.45;167.94;137.51;238.81;137.41;155.74;962.1;174.33;310.79;243.89;104.87;151.85;216.18;169.65
13/11/2025;102.98;124.52;112.81;97.29;97.63;99.02;88.72;88.72;105.24;109.3;262.99;401.22;141.26;339.02;69.89;164.13;132.88;93.11;98.15;91.73;92.79;130.55;103.5;119.91;110.33;181.89;106.29;231.77;207.37;165.4;135.78;237.89;138.07;155.49;956.75;172.81;304.55;239.86;106.45;152.66;215.96;167.21
14/11/2025;102.8;124.62;112.9;96.99;97.47;98.86;88.59;88.59;105.2;109.23;262.4;401.41;140.9;338.43;69.85;163.67;132.84;93.08;98.09;91.61;92.66;130.06;103.2;119.65;110.1;181.19;105.85;228.46;204.44;165.27;135.46;234.65;135.63;155.52;945.89;171.03;305.08;239.72;104.66;152.34;213.22;166.98
17/11/2025;102.83;124.7;112.98;97.05;97.56;98.89;88.61;88.61;105.21;109.25;262.51;402.13;141.08;338.58;69.85;163.8;132.82;93.06;98.11;91.65;92.68;129.77;103.11;119.53;109.98;180.44;105.37;227.27;203.57;164.14;134.43;235.06;134.68;156.12;939.92;170.07;302.44;237.34;103.52;151.14;211.8;165.31
18/11/2025;102.75;124.78;113.04;96.96;97.57;98.86;88.58;88.58;105.01;109.19;261.9;402.37;141.02;338.32;69.83;163.65;132.77;93.03;98.08;91.59;92.63;129.21;102.85;119.41;109.88;179.27;104.69;223.18;199.72;162.75;133.16;231.49;132.49;155.96;922.38;167.47;300.29;235.32;102.95;147.71;207.93;163.45
19/11/2025;102.8;125.08;113.32;96.94;97.71;98.88;88.6;88.6;104.84;109.58;261.86;404.12;140.91;338.74;69.84;163.62;132.86;93.09;98.14;91.62;92.66;129.14;103.02;119.39;109.85;179.26;104.63;223.22;199.19;163.39;133.46;231.92;132.69;155.44;923.22;167.18;302.9;236.66;103.81;146.93;207.95;163.9
20/11/2025;102.87;125.22;113.45;96.92;97.86;98.94;88.65;88.65;105.01;109.8;262.33;405.19;140.6;338.97;69.87;163.36;132.93;93.14;98.21;91.65;92.7;128.84;102.99;119.28;109.76;178.85;104.37;224.46;200.34;162.11;132.25;233.64;132.5;155.71;928.38;167.78;298.97;233.12;103.07;147.71;208.66;162.13
21/11/2025;102.82;125.57;113.77;96.94;97.91;99;88.71;88.71;104.93;109.3;262.12;405.7;140.5;338.72;69.85;163.48;132.79;93.05;98.06;91.57;92.68;128.81;102.96;119.42;109.89;178.63;104.51;222.76;199.05;163.27;132.96;228.47;129.64;155.3;924.67;166.81;302.68;235.53;100.51;150.42;207.03;163.35
24/11/2025;102.92;125.41;113.62;97.05;97.92;99.08;88.78;88.78;105.04;109.41;262.66;405.98;140.64;339.7;69.87;163.69;133.01;93.2;98.23;91.67;92.75;129.34;103.11;119.59;110.04;179.38;104.83;224.71;199.78;164.7;134.37;229.32;131.36;156.2;928.39;166.9;306.62;239.15;100.33;150.42;208.15;165.47
25/11/2025;103;125.33;113.54;97.28;98.01;99.21;88.9;88.9;105.13;109.55;262.99;405.11;141;339.86;69.89;164.11;133.03;93.22;98.38;91.7;92.81;129.74;103.3;119.78;110.21;179.97;105.44;226.38;201.26;165.57;135.33;230.32;132.37;155.9;936.19;168.58;309;241.65;101.59;150.12;210.01;166.75
26/11/2025;103.06;125.13;113.37;97.35;98.08;99.27;88.95;88.95;105.11;109.7;263.11;404.93;141.11;340.4;69.91;164.16;133.1;93.26;98.46;91.75;92.86;130.16;103.56;119.87;110.29;180.82;105.85;227.9;203.03;166.53;136.3;232.52;132.16;156.63;944.57;170.61;310.32;243.19;102.36;152.42;212.64;168.08
27/11/2025;103.04;124.94;113.2;97.33;98;99.27;88.95;88.95;105.1;109.74;263.19;404.56;141.09;340.2;69.91;164.06;133.04;93.22;98.38;91.77;92.85;130.18;103.57;119.89;110.32;180.83;105.89;228.22;203.37;166.53;136.3;232.25;131.9;156.76;948.24;170.77;310.32;243.19;102.18;152.9;212.57;168.08
28/11/2025;103.05;124.92;113.17;97.32;97.94;99.26;88.94;88.94;105.22;109.63;263.53;404.72;141.08;340.63;69.93;164.08;133.19;93.33;98.52;91.78;92.85;130.38;103.65;119.97;110.39;181.11;106.15;228.83;203.98;167.19;136.9;231.35;131.5;157.49;949.72;171.24;311.48;244.4;102.41;153.04;213.09;168.73
01/12/2025;102.87;124.6;112.88;96.96;97.53;99.04;88.74;88.74;105.19;109.37;263.37;403.07;140.38;339.92;69.92;163.28;133.12;93.27;98.48;91.62;92.7;130.06;103.43;119.76;110.2;180.88;105.74;228.01;203.33;166.22;136.29;230.94;132.14;157.47;946.44;170.97;309.3;243.18;103.67;151.83;212.77;167.85
02/12/2025;102.94;124.77;113.03;96.96;97.68;99.08;88.78;88.78;105.27;109.55;263.57;404.31;140.31;340.23;69.94;163.26;133.17;93.31;98.54;91.61;92.74;130.07;103.37;119.84;110.27;181.02;105.8;228.05;203.62;166.76;136.58;232.57;132.69;158.19;946.67;171.42;310.74;243.8;103.37;151.69;213.5;168.26
03/12/2025;103.01;124.32;112.63;97.07;97.6;99.19;88.87;88.87;105.39;109.7;263.85;403.64;140.38;341.16;69.96;163.34;133.3;93.4;98.68;91.7;92.78;130.32;103.42;119.91;110.34;181.23;106.04;228.02;203.63;166.62;136.86;231.32;130.56;158.17;947.41;171.92;310.18;244.5;102.44;151.35;213.84;168.69
04/12/2025;102.97;123.81;112.17;96.95;97.41;99.08;88.78;88.78;105.42;109.64;263.88;402.85;140.22;340.77;69.96;163.06;133.24;93.36;98.7;91.63;92.75;130.36;103.51;119.91;110.34;181.49;106.1;228.74;204.14;166.96;137.19;231.79;131.37;158.56;952.76;172.42;309.95;244.52;103.01;154.66;214.66;169.2
05/12/2025;102.86;124.03;112.36;96.8;97.28;99.01;88.72;88.72;105.47;109.34;263.94;402.84;140.2;340.11;69.94;162.89;133.2;93.33;98.69;91.5;92.66;130.43;103.4;119.95;110.38;181.6;106.22;228.93;203.93;167.29;137.24;233.64;132.82;159.41;952.93;172.27;311.46;245.16;104.1;152.5;214.49;169.41
08/12/2025;102.59;124.15;112.47;96.36;96.99;98.81;88.54;88.54;105.46;108.95;263.89;402.44;139.75;339.22;69.89;162.22;133.02;93.21;98.54;91.25;92.44;130.12;103.2;119.66;110.11;181.61;106;228.69;203.93;167.06;136.88;234.15;132.29;160.15;951.53;172.3;311;244.3;105.38;153.36;215.12;168.96
09/12/2025;102.59;124.23;112.55;96.44;96.88;98.78;88.51;88.51;105.41;108.69;263.78;401.44;139.79;338.43;69.89;162.4;132.89;93.11;98.45;91.12;92.45;130.07;103.24;119.51;109.97;181.66;105.95;229.36;204.55;166.82;136.74;232.85;130.52;160.2;950.94;172.12;310.81;244.22;104.76;152.46;215.23;168.77
10/12/2025;102.54;124.27;112.59;96.38;96.84;98.78;88.51;88.51;105.42;108.46;263.72;401.71;139.77;339.09;69.87;162.36;132.93;93.15;98.5;90.97;92.4;130.29;103.26;119.69;110.14;181.79;106.33;228.57;204.08;167.47;137.35;233.19;130.58;159.43;950.67;172.24;312.44;245.75;104.4;153.1;214.69;169.39
11/12/2025;102.62;123.43;111.82;96.56;96.5;98.89;88.61;88.61;105.39;108.28;263.66;399.09;139.97;339.95;69.88;162.55;133.06;93.23;98.61;91.14;92.46;130.48;103.41;119.82;110.25;182.01;106.47;229.43;204.7;166.64;137.55;230.07;128.69;158.05;953.31;173.05;309.57;245.82;102.71;151.88;215.78;169.62
12/12/2025;102.6;123.41;111.81;96.42;96.38;98.8;88.53;88.53;105.36;108.37;263.64;399.81;139.68;340.06;69.89;162.22;133.1;93.26;98.64;91.08;92.45;129.9;103.33;119.67;110.12;181.49;106;228.64;204.06;165.65;136.65;232.2;130.7;156.58;948.78;171.91;306.48;243.01;103.96;154.42;215.05;168.45
15/12/2025;102.64;123.16;111.58;96.53;96.41;98.88;88.6;88.6;105.39;108.42;263.67;400.1;139.86;340.92;69.91;162.47;133.23;93.35;98.75;91.19;92.48;129.84;103.45;119.74;110.18;181.72;105.97;230.96;206.41;165.4;136.61;229.39;128.68;156.35;957.35;173.12;305.41;242.64;102.9;155.88;216.58;168.09
16/12/2025;102.69;123.27;111.68;96.6;96.39;98.95;88.66;88.66;105.39;108.31;263.71;400.37;139.79;341.44;69.92;162.61;133.35;93.44;98.84;91.29;92.53;129.59;103.39;119.63;110.08;181.22;105.68;229.82;205.62;164.78;136.14;225.9;126.64;156.92;953.92;172.2;304.44;242.01;101.5;153.53;215.24;167.79
17/12/2025;102.64;123.52;111.9;96.5;96.36;98.89;88.61;88.61;105.41;108.27;263.81;400.09;139.48;340.82;69.92;162.36;133.36;93.44;98.86;91.22;92.49;129.27;103.44;119.57;110.02;180.77;105.38;229.36;205.98;163.55;135.03;227.22;127.98;156.98;954.94;172.12;301.34;239.25;103.5;153.3;214.66;166.27
18/12/2025;102.69;123.94;112.29;96.6;96.74;98.99;88.7;88.7;105.45;108.68;263.9;401.65;139.52;341.26;69.93;162.54;133.41;93.48;98.93;91.31;92.52;129.86;103.53;119.76;110.2;181.47;105.94;231.86;207.76;164.94;135.9;227.63;128.06;157.78;964.92;173.91;304.45;241.09;103.16;153.72;216.67;167.46
19/12/2025;102.54;124.14;112.47;96.34;96.67;98.9;88.62;88.62;105.49;108.99;263.97;402.03;139.02;341.07;69.92;161.92;133.42;93.49;98.95;91.28;92.4;130.25;103.63;119.81;110.24;181.99;106.17;233.03;209.06;166.18;136.86;229.6;129.2;159.49;968.83;174.8;307.4;243.05;103.66;153.01;217.42;168.61
22/12/2025;102.57;123.58;111.96;96.31;96.21;98.9;88.62;88.62;105.49;108.44;264.11;400.25;139.04;341.14;69.94;161.85;133.43;93.49;98.97;91.26;92.42;130.51;103.66;119.89;110.31;182.24;106.35;233.21;208.63;166.41;137.44;230.89;129.3;160.56;968.99;174.17;307.83;244.45;104.45;153.24;217.17;169.26
23/12/2025;102.67;123.75;112.11;96.57;96.4;98.95;88.66;88.66;105.49;108.62;264.16;400.02;139.44;341.16;69.95;162.46;133.43;93.5;98.98;91.35;92.5;130.75;103.68;119.89;110.32;182.51;106.35;232.81;208.61;167.04;137.97;231.22;129.03;161.72;969.86;175;308.99;245.53;104.82;154.49;217.26;169.8
24/12/2025;102.67;123.75;112.11;96.57;96.4;98.95;88.66;88.66;105.49;108.62;264.16;400.02;139.44;341.16;69.95;162.46;133.43;93.5;98.98;91.35;92.5;130.75;103.68;119.89;110.32;182.51;106.35;232.81;208.61;167.04;137.97;231.22;129.03;161.72;969.86;175;308.99;245.53;104.82;154.49;217.26;169.8
25/12/2025;102.67;123.75;112.11;96.57;96.4;98.95;88.66;88.66;105.49;108.62;264.16;400.02;139.44;341.16;69.95;162.46;133.43;93.5;98.98;91.35;92.5;130.75;103.68;119.89;110.32;182.51;106.35;232.81;208.61;167.04;137.97;231.22;129.03;161.72;969.86;175;308.99;245.53;104.82;154.49;217.26;169.8
26/12/2025;102.67;123.75;112.11;96.57;96.4;98.95;88.66;88.66;105.49;108.62;264.16;400.02;139.44;341.16;69.95;162.46;133.43;93.5;98.98;91.35;92.5;130.75;103.68;119.89;110.32;182.51;106.35;232.81;208.61;167.04;137.97;231.22;129.03;161.72;969.86;175;308.99;245.53;104.82;154.49;217.26;169.8
29/12/2025;102.85;124.08;112.42;96.81;96.81;99.11;88.81;88.81;105.58;108.73;264.38;401.2;139.81;341.92;70;162.97;133.62;93.63;99.14;91.49;92.64;130.67;103.72;119.94;110.37;182.53;106.4;232.45;207.98;167.06;137.87;233.8;128.74;160.85;971.01;175.09;309.27;245.56;105.58;155.36;217.41;169.72
30/12/2025;102.83;124.41;112.71;96.72;96.97;99.09;88.79;88.79;105.61;109.16;264.45;401.58;139.54;341.78;70;162.64;133.62;93.63;99.14;91.52;92.63;130.79;103.72;120.02;110.44;182.86;106.54;234.32;209.91;167.07;137.82;234.15;129.6;161.85;977.24;176.26;309.12;245.23;106.35;154.38;219.19;169.62
31/12/2025;102.81;124.56;112.84;96.68;96.96;99.05;88.75;88.75;105.65;109.37;264.45;401.76;139.44;341.49;70;162.58;133.58;93.6;99.1;91.51;92.6;130.49;103.72;119.81;110.24;182.58;106.27;234.32;209.91;166.32;137.11;234.65;128.91;162.75;976.03;176.1;307.24;243.43;106.14;154.38;219.05;168.62
01/01/2026;102.81;124.56;112.84;96.68;96.96;99.05;88.75;88.75;105.65;109.37;264.45;401.76;139.44;341.49;70;162.58;133.58;93.6;99.1;91.51;92.6;130.49;103.72;119.81;110.24;182.58;106.27;234.32;209.91;166.32;137.11;234.65;128.91;162.75;976.03;176.1;307.24;243.43;106.14;154.38;219.05;168.62
02/01/2026;102.68;124.56;112.84;96.41;96.87;98.97;88.68;88.68;105.68;109.53;264.5;401.53;139;341.39;69.99;161.92;133.61;93.62;99.15;91.53;92.51;130.65;103.56;119.81;110.25;183.7;106.77;235.73;211.71;166.67;137.42;238.09;131.7;163.62;980.67;177.45;307.98;244.14;106.14;154.38;221.19;168.58
05/01/2026;102.79;125.02;113.27;96.61;97.38;99.06;88.76;88.76;105.9;110.11;265.03;405.4;139.39;343.23;70.03;162.39;133.73;93.71;99.29;91.59;92.61;131.73;103.8;120.28;110.68;184.86;107.84;238.33;213.79;168.4;138.41;242.13;132.9;165.65;991.61;179.27;311.21;245.71;109.42;156.58;223.92;169.33
06/01/2026;102.95;124.99;113.23;96.81;97.53;99.14;88.83;88.83;106.03;110.4;265.3;405.67;139.63;343.12;70.07;162.75;133.77;93.73;99.27;91.61;92.73;132.45;104.06;120.76;111.12;185.36;108.81;238.85;213.58;169.38;139.14;244.79;134.72;167.29;997.59;180.75;313.26;247.14;111.74;159.08;224.23;170.6
07/01/2026;103.12;124.87;113.13;97.01;97.68;99.24;88.92;88.92;106.14;110.36;265.66;405.28;139.89;342.65;70.11;163.15;133.7;93.68;99.18;91.67;92.86;132.16;104;120.62;110.99;185.13;108.45;239.06;213.29;168.88;138.69;244.36;133.89;168.89;999.29;180.68;312.63;246.49;111.53;158.16;224.29;170.32
08/01/2026;103.08;125.3;113.52;96.96;97.71;99.16;88.85;88.85;106.14;110.3;265.73;404.97;139.87;341.66;70.12;163.01;133.59;93.61;99.03;91.55;92.82;132.04;103.89;120.7;111.06;185.09;108.33;239.12;213.76;168.96;138.58;243.21;132.82;168.67;998.19;179.92;312.72;246.04;110.31;156.98;223.96;169.92
09/01/2026;103.11;125.66;113.84;97.02;97.89;99.2;88.89;88.89;106.08;110.53;265.82;406.97;140.22;342.52;70.13;163.16;133.68;93.67;99.1;91.63;92.83;132.67;103.96;120.93;111.28;186.08;109.05;240.25;214.04;170.24;139.45;243.73;133.48;168.97;1002.1;181.82;315.68;247.84;110.8;157.94;226.21;170.64
12/01/2026;103.22;125.42;113.62;97.19;97.72;99.26;88.94;88.94;106.11;110.42;265.9;405.07;140.43;342.12;70.16;163.5;133.71;93.69;99.15;91.66;92.92;133.37;104.02;121.12;111.45;186.51;109.45;239.78;213.74;170.07;139.64;244.94;134.92;169.13;1002.32;182.61;314.97;248.11;110.91;157.94;226.82;170.63
13/01/2026;103.22;125.75;113.93;97.13;97.82;99.26;88.94;88.94;106.13;110.66;265.91;406.09;140.4;342.06;70.17;163.33;133.72;93.7;99.11;91.67;92.92;133.22;104.05;121.08;111.42;186.26;109.69;238.84;212.67;170.34;139.64;246.51;136.03;169.95;1000.24;183.04;315.51;247.89;110.86;160.11;226.51;170.23
14/01/2026;103.34;125.8;113.97;97.29;97.91;99.35;89.02;89.02;106.04;110.73;265.84;405.84;140.88;342.11;70.19;163.72;133.73;93.7;99.13;91.72;93.02;133.37;104.1;121.32;111.63;186.16;109.93;240.13;213.24;169.88;139.3;247.15;136.2;169.75;1004.78;183.13;313.64;246.6;110.3;161.66;226.62;169.44
15/01/2026;103.32;126.56;114.59;97.35;98.26;99.34;88.71;88.71;105.93;111.25;265.75;408.46;141.1;342.47;70.18;163.91;133.77;92.98;99.23;91.83;92.99;133.6;104.07;121.5;111.41;186.76;110.53;240.52;214.05;170.93;139.65;248.27;135.79;169.59;1009.82;184.05;316.39;247.51;111.63;162.56;227.89;169.6
16/01/2026;103.27;126.62;114.64;97.26;98.07;99.26;88.64;88.64;105.97;110.86;265.9;408.36;141.06;342.17;70.18;163.71;133.71;92.94;99.21;91.79;92.95;133.08;103.98;121.19;111.13;186.57;110.27;240.13;213.71;170.91;139.55;249.49;135.38;171.01;1010.97;183.97;316.38;247.32;111.76;162.4;227.66;169.22
19/01/2026;103.22;126.18;114.25;97.24;97.78;99.24;88.62;88.62;105.8;110.59;265.4;405.98;141.09;341.5;70.18;163.66;133.64;92.89;99.09;91.74;92.93;132.97;104.03;121.2;111.14;185.75;110.06;237.48;211.85;170.91;139.55;248.76;133.82;170.93;1001.56;181.84;316.38;247.32;111.06;161.48;224.67;169.22
20/01/2026;103.14;125.28;113.43;97.05;96.86;99.12;88.52;88.52;105.78;109.71;265.39;401.57;140.92;340.4;70.17;163.27;133.64;92.89;99.14;91.6;92.89;131.64;103.73;120.55;110.54;184.08;109.21;235.24;209.79;166.49;137.07;246.18;132.55;169.09;993.84;180.49;306.62;242.38;109.72;159.04;222.83;165.7
21/01/2026;103.14;125.64;113.76;96.98;97.3;99.15;88.54;88.54;105.91;110.43;265.85;404.42;140.72;341.88;70.18;163.04;133.88;93.06;99.39;91.78;92.86;132.47;103.74;121.07;111.01;184.84;110.03;234.99;208.89;167.93;138.02;246.71;133.32;168.35;996.89;180.17;310.85;245.21;110.08;156.98;222.74;166.88
22/01/2026;103.26;125.33;113.47;97.1;97.33;99.24;88.62;88.62;106.07;110.61;266.52;404.9;140.67;343.06;70.21;163.24;134.04;93.17;99.56;92.02;92.93;133.12;104.08;121.41;111.33;186.02;110.46;238.64;211.43;168.55;138.78;248.4;132.92;169.21;1006.07;182.05;311.65;246.46;109.36;157.06;225.82;168.26
23/01/2026;103.19;125.17;113.33;97.11;97.32;99.25;88.63;88.63;106.13;110.74;266.59;404.64;140.79;343.51;70.21;163.3;134.1;93.21;99.65;92.06;92.86;133.02;104.01;121.47;111.38;186.06;110.46;237.23;210.2;168.34;138.74;248.78;133.26;169.09;1003.01;181.86;310.76;246.25;108.95;157.83;225.43;168.05
26/01/2026;103.36;123.89;112.18;97.41;96.97;99.38;88.75;88.75;106.21;110.34;266.74;401.29;141.32;344.42;70.24;163.89;134.17;93.26;99.73;92.28;93;133.36;104.2;121.92;111.8;186.45;110.69;236.8;210.28;167.49;139.02;247.21;131.73;166.82;1006.62;182.03;309;247.67;108;157.43;225.99;168.56
27/01/2026;103.41;123.26;111.6;97.46;96.72;99.39;88.75;88.75;106.2;110.25;266.88;399.69;141.59;344.55;70.27;163.82;134.24;93.31;99.84;92.41;93.03;133.61;104.34;122.07;111.93;187.45;110.93;237.75;211.93;167.56;139.51;249.3;132.22;166.49;1010.87;183.19;309.02;248.8;108.03;157.45;227.73;169.21
28/01/2026;103.51;123.52;111.83;97.52;96.96;99.39;88.76;88.76;106.2;110.64;266.84;399.77;141.64;344.38;70.29;163.85;134.28;93.34;99.84;92.5;93.13;133.86;104.36;122.15;112.01;187.16;111.1;236.77;210.9;167.32;139.21;253.55;134.64;167.35;1005.98;181.61;309.19;248.77;109.39;155.92;225.91;168.95
29/01/2026;103.58;123.62;111.93;97.61;97.13;99.46;88.81;88.81;106.21;110.64;266.62;400.05;141.86;344.14;70.3;164.02;134.29;93.34;99.83;92.55;93.19;133.57;104.45;122.32;112.16;186.32;110.66;235.93;210.47;167.44;139.13;253.52;135.32;166.82;1002.91;181.07;309.25;248.49;109.8;156.94;224.25;168.69
30/01/2026;103.58;123.87;112.15;97.56;97.13;99.42;88.79;88.79;106.21;110.56;266.71;401.01;141.84;344.05;70.3;163.86;134.3;93.35;99.81;92.59;93.19;132.55;104.33;121.91;111.79;186.08;109.7;237.85;212.26;167.3;138.76;250.17;132.73;166.83;1004.93;182.2;308.18;246.95;108.44;156.77;226.15;168.21
02/02/2026;103.51;124.87;113.06;97.43;97.49;99.35;88.72;88.72;106.23;111.02;266.79;404.7;141.36;344.25;70.29;163.56;134.29;93.34;99.82;92.58;93.14;132.64;104.29;121.73;111.63;186.94;110.09;239.32;214.21;169.24;139.51;247.36;130.83;166.31;1012.99;184.17;312.31;248.06;105.99;155.13;228.3;169.26
03/02/2026;103.52;124.94;113.12;97.34;97.63;99.34;88.72;88.72;106.31;111.54;267.16;404.24;141.13;344.4;70.32;163.25;134.3;93.35;99.81;92.57;93.14;132.81;104.45;121.71;111.61;186.31;110.45;239.56;215.27;168.47;139.01;253.49;130.79;166.8;1014.76;184.27;308.82;245.73;107.51;158.52;228.33;168.25
04/02/2026;103.64;125.03;113.2;97.46;97.6;99.4;88.77;88.77;106.3;111.37;267.28;405.04;141.29;344.6;70.34;163.52;134.37;93.39;99.84;92.69;93.24;132.04;104.48;121.76;111.65;185.5;109.97;239.8;216.15;168.26;138.74;253.29;130.72;166.18;1018.98;183.82;307.71;244.44;108.36;158.01;227.86;168.04
05/02/2026;103.61;125.2;113.36;97.5;97.63;99.44;88.8;88.8;106.21;111.08;267.3;405.39;141.27;344.78;70.33;163.66;134.41;93.42;99.85;92.65;93.24;131.06;104.31;121.25;111.18;184.3;109.29;237.74;213.57;166.58;137.38;249.67;130.89;165.34;1009.96;181.7;303.81;241.21;107.65;158.05;225.96;166.09
06/02/2026;103.61;125.05;113.22;97.53;97.57;99.49;88.85;88.85;106.15;111.24;267.33;404.84;141.24;345.02;70.33;163.62;134.39;93.41;99.86;92.73;93.23;132.06;104.47;121.92;111.8;186.22;110.44;237.6;213.53;168.76;139.37;249.03;129.77;164.83;1018.95;183.46;309.18;246.09;106.55;159.41;228.59;168.89
09/02/2026;103.69;124.42;112.65;97.65;97.31;99.55;88.9;88.9;106.15;111.18;267.57;402.73;141.22;345.77;70.36;163.64;134.52;93.5;99.98;92.9;93.29;132.95;104.82;122.36;112.2;187.35;111.27;241.34;217.06;168.65;140.04;252;130.82;164.94;1027.34;184.89;308.28;247.23;107.97;161.68;230.97;169.66
10/02/2026;103.78;124.74;112.94;97.85;97.63;99.68;89.01;89.01;106.15;111.22;267.67;403.9;141.65;346.75;70.38;164.2;134.64;93.59;100.13;93.11;93.36;133.03;104.86;122.47;112.3;187.12;111.58;242.03;217.17;168.59;139.91;253.34;131.5;166.08;1028.88;184.44;307.51;246.61;108.22;166.02;230.4;169.46
11/02/2026;103.84;125.28;113.43;97.95;98.03;99.69;89.02;89.02;106.02;111.77;267.53;405.76;141.94;346.71;70.38;164.48;134.68;93.61;100.19;93.13;93.42;133.21;104.69;122.83;112.63;187.28;112.11;240.19;215.89;169.35;140.03;256.57;132.51;168.69;1028.4;185.06;308.8;246.56;108.46;166.02;230.08;169.49
12/02/2026;103.87;125.39;113.53;98.05;98.28;99.8;89.12;89.12;105.94;112.03;267.45;406.19;142.06;347.64;70.4;164.74;134.87;93.75;100.35;93.21;93.45;132.18;104.48;122.29;112.14;185.77;111.22;238.63;214.8;167.21;138.42;256.94;131.13;170.16;1023.66;183.97;303.88;243.04;108.61;168.82;228.22;167.38
13/02/2026;103.87;125.54;113.67;98.14;98.48;99.88;89.19;89.19;105.78;112.07;267.16;408.19;142.24;348.35;70.39;165.01;134.95;93.8;100.44;93.28;93.47;132.12;104.45;122.58;112.4;185.62;111.69;235.16;211.98;167.74;138.58;255.31;129.5;170.33;1020.96;184.06;304.91;243.11;107.13;165.81;226.97;167.2
16/02/2026;103.9;125.54;113.67;98.15;98.45;99.88;89.19;89.19;105.79;112.11;267.17;407.89;142.13;348.23;70.4;164.99;134.86;93.74;100.3;93.34;93.48;132.13;104.48;122.54;112.37;185.82;111.59;234.68;212.01;167.74;138.58;255.74;129.96;171.05;1023.12;184.3;304.91;243.11;107.13;164.3;227.61;167.2
17/02/2026;103.91;125.54;113.67;98.23;98.71;99.9;89.21;89.21;105.71;112.28;267.1;410.16;142.28;348.87;70.4;165.3;134.99;93.83;100.46;93.41;93.49;132.17;104.42;122.45;112.28;186.17;111.31;235.32;213.27;168.2;138.69;255.74;129.96;171.51;1025.1;185.25;306.37;243.46;107.13;163.55;229.16;167.23
18/02/2026;103.95;125.54;113.67;98.29;98.65;99.89;89.2;89.2;105.69;112.36;267.44;409.63;142.47;348.7;70.41;165.35;134.96;93.81;100.46;93.43;93.51;132.95;104.62;122.84;112.64;187.32;112.12;238.51;215.8;169.18;139.59;255.74;129.96;172.31;1034.82;187.51;307.59;244.66;107.13;164.53;232.14;168.11
19/02/2026;103.93;125.54;113.67;98.25;98.89;99.85;89.17;89.17;105.7;112.35;267.61;411.02;142.57;348.13;70.41;165.35;134.83;93.72;100.32;93.35;93.49;132.6;104.57;122.71;112.52;186.84;111.91;235.64;213.6;169.53;139.38;255.74;129.96;172.07;1031.65;186.64;308.38;244.15;107.13;166.64;230.84;167.79
20/02/2026;103.97;125.54;113.67;98.34;98.82;99.87;89.19;89.19;105.7;112.38;267.76;410.3;142.63;348.21;70.43;165.5;134.88;93.75;100.37;93.38;93.53;133.34;104.6;123.08;112.86;188.05;112.4;238.77;216.64;170.1;140.05;258.62;129.39;171.89;1042.99;187.84;309.79;245.78;107.13;164.4;232.98;168.57
23/02/2026;104.1;125.54;113.67;98.49;99;100;89.3;89.3;105.66;112.68;267.85;410.41;142.8;348.47;70.45;165.75;134.98;93.82;100.47;93.44;93.63;133.15;104.69;123.19;112.96;187.16;112.11;238.5;217.06;168.68;138.93;260.79;131.86;172.3;1036.51;186.92;306.95;243.51;107.13;164.4;232.65;167.4
24/02/2026;104.04;126.83;114.84;98.48;99.16;99.95;89.26;89.26;105.58;112.89;267.66;411.03;142.83;348.36;70.44;165.83;134.96;93.81;100.43;93.47;93.58;133.56;104.63;123.34;113.09;187.76;112.48;238.58;217.09;169.86;139.78;262.66;130.21;172.45;1039.12;187.26;309.43;245.19;109.08;164.13;232.92;168.34
25/02/2026;104.06;126.81;114.81;98.55;99.13;99.95;89.25;89.25;105.51;113.11;267.77;410.34;142.92;348.54;70.45;165.91;135;93.83;100.44;93.55;93.59;134.44;104.86;123.69;113.42;188.84;112.95;240.46;219.03;170.71;140.74;265.4;130.5;172.33;1045.27;188.72;311.25;247.22;109.97;164.55;234.79;169.45
26/02/2026;104.06;127.22;115.19;98.61;99.35;100.01;89.31;89.31;105.61;113.11;267.85;410.38;143.12;348.43;70.46;166.1;135;93.84;100.43;93.54;93.6;133.98;104.93;123.55;113.29;188.46;112.95;241.7;220.08;170.58;140.58;266.56;128.07;172.38;1043.86;188.52;309.52;245.75;109.57;167.25;234.8;168.92
27/02/2026;104.08;126.8;114.81;98.76;99.37;100.08;89.37;89.37;105.17;112.94;267.53;409.43;143.5;347.9;70.45;166.5;134.94;93.79;100.33;93.52;93.67;133.86;105.01;123.62;113.36;187.95;113.03;240.75;219.1;170.35;140.46;264.73;128.23;171.55;1044.62;188.48;307.88;244.51;108.38;169.46;234.38;168.59
02/03/2026;103.63;127.52;115.46;98.23;99.41;99.69;89.02;89.02;104.93;112.52;266.7;412.15;143.17;346.65;70.33;165.66;134.69;93.62;100.11;93.15;93.31;132.84;104.35;123.02;112.8;186.57;112.06;236;215.03;171.22;140.1;264.01;127.58;169.37;1030.49;185.04;311.96;245.17;109.14;167.95;229.61;167.47
03/03/2026;103.25;128.34;116.21;97.58;99.29;99.31;88.69;88.69;104.37;111.45;265.46;413.17;142.86;344.65;70.19;164.63;134.32;93.36;99.75;92.46;93.05;130.49;103.32;121.72;111.62;183.69;109.75;227.33;207.32;170;138.06;257.19;126.85;165.29;998.7;179.5;311.38;242.45;107.38;163.81;221.05;164.57
04/03/2026;103.55;127.61;115.54;97.82;99.06;99.43;88.79;88.79;104.45;111.73;266.34;412.61;142.88;345.85;70.28;165.01;134.52;93.5;99.97;92.71;93.23;131.2;103.41;122.2;112.05;185.01;110.23;231.95;211.33;170.06;138.67;247.59;124.36;165.26;1011.13;182.41;311.85;244.18;105.58;158.65;224.52;165.51
05/03/2026;103.14;128.31;116.17;97.27;98.99;99.12;88.52;88.52;104.45;111.45;266.18;413.92;141.96;345.32;70.18;163.91;134.43;93.44;99.91;92.53;92.88;129.84;103.07;121.58;111.49;183.72;108.96;228.01;208.17;169.62;137.78;253.54;124.65;167.99;1000.52;179.83;311.36;242.51;107.09;161.32;221.39;164.33
06/03/2026;102.84;128.4;116.26;96.93;98.6;98.89;88.31;88.31;104.04;110.52;265.08;411.79;142.7;343.44;70.05;163.39;134.08;93.2;99.51;92.09;92.65;128.64;102.8;121.09;111.04;182.2;108.43;226.14;206.31;167.87;136.25;252.96;126.83;165.57;991.3;177.69;307.19;238.93;106.97;162.55;219.2;162.23
09/03/2026;102.59;127.69;115.61;96.8;98.31;98.75;88.19;88.19;103.48;110.11;263.58;410.1;142.98;342.39;69.91;163.41;133.75;92.97;99.1;91.68;92.43;128.54;102.29;120.86;110.81;182.33;108.25;224.54;205.42;168;136.48;245.89;125.63;160.5;983.1;176.5;309.55;241.26;105.05;156.68;217.4;162.77
10/03/2026;103.02;127.97;115.87;97.18;98.67;99.07;88.47;88.47;104.03;111.38;265.16;410.49;143.03;344.21;70.07;164.09;134.23;93.31;99.59;92.14;92.75;129.96;103;121.53;111.45;183.77;109.1;229.99;210.15;167.86;136.81;252.39;127.44;163.09;1000.43;180.21;307.93;241.08;107.33;159.42;222.86;163.48
11/03/2026;102.45;128.78;116.6;96.47;98.57;98.7;88.14;88.14;103.9;111.46;264.54;412.18;142.16;343.21;69.92;162.7;133.98;93.13;99.39;91.82;92.28;129.22;102.59;121.22;111.16;183.5;108.64;227.97;208.36;168.4;136.55;255.67;128.18;165.78;994.79;179.07;309.35;240.49;108.38;160.16;221.72;163.23
12/03/2026;102.13;129.17;116.95;96.09;98.26;98.38;87.85;87.85;103.53;110.62;263.56;411.37;142.39;341.21;69.79;162.06;133.57;92.85;99.06;91.48;92.03;127.89;102.03;120.11;110.13;181.71;107.88;224.54;206.66;166.83;134.85;252.89;127.96;165.33;994.67;178.42;306.49;237.12;108.03;157.83;219.8;160.89
13/03/2026;101.91;129.49;117.24;95.84;98.18;98.18;87.68;87.68;103.23;110.08;262.86;412.16;141.98;339.48;69.71;161.6;133.3;92.66;98.72;91.25;91.87;127.13;101.8;119.74;109.79;181.27;107.34;223.33;206.11;166.82;134.17;250.91;128.03;165.05;989.74;177.55;306.39;235.35;107.56;157.51;218.94;159.82
16/03/2026;102.13;129.05;116.84;96.14;98.34;98.38;87.85;87.85;103.19;110.17;262.71;410.88;142.6;339.61;69.73;162.22;133.3;92.66;98.71;91.23;92.05;127.87;101.98;120.48;110.46;182.26;107.79;222.4;206.01;167.61;135.16;251.99;129.11;164.75;993.69;178.39;308;237.59;107.62;156.49;219.8;161.05
17/03/2026;102.34;128.9;116.71;96.42;98.41;98.55;88.01;88.01;103.42;110.34;263.42;410.52;142.82;340.43;69.79;162.85;133.43;92.75;98.82;91.4;92.18;128.43;102.25;120.81;110.77;182.79;108.24;223.66;207.92;167.67;135.56;253.74;128.56;165.27;1000.56;179.7;307.33;237.74;106.29;157.28;221.06;161.5
18/03/2026;102.21;129.27;117.04;96.18;98.21;98.36;87.83;87.83;103.37;110.04;263.52;409.77;142.67;339.48;69.75;162.34;133.12;92.53;98.59;91.25;92.07;127.3;102.22;120.4;110.4;181.62;107.54;223.52;207.56;166.01;134.14;257.49;129.03;165.74;996.55;178.14;303.84;234.77;107.41;159.69;220.38;159.71
19/03/2026;101.78;128.8;116.61;95.8;97.77;97.96;87.48;87.48;103.03;109.47;262.23;408.12;142.47;338.08;69.55;161.94;132.76;92.29;98.25;90.81;91.75;125.75;101.32;119.61;109.66;180.13;106.36;217.67;202.7;164.78;133.09;251.14;126.06;164.16;968.69;174.04;303.12;234.19;104.64;156.66;215.6;158.1
20/03/2026;101.35;128.59;116.42;95.05;96.72;97.5;87.07;87.07;102.82;108.55;261.45;403.69;140.99;335.42;69.42;160.33;132.34;91.99;97.81;90.37;91.41;123.6;100.74;118.29;108.45;177.8;104.6;213.97;199.26;162.21;131.37;248.69;124.25;161.93;952.59;170.69;297.39;230.35;104.26;156.66;211.94;155.82
23/03/2026;101.46;127.77;115.68;95.33;96.75;97.65;87.2;87.2;102.58;108.65;260.81;403.42;141.21;336.37;69.41;161.01;132.46;92.08;97.9;90.5;91.52;124.56;100.97;119.01;109.11;179.21;105.26;216.21;200.6;162.82;132.21;241.05;119.99;159.27;954.65;171.76;299.79;233.06;100.27;150.21;214.13;157.04
24/03/2026;101.37;128.15;116.03;95.1;96.57;97.51;87.08;87.08;102.66;108.45;261.05;402.74;140.49;335.62;69.36;160.53;132.15;91.86;97.67;90.38;91.42;124.39;100.88;118.82;108.94;178.94;105.43;216.94;201.49;162.8;132.16;245.18;123.03;160.37;959.68;172.48;298.8;232.12;101.72;152.95;214.51;156.72
25/03/2026;101.75;128.13;116;95.65;97.1;97.79;87.32;87.32;103.09;109.01;262.33;405.97;140.98;337.98;69.49;161.68;132.54;92.14;98.06;90.82;91.69;125.57;101.43;119.67;109.72;180.27;106.33;220.98;204.37;164.09;133.16;249.54;124.79;163.25;973.93;174.88;300.73;233.46;103.27;155.23;217.67;158.29
26/03/2026;101.16;128.24;116.11;94.84;96.62;97.35;86.94;86.94;102.86;108.78;261.53;404.5;140.16;335.84;69.35;159.97;132.18;91.88;97.7;90.39;91.22;123.77;100.96;118.28;108.45;178.21;105.05;219.76;203.42;162.28;131.46;246.27;122.35;161.95;965.73;172.95;296.17;229.28;101.73;154.93;215;155.99
27/03/2026;100.86;128.34;116.2;94.54;96.35;97.23;86.83;86.83;102.49;108.2;260.36;402.83;139.83;333.82;69.26;159.39;131.82;91.63;97.32;89.99;91;122.84;100.66;117.61;107.83;176.43;104.3;218.18;202.07;160.44;129.83;244.92;123.17;162.49;955.56;171.34;291.59;225.28;102.34;154.97;212.65;153.6
30/03/2026;100.98;129.08;116.86;94.96;97.05;97.42;87;87;102.3;108.35;259.79;404.49;140.83;333.45;69.25;160.32;131.84;91.64;97.3;90;91.11;123.14;100.74;117.58;107.8;176.53;104.31;220.1;203.82;160.79;129.61;242.28;122.84;162.39;965.68;172.98;291.9;224.4;102.9;153.04;213.99;153.33
31/03/2026;101.21;128.59;116.42;95.29;96.91;97.66;87.21;87.21;102.51;108.1;260.47;403.89;141.38;334.69;69.31;161.12;131.93;91.71;97.39;90.12;91.27;124.59;101.08;118.75;108.88;179;105.5;222.31;205.82;163.27;132.17;239.06;121.88;162.67;975.01;173.77;299.12;231.15;101.15;151.84;215.77;156.85
01/04/2026;101.68;128.09;115.97;95.6;96.86;97.92;87.44;87.44;103.09;108.52;262.13;403.18;141.62;336.98;69.5;161.6;132.46;92.07;97.94;90.64;91.62;125.89;101.94;119.93;109.96;181.16;106.57;229.24;211.23;164.01;133.54;246.15;123.39;164.66;995.71;177.95;298.8;232.81;102.74;158.2;221.73;159.04
02/04/2026;101.61;128.52;116.36;95.59;97.16;97.93;87.45;87.45;103.04;108.86;261.85;405.34;141.76;336.64;69.47;161.52;132.32;91.98;97.81;90.49;91.57;125.71;101.73;119.71;109.76;180.95;106.4;228.64;211.13;164.75;133.56;244.17;123.28;165.03;995.51;177.68;301.19;233.24;101.73;155.64;220.82;158.7
03/04/2026;101.61;128.52;116.36;95.59;97.16;97.93;87.45;87.45;103.04;108.86;261.85;405.34;141.76;336.64;69.47;161.52;132.32;91.98;97.81;90.49;91.57;125.71;101.73;119.71;109.76;180.95;106.4;228.64;211.13;164.75;133.56;244.17;123.28;165.03;995.51;177.68;301.19;233.24;101.73;155.64;220.82;158.7
06/04/2026;101.61;128.52;116.36;95.59;97.16;97.93;87.45;87.45;103.04;108.86;261.85;405.34;141.76;336.64;69.47;161.52;132.32;91.98;97.81;90.49;91.57;125.71;101.73;119.71;109.76;180.95;106.4;228.64;211.13;164.75;133.56;244.17;123.28;165.03;995.51;177.68;301.19;233.24;101.73;155.64;220.82;158.7
07/04/2026;101.35;129.05;116.84;94.97;96.87;97.63;87.18;87.18;103.17;108.75;262.13;404.45;140.98;336.59;69.43;160.2;132.36;92;97.79;90.36;91.34;125.38;101.62;119.59;109.65;180.88;106.26;227.36;210.24;164.86;133.89;244.17;123.28;164.12;986.19;175.63;302.23;234.48;101.73;156.28;219.22;158.81
08/04/2026;102.53;128.46;116.31;96.33;97.58;98.58;88.04;88.04;104.26;110.12;264.92;406.29;142.46;341.48;69.82;162.88;133.4;92.73;98.82;91.62;92.3;128.59;102.94;122.34;112.18;185.16;108.59;235.75;216.82;167.62;137.04;257.04;125.61;169.09;1018.14;182.3;307.12;240.61;104.81;161.2;228.7;163.53
09/04/2026;102.35;128.33;116.19;96.06;97.42;98.54;88;88;104.32;110.14;264.85;407.6;142.03;342.25;69.8;162.08;133.44;92.76;98.92;91.47;92.15;128.54;102.93;122.39;112.23;185.5;108.32;236.11;218.03;168.13;137.39;255.68;124.65;168.54;1019.79;182.42;309.11;242.12;104.5;158.67;228.51;164.03
10/04/2026;102.14;128.09;115.97;95.66;97.09;98.4;87.88;87.88;104.46;110.35;264.95;406.97;141.34;343;69.77;161.28;133.6;92.87;99.11;91.53;91.96;128.67;102.98;122.39;112.23;185.55;107.99;238.12;219.03;167.48;137.25;257.52;124.9;169.27;1024.8;183.18;308.01;242.04;106.24;157.58;229.91;164.03
13/04/2026;102.04;128.37;116.22;95.42;97.09;98.34;87.82;87.82;104.37;110.42;264.77;408.39;141.04;343.71;69.73;160.7;133.67;92.92;99.14;91.46;91.9;128.71;103.04;122.44;112.27;186.02;108.33;237.73;218.63;168.7;138.08;255.96;124.39;169.79;1023.26;182.88;311.06;244.06;106.45;156.95;229.27;164.89
14/04/2026;102.48;127.73;115.65;95.94;96.98;98.73;88.17;88.17;104.67;110.32;265.7;407.79;141.66;345.99;69.87;161.75;134.13;93.24;99.7;91.86;92.23;130.11;103.56;123.09;112.87;187.21;108.92;240.49;220.98;169.27;139.33;258.16;124.57;171.14;1034.71;184.5;312.09;246.82;107.67;157.67;232.02;166.91
15/04/2026;102.44;127.82;115.59;95.86;96.98;98.68;87.79;87.79;104.77;110.29;265.89;407.95;141.67;345.78;69.88;161.53;134.08;92.64;99.68;91.83;92.19;130.29;103.65;122.98;112.38;187.39;108.74;240.39;220.97;170.17;139.97;261.02;125.25;173.46;1034.09;183.53;315.01;248.82;107.28;159.43;230.67;167.72
16/04/2026;102.52;128.02;115.78;95.92;97.02;98.67;87.78;87.78;104.93;110.4;266.21;408.02;141.76;345.01;69.92;161.63;133.96;92.56;99.59;91.7;92.25;130.69;103.61;123.12;112.51;187.56;109.01;240.95;220.84;170.85;140.28;264.31;128.13;175.64;1034.51;183.4;316.09;249.01;109.12;160.85;230.55;167.95
17/04/2026;102.99;127.66;115.45;96.59;97.45;99.13;88.2;88.2;105.17;111.04;266.92;409.33;142.41;347.25;70.06;162.92;134.47;92.91;99.93;92.12;92.65;132.21;104.15;124.02;113.35;188.95;109.94;245.96;224.31;172.17;141.64;262.94;126.87;176.54;1047.12;186.22;319.15;252.36;108.35;160.15;234.54;170.09
20/04/2026;102.86;128.25;115.99;96.39;97.5;99.05;88.12;88.12;105.25;110.97;266.95;410.24;142.16;346.81;70.03;162.53;134.35;92.83;99.86;91.99;92.53;131.7;103.95;123.67;113.03;188.5;109.91;244.03;223.09;172.26;141.37;264.18;128.02;177.13;1041.16;184.91;319.25;251.45;109.14;160.05;232.38;169.48
21/04/2026;102.71;128.53;116.24;96.15;97.41;98.85;87.94;87.94;105.29;110.98;266.96;409.94;141.82;345.99;69.99;162.08;134.2;92.73;99.77;91.97;92.41;130.96;103.51;123.2;112.58;187.73;109.58;242.8;221.88;171.34;140.45;266.62;128.2;177.08;1033.51;183.29;317.78;249.89;109.8;158.87;230.63;168.37
22/04/2026;102.65;128.84;116.52;96.12;97.54;98.81;87.91;87.91;105.31;110.94;267;411.36;142.07;346.16;69.97;162.1;134.15;92.69;99.59;91.97;92.35;131.72;103.47;123.21;112.59;188.26;109.88;241.88;221.52;172.61;141.18;266.24;127.18;178.14;1029.33;182.83;321.72;252.21;111.54;157.97;229.62;169.33
23/04/2026;102.59;128.65;116.34;96.07;97.27;98.73;87.83;87.83;105.36;110.46;266.84;410.69;142.28;345.32;69.95;162.01;134.06;92.63;99.49;91.86;92.32;130.94;103.18;123.07;112.46;187.98;109.73;242.33;222.58;172.2;140.75;265.07;125.91;178.57;1027.74;182.98;320.31;250.88;110.92;156.46;229.52;168.6
24/04/2026;102.62;128.59;116.29;96.13;97.28;98.72;87.83;87.83;105.31;110.3;266.82;410.64;142.61;345.15;69.95;162.14;133.99;92.58;99.44;91.78;92.35;131.67;103.11;123.29;112.66;188.27;109.95;240.76;221.38;173.03;141.41;266.44;126.08;177.68;1020.82;182.12;323.48;253.34;110.81;155.99;228.49;169.48
27/04/2026;102.5;128.38;116.1;95.89;97.02;98.63;87.74;87.74;105.44;110.1;266.85;409.07;142.44;344.69;69.94;161.61;133.93;92.54;99.38;91.7;92.25;131.6;103.17;123.14;112.52;188.28;109.76;240.92;221.43;172.87;141.49;268.61;125.29;177.75;1017.55;181.63;322.79;253.37;111.43;157.02;227.62;169.47
28/04/2026;102.28;128.5;116.21;95.62;96.87;98.45;87.58;87.58;105.48;109.79;266.48;409.29;142.25;343.89;69.87;161.19;133.74;92.41;99.21;91.47;92.06;130.79;103.03;122.77;112.19;187.84;109.08;241.56;222.62;172.52;140.97;267.53;124.24;178.21;1013.28;180.61;322.14;252.15;111.18;158.56;226.91;168.42
29/04/2026;102.04;128.57;116.28;95.29;96.45;98.18;87.35;87.35;105.5;109.28;266.25;408.61;142.18;343.22;69.79;160.59;133.59;92.31;99.09;91.4;91.85;130.39;102.69;122.48;111.92;187.76;108.96;241.55;221.96;172.35;140.81;267.85;126.2;177.3;1010.77;179.83;322.54;252.45;112.33;158.56;226.28;168.11
30/04/2026;102.36;128.25;115.99;95.84;96.66;98.39;87.53;87.53;105.51;109.08;266.23;408.32;142.9;343.83;69.85;161.65;133.67;92.36;99.15;91.48;92.11;131.24;103.22;122.94;112.35;188.94;109.7;242.89;223.87;173.82;142.04;264.85;124.45;176.43;1024.18;182.34;324.4;254.42;112.19;159.27;229.12;169.95
01/05/2026;102.36;128.25;115.99;95.84;96.66;98.39;87.53;87.53;105.51;109.08;266.23;408.32;142.9;343.83;69.85;161.65;133.67;92.36;99.15;91.48;92.11;131.24;103.22;122.94;112.35;188.94;109.7;242.89;223.87;173.82;142.04;264.85;124.45;176.43;1024.18;182.34;324.4;254.42;112.19;159.27;229.12;169.95
04/05/2026;102.21;128.25;115.99;95.58;96.7;98.25;87.41;87.41;105.65;109.19;266.54;409.25;142.53;343.91;69.84;161.01;133.73;92.4;99.19;91.52;91.98;131.36;102.95;122.51;111.95;188.34;109.29;240.41;221.05;173.48;141.57;271.69;126;176.82;1021.09;180.2;324.11;253.68;112.19;159.27;225.49;169.48
05/05/2026;102.29;128.25;115.99;95.72;96.71;98.33;87.48;87.48;105.68;109.13;266.55;410.27;143.09;344.63;69.86;161.43;133.81;92.46;99.26;91.55;92.05;132.47;103.23;122.79;112.21;189.55;110.01;244.04;224.88;174.56;142.44;271.81;125.57;177.48;1028.07;181.84;327.24;256.06;112.19;159.27;229.93;170.7
06/05/2026;102.75;128.35;116.07;96.36;97.29;98.76;87.86;87.86;105.94;110.14;267.36;411.3;143.48;346.88;70.01;162.64;134.32;92.81;99.78;92.06;92.39;134.23;103.94;123.83;113.15;191.91;111.25;249.78;229.61;176.42;144.37;278.44;126.5;178.81;1047.97;185.71;331.24;260.38;115.04;159.27;236.32;173.58
07/05/2026;102.73;128.38;116.1;96.39;97.18;98.77;87.87;87.87;105.98;110.39;267.45;410.3;143.05;346.56;70.03;162.67;134.26;92.77;99.75;92.12;92.39;134.22;103.89;123.77;113.1;191.22;111.03;248.66;227.66;175.63;143.9;281.27;128.22;180.04;1039.28;183.55;329.02;259;116.05;162.9;234.43;172.86
08/05/2026;102.73;128.44;116.16;96.37;97.16;98.78;87.88;87.88;105.97;110.21;267.3;410.57;143.35;346.7;70.02;162.68;134.28;92.78;99.78;92.1;92.38;134.95;103.81;123.78;113.11;191.54;111.48;249.09;227.89;176.31;144.48;279.82;127.68;180.4;1034.22;182.4;332.23;261.59;114.95;163.56;233.05;173.61
11/05/2026;102.59;128.53;116.24;96.13;96.8;98.63;87.75;87.75;106;109.77;267.2;410.07;143.29;346.41;69.99;162.16;134.28;92.78;99.75;92.03;92.27;135.18;103.9;123.96;113.27;191.68;111.68;249.57;228.97;176.61;144.76;281.56;127.63;179.59;1034.79;182.93;332.46;261.8;117.44;164.17;233.25;173.8
12/05/2026;102.29;129.03;116.69;95.7;96.57;98.36;87.51;87.51;105.91;109.52;266.77;410.15;142.95;345.18;69.93;161.32;134.1;92.66;99.55;91.79;92.04;133.97;103.57;123.17;112.55;190.56;110.64;246.81;226.25;176.72;144.49;278.93;127.8;179.38;1022.75;180.78;333.16;261.36;117.9;164.17;229.86;173.12
13/05/2026;102.37;129.45;117.07;95.76;96.81;98.38;87.52;87.52;105.99;109.78;266.82;411.02;143.25;345.08;69.95;161.37;134.14;92.69;99.56;91.78;92.1;135.09;103.8;123.59;112.94;191.71;111.33;249;228.39;178.04;145.3;280.6;128.64;179.4;1027.66;182.53;336.19;263.17;119.88;166.15;232.01;174.11
14/05/2026;102.37;129.45;117.07;95.76;96.81;98.38;87.52;87.52;105.99;109.78;266.82;411.02;143.25;345.08;69.95;161.37;134.14;92.69;99.56;91.78;92.1;135.09;103.8;123.59;112.94;191.71;111.33;249;228.39;178.04;145.3;280.6;128.64;179.4;1027.66;182.53;336.19;263.17;119.88;166.15;232.01;174.11
15/05/2026;102.15;129.84;117.43;95.34;96.44;98.09;87.27;87.27;105.93;109.27;266.58;410.65;142.44;342.47;69.93;160.58;133.61;92.32;99.04;91.45;91.93;134.05;103.31;122.7;112.12;190.84;110.29;249.49;227.18;178.1;144.65;276.87;126.29;179.81;1019.93;181.16;336.62;261.68;117.12;164.8;230.99;173.03
18/05/2026;102.22;129.86;117.44;95.43;96.43;98.1;87.28;87.28;105.84;109.02;266.33;409.36;142.86;341.69;69.94;160.73;133.63;92.33;99.03;91.41;91.98;133.99;103.14;122.68;112.11;190.96;110.1;251.19;228.33;178.01;144.69;276;124.89;178.94;1027.19;182;336.24;261.68;116.53;163.71;231.98;172.88
19/05/2026;102.06;130.26;117.8;95.2;96.33;97.96;87.15;87.15;105.73;108.73;266.13;409.31;142.21;340.35;69.91;160.25;133.47;92.22;98.83;91.19;91.87;133.46;102.79;122.23;111.69;190.36;109.57;249.8;227.19;177.95;144.21;273.55;125.81;178.78;1026.51;182.34;335.67;260.23;117.52;166.81;231.36;172.15
20/05/2026;102.46;130.13;117.68;95.88;96.95;98.36;87.51;87.51;105.78;109.43;266.35;410.43;143.14;341.93;70.01;161.67;133.8;92.45;99.09;91.5;92.2;134.76;103.41;123.09;112.48;192.15;110.72;253.63;230.69;179.07;145.3;273.17;125.05;178.1;1039.24;185.3;339.24;263.68;117.96;164.13;235.97;173.99
21/05/2026;102.43;130.57;118.08;95.84;97.17;98.33;87.48;87.48;105.8;109.74;266.38;411.7;142.97;342.18;70;161.42;133.75;92.42;98.92;91.53;92.17;134.7;103.51;123.12;112.5;192.27;111.05;253.59;230.87;179.71;145.58;279.07;123.27;178.65;1042.28;185.73;340.27;263.79;117.08;166.41;235.59;174.54
22/05/2026;102.7;130.58;118.09;96.24;97.36;98.54;87.67;87.67;105.87;109.99;266.6;412.3;143.29;342.79;70.05;162.23;133.85;92.48;99.04;91.76;92.38;135.2;103.76;123.81;113.13;193.14;111.98;255.82;232.34;180.45;146.22;280.86;124.06;178.46;1044.28;187.09;341.81;265.14;119.12;167.54;237.93;175.72
25/05/2026;102.7;130.58;118.09;96.24;97.36;98.54;87.67;87.67;105.87;109.99;266.6;412.3;143.29;342.79;70.05;162.23;133.85;92.48;99.04;91.76;92.38;135.2;103.76;123.81;113.13;193.14;111.98;255.82;232.34;180.45;146.22;280.86;124.06;178.46;1044.28;187.09;341.81;265.14;119.12;167.54;237.93;175.72
26/05/2026;103.04;130.64;118.14;96.67;97.69;98.83;87.93;87.93;106.06;110.45;267.06;413.08;143.58;344.17;70.15;163.03;134.17;92.71;99.35;92.06;92.65;136.33;104.5;124.66;113.93;194.33;113.58;258;233.96;180.99;146.93;285.34;124.51;179.6;1050.49;188.23;342.97;266.61;122.45;167.96;239.82;176.97
27/05/2026;103.04;130.87;118.35;96.69;97.68;98.9;87.99;87.99;106.17;110.41;267.4;414.28;143.59;345.22;70.18;163.01;134.29;92.79;99.52;92.24;92.66;136.21;104.37;124.79;114.06;194.34;113.3;256.87;232.63;180.71;146.77;287.85;122.91;178.89;1050.72;187.86;342.45;266.15;121.42;167.06;239.9;177.01
28/05/2026;103.16;130.76;118.25;96.85;97.71;99.01;88.08;88.08;106.23;110.4;267.5;414.44;143.79;345.9;70.21;163.29;134.42;92.88;99.65;92.36;92.76;136.71;104.47;124.94;114.2;194.92;113.61;258.32;233.96;180.98;147.15;285.61;121.32;178.67;1048.05;187.14;343.88;267.7;121.19;167.14;239.63;177.65
29/05/2026;103.31;130.8;118.29;97.05;97.86;99.11;88.17;88.17;106.53;110.54;267.86;415.03;143.79;347.01;70.26;163.64;134.66;93.04;99.87;92.62;92.92;137.83;104.89;125.22;114.46;195.18;114.03;259.21;234.65;181.19;147.49;288.76;121.86;178.17;1051.62;187.42;343.74;268.02;120.69;169.76;239.82;178.32
01/06/2026;103.03;131.5;118.92;96.59;97.86;98.85;87.95;87.95;106.66;110.96;267.92;416.81;143.39;346.99;70.21;162.65;134.53;92.95;99.79;92.48;92.66;138.45;104.57;124.64;113.89;195.12;113.94;258.2;233.56;182.09;147.76;292.77;123.17;177.82;1040.67;186.59;346.06;268.59;118.58;169.39;238.59;178.08
02/06/2026;103.18;131.28;118.73;96.8;97.89;98.96;88.04;88.04;106.82;111.16;268.28;416.74;143.77;347.67;70.25;163.09;134.69;93.07;99.95;92.65;92.79;139.19;104.78;125.14;114.39;195.99;115.11;261.87;237.23;182.29;148.18;294.48;126.44;176.92;1044.02;188.51;346.87;269.95;120.65;168.44;241.85;178.63
03/06/2026;102.96;131.35;118.79;96.42;97.68;98.77;87.87;87.87;106.81;110.84;268.21;417.03;143.37;346.97;70.21;162.3;134.53;92.96;99.81;92.47;92.61;137.84;104.66;124.91;114.16;195.18;114.81;259.17;235.17;181.77;147.47;294.98;124.82;176.29;1037.67;187.22;344.74;267.47;121.55;171.2;240.77;177.69
04/06/2026;103.04;131.12;118.57;96.49;97.55;98.83;87.93;87.93;106.79;110.61;268.09;416.84;143.28;347.31;70.22;162.39;134.57;92.98;99.84;92.55;92.68;137.48;104.73;125.01;114.26;195.67;114.59;259.6;235.55;182.03;147.87;290.61;123.24;176.48;1041.91;187.96;346.17;269.05;120.66;169.77;241.96;178.04
05/06/2026;102.97;131.87;119.25;96.37;97.66;98.65;87.76;87.76;106.9;110.57;268.23;417.65;142.89;345.91;70.2;162.11;134.32;92.81;99.64;92.38;92.62;135.34;103.96;124.5;113.77;192.87;112.61;257.88;234.4;179.56;145.15;285.81;122.78;176.86;1040.69;187.13;338.41;261.28;118.02;170.55;240.38;174.27
08/06/2026;102.85;131.7;119.11;96.2;97.52;98.57;87.69;87.69;106.84;110;267.9;417.23;142.71;345.06;70.18;161.85;134.22;92.74;99.53;92.22;92.52;135.66;103.76;124.4;113.68;192.96;112.7;259.38;236.49;179.73;145.13;277.95;120.85;175.17;1041.07;187.26;340.12;262.23;115.14;166.97;240.59;174.24
09/06/2026;102.97;131.68;119.09;96.31;97.68;98.64;87.76;87.76;106.92;110.39;268.1;417.41;142.84;345.78;70.22;162.02;134.34;92.82;99.65;92.31;92.63;135.43;103.81;124.45;113.72;192.62;112.67;259.06;236.55;179.1;144.82;285.42;121.1;174.64;1040.11;186.24;338.92;261.8;117.88;168.31;239.92;174.03
10/06/2026;102.8;131.53;118.95;96.11;97.58;98.55;87.68;87.68;106.93;110.38;268.11;417.21;142.65;345.33;70.18;161.68;134.25;92.76;99.53;92.22;92.49;134.62;103.31;124.15;113.45;191.41;111.64;258.41;236.12;177.38;143.31;279.35;120.97;174.6;1040.46;185.8;333.75;257.59;116.07;167.6;238.83;171.47
11/06/2026;102.96;131.88;119.26;96.38;98.05;98.74;87.85;87.85;106.93;111.04;268.19;420.36;143.05;346.8;70.21;162.23;134.59;93;99.88;92.31;92.63;135.6;103.76;124.59;113.85;193.11;112.77;260.53;238.43;179.7;144.92;280.28;120.11;174.52;1043.42;187.24;341.64;263.09;116.04;167.06;240.87;173.99
12/06/2026;103.23;131.59;119.01;96.75;98.27;98.99;88.07;88.07;107.1;111.72;268.65;420.23;143.22;348.28;70.3;162.78;134.92;93.22;100.19;92.73;92.87;136.48;104.44;125.52;114.73;195.17;113.71;265.71;242.73;180.25;145.86;286.52;121.84;174.88;1057.59;191.05;341.58;264.31;117.71;167.89;245.7;175.3
15/06/2026;103.51;131.37;118.8;97.09;98.43;99.23;88.28;88.28;107.41;112.33;269.38;420.8;143.47;349.68;70.39;163.36;135.36;93.52;100.61;93.02;93.1;137.97;105.2;125.95;115.13;197.07;114.7;268.45;244.05;181.94;147.55;292.82;122.55;176.83;1059.41;191.73;346.86;269.24;120.85;171.72;246.85;177.93
16/06/2026;103.59;131.52;118.94;97.22;98.51;99.33;88.37;88.37;107.45;112.39;269.46;420.84;143.47;349.77;70.41;163.69;135.33;93.51;100.63;93.1;93.17;137.87;105.18;126.14;115.3;196.77;114.44;269.74;245.71;181.37;147.11;293.93;120.86;177.12;1061.1;191.89;344.28;267.11;120.44;170.73;247.57;177.25
17/06/2026;103.54;131.75;119.15;97.27;98.62;99.27;88.32;88.32;107.47;112.63;269.37;420.53;143.46;348.85;70.38;163.78;135.21;93.42;100.53;93.09;93.11;137.52;105.21;125.92;115.1;196.41;114.45;270.14;246.15;180.31;146.07;295.56;120.45;177.02;1067.67;192.86;340.58;263.75;122.29;172.28;249.27;175.92
18/06/2026;103.48;132.84;120.13;97.27;99.15;99.26;88.31;88.31;107.45;112.67;269.37;424.85;143.21;349.3;70.37;163.84;135.19;93.41;100.51;93.07;93.06;138.47;105.47;125.96;115.13;197.23;115.58;269.67;246.34;182.51;146.91;299.43;119.7;178.99;1063.17;192.51;348.2;267.39;124.35;175.92;249.44;177.43
19/06/2026;103.26;132.84;120.13;96.88;98.96;99.11;88.17;88.17;107.44;112.65;269.23;425.02;142.78;348.92;70.32;162.99;135.17;93.4;100.55;92.98;92.88;137.99;105.42;125.75;114.94;197.08;115.23;269.93;246.98;182.51;146.91;299.1;119.7;178.75;1061.97;191.85;348.2;267.39;124.35;173.88;249.03;177.43
22/06/2026;103.41;133.03;120.3;97.13;99.18;99.18;88.24;88.24;107.48;112.89;269.48;425.56;143.07;348.6;70.37;163.44;135.23;93.44;100.63;93.03;93.01;138.15;105.56;125.96;115.13;197.22;115.99;269.33;246.92;182.61;146.62;301.71;120.05;180.59;1068.03;192.85;348.3;266.51;127.79;175.71;250.1;177.28
23/06/2026;103.41;133.03;120.3;97.13;99.18;99.18;88.24;88.24;107.48;112.89;269.48;425.56;143.07;348.6;70.37;163.44;135.23;93.44;100.63;93.03;93.01;138.15;105.56;125.96;115.13;197.22;115.99;269.33;246.92;182.61;146.62;301.71;120.05;180.59;1068.03;192.85;348.3;266.51;127.79;175.71;250.1;177.28
24/06/2026;103.72;133.61;120.83;97.57;100.05;99.46;88.48;88.48;107.52;113.1;269.57;429.64;143.24;348.68;70.43;164.39;135.18;93.4;100.56;93.16;93.25;136.69;104.74;125.97;115.14;194.47;114.88;263.22;241.78;181.52;144.75;293.39;118.78;181.27;1065.62;191.6;346.59;262.69;125.43;172.25;245.85;174.9
25/06/2026;103.8;133.42;120.66;97.64;99.95;99.52;88.54;88.54;107.57;113.34;269.68;428.55;143.5;348.85;70.46;164.42;135.3;93.48;100.66;93.26;93.33;137.01;105.02;126.37;115.51;195.15;115.6;263.4;242.2;181.37;144.94;296.49;117.06;180.78;1069.54;193.82;345.63;262.77;127.08;174.03;247.93;175.39
26/06/2026;103.8;133.21;120.47;97.63;99.84;99.57;88.58;88.58;107.53;113.45;269.56;427.56;143.53;348.6;70.47;164.42;135.32;93.5;100.68;93.27;93.33;136.85;104.78;126.39;115.53;194.23;114.97;260.74;239.77;180.78;144.66;288.66;114.11;181.13;1063.22;192.21;345.5;263.09;122.93;172.47;246.04;175.11
29/06/2026;103.77;133.13;120.39;97.6;99.63;99.56;88.57;88.57;107.58;113.23;269.64;426.9;143.6;348.92;70.46;164.35;135.35;93.52;100.73;93.28;93.3;137.07;104.94;126.31;115.45;195.05;114.83;260.19;239.35;181.73;145.72;288.23;115.73;179.81;1062.46;192.36;348.81;266.27;124.82;173.45;246.01;176.61
30/06/2026;103.83;133.05;120.32;97.59;99.49;99.53;88.55;88.55;107.6;113.08;269.72;426.28;143.58;348.72;70.49;164.25;135.37;93.53;100.73;93.3;93.35;137.63;105.09;126.34;115.49;196.49;115.45;262.79;241.58;182.67;146.58;290.59;115.65;180.91;1068.55;194.38;351.54;268.57;126.97;173.15;249.29;177.85
01/07/2026;103.8;133.19;120.45;97.51;99.51;99.51;88.53;88.53;107.58;113.24;269.62;427.08;143.66;348.14;70.51;163.95;135.31;93.49;100.62;93.22;93.32;137.4;104.97;126.26;115.41;195.74;114.92;263.7;241.28;182.97;146.41;290.77;115.65;182.21;1069.35;193.42;352.3;268.23;126.97;174.61;246.91;177.25
02/07/2026;103.79;132.76;120.07;97.43;99.23;99.55;88.56;88.56;107.53;113.2;269.5;425.31;143.38;348.15;70.53;163.75;135.41;93.56;100.73;93.22;93.31;137.47;105.06;126.61;115.73;196.09;114.66;266.91;244.41;183.05;146.84;284.12;115.79;182.6;1084.77;196.31;351.06;268.4;120.45;176.59;249.29;177.75
03/07/2026;103.73;132.87;120.16;97.32;99.29;99.48;88.51;88.51;107.53;113.47;269.52;424.98;143.16;347.86;70.52;163.5;135.35;93.52;100.7;93.19;93.27;137.92;105.28;126.6;115.72;197.06;115.08;269.37;246.36;183.05;146.84;289.63;117.21;183.29;1093.68;198.01;351.06;268.4;121.72;178.58;251.78;177.75
06/07/2026;103.78;133;120.28;97.31;99.43;99.53;88.54;88.54;107.63;113.6;269.98;427.06;143.15;348.8;70.55;163.4;135.55;93.66;100.9;93.23;93.3;138.23;105.55;126.6;115.72;197.39;115.16;269.58;246.99;184.44;147.79;290.07;118.72;183.46;1090.15;197.3;354.35;270.29;121.3;178.86;250.97;179.12
07/07/2026;103.61;132.74;120.04;97.06;99.14;99.36;88.4;88.4;107.65;113.54;270.04;425.15;142.92;347.73;70.52;162.84;135.47;93.6;100.85;93.09;93.18;137.35;105.03;126.43;115.57;195.94;114.11;265.74;244.32;183.63;147.26;284.51;117.63;182.74;1084.45;195.52;351.95;268.84;119.81;178.91;247.7;178.22
08/07/2026;103.14;132.96;120.24;96.36;98.78;98.91;88;88;107.45;112.93;269.36;424.67;142.33;346.6;70.39;161.45;135.12;93.36;100.56;92.68;92.78;136.4;104.41;125.67;114.85;194.53;112.78;262.52;242.05;182.9;146.43;283.58;120.8;182.32;1065.73;191.96;350.73;267.28;118.45;176.42;243.63;177.04
09/07/2026;103.32;132.82;120.12;96.61;98.89;99.1;88.17;88.17;107.54;113.11;269.64;424.33;142.72;347.05;70.44;162.08;135.32;93.5;100.72;92.75;92.93;137.42;104.9;125.95;115.1;195.96;113.67;264.59;244.22;183.7;147.3;283.33;120.23;182.14;1074.19;193.73;352.96;269.54;122.55;176.32;246.74;178.43
10/07/2026;103.38;133.24;120.5;96.73;99.24;99.15;88.21;88.21;107.58;113.71;269.74;425.07;142.85;347.33;70.45;162.35;135.41;93.56;100.8;92.81;92.97;137.6;105.01;126.03;115.17;196.28;113.94;265.59;245.05;184.45;147.76;285.73;120.34;182.71;1076.34;193.76;354.4;270.4;119;177.5;246.64;178.92
13/07/2026;103.17;133.32;120.57;96.46;98.99;98.91;88;88;107.55;113.5;269.66;424.75;142.62;346.52;70.4;161.79;135.2;93.42;100.63;92.66;92.79;136.85;104.66;125.9;115.06;195.45;113.3;266.61;246.04;183.87;147.15;279.83;119.83;181.06;1076.53;193.31;351.75;267.87;116.44;176.83;246.55;177.81
14/07/2026;103.11;132.98;120.26;96.38;98.8;98.91;87.99;87.99;107.38;113.12;269.41;423.46;142.79;346.66;70.37;161.72;135.27;93.46;100.68;92.51;92.73;137.25;104.89;125.81;114.98;195.94;113.48;266.9;246.08;183.86;147.47;279.71;120.54;180.19;1077.49;193.46;351.81;268.82;119.64;178.35;247.16;178.08
15/07/2026;103.09;133.23;120.42;96.3;98.96;98.97;88.05;88.05;107.44;113.33;269.58;424.15;142.59;346.96;70.37;161.52;135.33;92.72;100.77;92.49;92.71;137.13;104.94;125.68;114.6;195.92;113.31;265.19;244.04;184.5;147.87;284.69;121.83;179.83;1078.82;193.44;353.66;270.08;119.38;179.76;246.42;178.67
16/07/2026;103.02;133.17;120.37;96.16;98.81;98.86;87.95;87.95;107.34;113.1;269.4;423.58;142.44;346.67;70.35;161.22;135.22;92.64;100.67;92.43;92.65;136.51;104.64;125.63;114.56;195.55;113.27;264.86;243.46;183.96;147.51;280.9;122.78;181.16;1076.97;193.65;351.92;268.9;116.25;177.65;246.78;177.84
17/07/2026;102.98;133.07;120.27;96.15;98.66;98.79;87.89;87.89;107.28;112.54;269.02;423.3;142.54;346.34;70.32;161.22;135.09;92.55;100.56;92.4;92.6;135.66;104.29;125.43;114.37;194.24;112.65;262.92;241.73;182.57;146.37;274.97;119.48;180.16;1075.37;192.3;348.22;265.94;110.99;173.98;244.84;176.19
20/07/2026;102.92;133.6;120.75;96.04;98.76;98.7;87.81;87.81;107.22;112.97;268.91;424.27;142.53;346.07;70.33;161.04;135.15;92.59;100.61;92.37;92.56;135.67;104.28;125.23;114.19;194.12;112.52;262.44;241.98;182.5;145.99;275.16;122.76;178.84;1072.97;191.85;348.41;265.29;112.63;173.98;244.61;175.61
21/07/2026;102.87;133.61;120.76;95.96;98.71;98.58;87.7;87.7;107.21;113.04;268.94;423.88;142.36;345.7;70.32;160.85;135.08;92.55;100.53;92.32;92.52;136.51;104.58;125.41;114.35;195.25;113.14;263.79;243.46;183.77;147.06;280.64;123.49;179.06;1074.72;193.33;351.17;267.31;117.5;177.26;247.06;177.26
22/07/2026;102.79;133.51;120.67;95.89;98.51;98.52;87.65;87.65;107.19;112.84;268.94;422.91;142.26;345.03;70.29;160.79;134.98;92.48;100.43;92.23;92.44;136.39;104.63;125.58;114.51;195.79;113.23;265.84;245.61;183.76;147.1;280.93;121.89;177.1;1080.77;194.2;350.81;267.2;116.63;177;248.7;177.2
23/07/2026;102.58;133.99;121.1;95.59;98.39;98.14;87.31;87.31;106.89;112.34;268.22;422.19;142.04;343.19;70.22;160.23;134.55;92.18;100.06;91.96;92.27;135.48;104.15;124.94;113.92;194.16;112.77;259.58;239.43;182.58;145.83;284.21;123.44;178.82;1067.8;191.93;346.7;262.9;117.52;177.62;244.55;175.29
24/07/2026;102.68;133.85;120.98;95.8;98.59;98.31;87.46;87.46;106.79;112.59;267.96;421.79;142.12;343.09;70.24;160.77;134.61;92.22;99.99;91.98;92.36;135.5;104.39;125.21;114.17;194.65;112.97;261.24;241.23;182.9;146.14;277.68;121.64;178.17;1072.66;193.82;346.83;263.2;115.43;176;246.94;175.33
27/07/2026;102.92;134.09;121.19;96.13;99;98.56;87.68;87.68;106.87;112.99;267.85;423.31;142.2;344.11;70.31;161.31;134.8;92.35;100.15;92.22;92.56;135.6;104.5;125.43;114.37;194.41;113.35;261.65;241.92;183.4;146.48;280.13;123.11;178.4;1073.9;193.41;346.88;262.97;117.24;179.57;246.01;175.82
28/07/2026;103.02;133.89;121.01;96.31;99.05;98.72;87.83;87.83;106.76;112.79;267.54;423.27;142.35;344.5;70.35;161.62;134.82;92.36;100.16;92.29;92.64;135.42;104.25;125.88;114.78;194.56;113.33;260.28;240.22;183.42;146.66;270.85;122.87;178.74;1080.26;193.75;347.25;263.59;112.77;175.88;245.83;176.14
29/07/2026;102.75;133.92;121.04;95.96;98.84;98.5;87.63;87.63;106.49;112.5;266.88;422.16;142.18;343.44;70.28;160.95;134.69;92.28;100.08;92.15;92.41;134.77;103.89;125.47;114.4;193.55;112.68;259.39;239.26;181.83;145.36;267.66;125.3;179.64;1077.04;193.17;342.07;259.5;113.33;177.38;244.73;174.02
30/07/2026;102.83;132.78;120.01;96.01;98.41;98.61;87.73;87.73;106.58;112.36;267.26;416.91;142.28;342.79;70.31;161.1;134.79;92.35;100.18;92.05;92.48;135.54;104.3;125.47;114.41;195.05;113.19;262.7;242.01;182.62;146.78;266.04;124;179.99;1081.21;195.01;344;263.73;110.47;179.28;248.53;175.88
31/07/2026;102.68;132.95;120.16;95.81;98.37;98.39;87.53;87.53;106.65;112.41;267.43;416.95;141.94;342.87;70.29;160.69;134.76;92.32;100.18;92.01;92.37;135.77;104.31;125.24;114.2;195.38;113;262.91;242.34;183.46;147.44;280.08;124.39;179.61;1078.52;195.19;346.47;265.7;111.87;180.38;248.53;176.57
03/08/2026;102.97;132.73;119.96;96.23;98.71;98.71;87.82;87.82;106.81;112.53;267.71;418.38;142.26;344.28;70.38;161.45;135.09;92.55;100.5;92.3;92.6;136.77;104.71;125.97;114.86;196.47;113.7;265.83;245.15;185.14;148.78;277.81;125.02;181.46;1085.39;195.61;351.58;269.83;110.01;181.28;250.52;178.33
04/08/2026;103.23;132.79;120.01;96.52;98.88;98.99;88.06;88.06;106.9;112.81;267.97;419.8;142.58;345.72;70.46;161.98;135.36;92.74;100.77;92.48;92.82;137.89;105.14;126.8;115.62;198.09;114.7;268.71;247.83;187.41;150.72;278.17;124.8;182.33;1090.86;196.97;356.77;273.84;112.51;180.01;252.7;181.08
05/08/2026;103.24;132.49;119.75;96.53;98.84;99.02;88.1;88.1;106.93;112.95;268.12;419.25;142.5;346.16;70.47;161.97;135.43;92.78;100.86;92.54;92.83;137.89;105.26;126.94;115.75;197.93;114.92;269.12;247.64;187.14;150.75;282.43;125.57;182.21;1096.39;197.35;355.52;273.62;114.63;183.17;252.4;181.02
06/08/2026;103.13;132.65;119.9;96.37;98.76;98.88;87.97;87.97;107.01;113.11;268.16;419.1;142.22;345.43;70.46;161.68;135.32;92.71;100.81;92.49;92.75;137.67;105.22;126.81;115.62;198.08;114.82;270.12;248.83;187.13;150.61;278.83;124.43;181.92;1100.28;197.55;355.48;273.13;114.49;183.05;253.49;180.95
07/08/2026;103.19;132.55;119.8;96.42;98.81;98.97;88.05;88.05;107.05;113.29;268.34;419.07;142.63;345.95;70.48;161.78;135.44;92.79;100.86;92.57;92.8;138.17;105.38;127.4;116.21;198.47;115.25;269.81;248.9;187.92;151.36;278.51;125.03;181.88;1104.19;198.01;357.65;275.24;116.32;183.89;253.82;182.02
10/08/2026;103.03;132.68;119.92;96.13;98.56;98.79;87.89;87.89;107.1;113.35;268.51;418.32;142.34;345.24;70.45;161.21;135.4;92.77;100.84;92.49;92.66;138.05;105.28;127.16;115.95;198.45;115.04;268.57;248.4;187.96;151.4;280.1;126.2;182.54;1100.45;198.35;357.22;274.79;116.42;184.59;253.75;181.77
11/08/2026;103.1;132.75;119.98;96.2;98.62;98.85;87.94;87.94;107.05;113.17;268.28;418.28;142.51;344.96;70.46;161.35;135.34;92.72;100.85;92.4;92.73;137.91;105.25;127.11;115.9;198.33;115.19;269.21;248.69;187.76;151.17;279.76;124.7;182.25;1099.07;198.45;356.69;274.21;114.83;184.59;254.22;181.4
12/08/2026;103.12;132.8;120.02;96.2;98.64;98.86;87.95;87.95;107.06;113.22;268.14;418.33;142.6;344.99;70.47;161.37;135.39;92.76;100.87;92.45;92.73;138.02;105.47;127.19;115.97;198.51;115.33;268.91;248.66;188.09;151.42;282.4;123.91;183.95;1103.89;197.67;357.44;274.7;116.19;186.23;253.86;181.74
13/08/2026;103.22;132.85;120.08;96.39;98.8;99.03;88.1;88.1;107.15;113.24;268.29;419.48;142.83;345.97;70.49;161.7;135.53;92.85;101.01;92.58;92.82;138.49;105.67;127.42;116.21;199.08;115.61;268.79;248.47;188.96;152.14;284.48;122.95;183.35;1103.71;197.89;359.52;276.31;115.61;187.5;254.16;182.58
14/08/2026;103.01;132.49;119.75;95.99;98.32;98.83;87.92;87.92;107.14;112.88;268.4;417.45;142.23;345.43;70.47;160.92;135.36;92.74;100.81;92.4;92.66;138.08;105.56;127.28;116.05;198.84;115.34;269.01;248.17;188.28;151.92;284.63;121.56;181.21;1104.85;197.15;357.89;275.95;115.15;188.23;253.59;182.22
17/08/2026;102.96;132.5;119.76;95.85;98.14;98.75;87.86;87.86;107.17;112.83;268.41;416.26;142.26;344.62;70.47;160.68;135.28;92.68;100.78;92.31;92.62;137.94;105.49;127.06;115.85;198.49;114.96;268.26;248.05;187.43;151.29;285.88;123.25;181.25;1101.65;196.77;355.33;274.03;117.77;186.76;253.32;181.36
18/08/2026;102.74;132.53;119.78;95.54;97.98;98.63;87.75;87.75;107.03;112.66;267.99;415.44;141.94;343.79;70.4;160.17;135.17;92.6;100.64;92.06;92.43;136.91;105.1;126.71;115.54;197.32;114.23;265.13;245.63;186.24;150.31;283.21;123.35;181.08;1094.61;195.26;353.08;272.18;117.2;184.51;250.41;179.84
19/08/2026;102.72;131.71;119.04;95.56;97.83;98.68;87.79;87.79;107.06;112.51;268.11;414.21;141.86;345.13;70.39;160.26;135.24;92.65;100.69;92.07;92.4;136.93;104.84;126.98;115.78;197.08;114.13;263.35;243.92;185.24;150.19;277.53;121.92;180.62;1091.42;194.93;351.74;273.12;111.79;179.18;249.1;179.8
20/08/2026;102.74;131.68;119.02;95.55;97.59;98.62;87.73;87.73;107.03;112.24;268.14;412.3;141.81;344.15;70.4;160.23;135.09;92.55;100.53;92;92.43;136.68;104.83;126.78;115.6;196.58;113.89;263.16;244.02;184.05;149.41;281.52;122.76;180.96;1089.03;194.96;348.21;270.87;112.28;181.05;248.47;178.59
21/08/2026;102.75;131.82;119.14;95.5;97.7;98.59;87.71;87.71;107.01;112.7;268.14;412.52;141.73;344.01;70.41;160.15;135.13;92.58;100.57;92;92.43;136.83;104.85;127.09;115.88;196.96;114.21;263.38;243.89;184.92;150.01;284.86;123.99;182.88;1094.65;196.19;349.82;271.79;113.53;181.3;249.66;179.47
24/08/2026;102.74;131.9;119.22;95.52;97.83;98.64;87.75;87.75;107.05;112.81;268.25;413.28;141.68;344.41;70.41;160.17;135.21;92.64;100.64;92.06;92.43;136.59;104.8;127.11;115.9;196.74;114.2;262.51;243.26;184.58;149.7;281.03;121.73;183.89;1096.59;195.88;348.99;270.98;111.36;181.72;249.37;178.98
25/08/2026;102.94;131.93;119.25;95.87;98.12;98.9;87.98;87.98;107.14;112.96;268.41;414.69;142.26;345.66;70.46;160.86;135.38;92.75;100.77;92.22;92.61;137.04;105.14;127.38;116.15;197.02;114.52;263.53;244;185.13;150.17;282.3;121.81;184.19;1102.26;196.5;350.09;271.91;110.86;182.59;249.95;179.71
26/08/2026;102.81;132.15;119.44;95.71;98.12;98.79;87.89;87.89;107.13;113.03;268.54;415.41;141.93;345.54;70.44;160.54;135.32;92.71;100.84;92.19;92.5;137.07;105.16;127.41;116.17;197.03;114.54;264.05;244.34;185.35;150.16;284.67;123.19;185.49;1102.1;196.43;350.48;271.59;112.28;183.49;250.32;179.67
27/08/2026;102.73;132.04;119.34;95.58;98.03;98.72;87.83;87.83;107.14;112.62;268.53;415.6;141.9;345.66;70.42;160.33;135.31;92.7;100.83;92.14;92.45;137.38;105.12;127.26;116.04;197.09;114.41;262.17;242.14;186.05;150.69;285.58;122.94;185.78;1098.39;194.76;352.91;273.41;113.83;184.24;248.32;180.36
28/08/2026;102.57;132.21;119.49;95.41;97.91;98.5;87.63;87.63;107.19;112.3;268.62;416.21;141.72;345.45;70.38;160.08;135.2;92.63;100.76;92.07;92.31;137.25;104.98;127;115.8;197.15;114.28;263.62;243.43;186.14;150.54;285.92;123.24;185.88;1100.26;195.81;352.75;272.7;113.31;185.28;250.05;180.14
31/08/2026;102.44;132.3;119.58;95.17;97.82;98.38;87.53;87.53;107.17;112.12;268.54;415.94;141.37;345.03;70.36;159.57;135.17;92.61;100.73;91.99;92.22;136.97;104.92;126.74;115.57;196.81;113.89;263.48;243.45;185.57;150.04;285.75;123.21;184.37;1096.42;194.4;350.35;270.6;113.64;186.36;248.31;179.43
01/09/2026;102.2;132.54;119.79;94.94;97.74;98.19;87.36;87.36;107.11;112.33;268.21;415.25;141.26;343.86;70.29;159.38;135.02;92.5;100.6;91.73;92;136.22;104.73;126.3;115.16;196.17;113.38;259.98;240.57;184.71;149.19;287.19;122.46;184.85;1087.47;193.23;348.52;268.72;112.78;186.99;246.44;178.37
02/09/2026;102.08;132.54;119.8;94.77;97.81;98.13;87.31;87.31;106.95;112.61;267.88;415.7;141.01;344.04;70.24;158.97;135.02;92.51;100.6;91.57;91.89;136.24;104.57;126.36;115.22;196.34;113.37;258.83;239.75;185.1;149.41;283.44;121.77;185.21;1082.65;192.89;349.86;269.67;111.09;183.64;246;178.69
03/09/2026;102.25;132.41;119.67;95.12;98.25;98.36;87.51;87.51;106.93;112.94;267.9;415.91;141.64;344.75;70.27;159.45;135.24;92.66;100.83;91.79;92.01;137.08;105.02;126.9;115.71;197.14;113.92;260.5;241.65;186.66;150.71;283.3;121.07;185.97;1090.26;193.96;353.37;272.92;110.82;187.81;247.27;180.22
04/09/2026;102.31;132.6;119.85;95.18;98.34;98.34;87.49;87.49;107;113.2;268.05;416.34;141.66;345.04;70.3;159.54;135.19;92.62;100.78;91.84;92.07;137.13;104.94;126.9;115.71;197.15;113.95;260.85;241.21;186.22;150.37;286.83;122.61;187.34;1089.47;194.05;352.39;272.07;110.34;187.31;248.09;179.86
07/09/2026;102.13;132.45;119.72;94.95;98.26;98.24;87.4;87.4;106.97;113.01;267.9;415.49;141.29;344.7;70.26;159.02;135.1;92.56;100.7;91.81;91.92;137.24;104.98;126.82;115.63;197.27;113.93;261.58;241.66;186.22;150.37;291.07;121.49;185.53;1087.73;194.33;352.39;272.07;112;189.76;248.77;179.86
08/09/2026;102.13;132.45;119.72;94.95;98.26;98.24;87.4;87.4;106.97;113.01;267.9;415.49;141.29;344.7;70.26;159.02;135.1;92.56;100.7;91.81;91.92;137.24;104.98;126.82;115.63;197.27;113.93;261.58;241.66;186.22;150.37;291.07;121.49;185.53;1087.73;194.33;352.39;272.07;112;189.76;248.77;179.86
